user_id,product_id,action,query,timestamp
100,0,search,coding,2026-04-15 13:47:12
100,11,view,,2026-04-15 13:47:42
100,11,click,,2026-04-15 13:47:50
100,60,view,,2026-04-15 13:48:09
100,60,click,,2026-04-15 13:48:20
100,30,view,,2026-04-15 13:48:33
101,0,search,photography,2026-04-18 21:41:12
101,30,view,,2026-04-18 21:42:05
101,11,view,,2026-04-18 21:42:21
101,11,click,,2026-04-18 21:42:50
101,50,view,,2026-04-18 21:43:13
101,50,click,,2026-04-18 21:43:22
101,3,view,,2026-04-18 21:44:00
101,3,click,,2026-04-18 21:44:11
101,3,add_to_cart,,2026-04-18 21:44:33
102,0,search,tech,2026-04-19 19:39:12
102,1,view,,2026-04-19 19:39:43
102,1,click,,2026-04-19 19:40:02
102,1,add_to_cart,,2026-04-19 19:41:04
102,1,purchase,,2026-04-19 19:46:04
102,10,view,,2026-04-19 19:46:18
102,10,click,,2026-04-19 19:46:31
102,10,add_to_cart,,2026-04-19 19:47:52
102,10,purchase,,2026-04-19 19:51:52
102,70,view,,2026-04-19 19:52:17
102,11,view,,2026-04-19 19:53:04
102,11,click,,2026-04-19 19:53:29
103,0,search,apple,2026-04-17 21:34:12
103,60,view,,2026-04-17 21:34:40
103,60,click,,2026-04-17 21:34:56
103,10,view,,2026-04-17 21:35:26
103,10,click,,2026-04-17 21:35:49
103,50,view,,2026-04-17 21:36:32
103,80,view,,2026-04-17 21:36:45
103,80,click,,2026-04-17 21:37:02
103,100,view,,2026-04-17 21:37:45
104,0,search,tech,2026-04-19 02:17:12
104,80,view,,2026-04-19 02:17:41
104,40,view,,2026-04-19 02:18:31
104,40,click,,2026-04-19 02:18:49
104,40,add_to_cart,,2026-04-19 02:19:27
104,40,purchase,,2026-04-19 02:24:27
104,50,view,,2026-04-19 02:25:26
104,50,click,,2026-04-19 02:25:54
104,90,view,,2026-04-19 02:26:53
105,0,search,photography,2026-04-18 22:52:12
105,10,view,,2026-04-18 22:52:32
105,10,click,,2026-04-18 22:52:50
105,4,view,,2026-04-18 22:53:48
105,4,click,,2026-04-18 22:54:18
105,80,view,,2026-04-18 22:54:37
105,80,click,,2026-04-18 22:54:57
105,40,view,,2026-04-18 22:55:20
105,40,click,,2026-04-18 22:55:39
105,90,view,,2026-04-18 22:56:02
105,90,click,,2026-04-18 22:56:22
106,0,search,fashion,2026-04-15 07:56:12
106,3,view,,2026-04-15 07:56:32
106,11,view,,2026-04-15 07:57:01
106,11,click,,2026-04-15 07:57:06
106,11,add_to_cart,,2026-04-15 07:58:27
106,100,view,,2026-04-15 07:58:49
106,100,click,,2026-04-15 07:59:15
106,4,view,,2026-04-15 07:59:59
106,4,click,,2026-04-15 08:00:29
107,0,search,apple,2026-04-16 23:23:12
107,60,view,,2026-04-16 23:24:09
107,100,view,,2026-04-16 23:25:08
107,100,click,,2026-04-16 23:25:29
107,3,view,,2026-04-16 23:26:07
107,3,click,,2026-04-16 23:26:13
107,10,view,,2026-04-16 23:27:10
107,10,click,,2026-04-16 23:27:15
108,0,search,tech,2026-04-18 07:06:12
108,40,view,,2026-04-18 07:06:42
108,40,click,,2026-04-18 07:06:56
108,70,view,,2026-04-18 07:07:41
108,10,view,,2026-04-18 07:07:53
108,10,click,,2026-04-18 07:08:23
108,10,add_to_cart,,2026-04-18 07:08:46
108,10,purchase,,2026-04-18 07:11:46
108,30,view,,2026-04-18 07:12:46
108,30,click,,2026-04-18 07:12:53
108,30,add_to_cart,,2026-04-18 07:14:06
108,30,purchase,,2026-04-18 07:15:06
108,100,view,,2026-04-18 07:15:35
108,100,click,,2026-04-18 07:16:05
109,0,search,home office,2026-04-18 16:20:12
109,50,view,,2026-04-18 16:20:30
109,50,click,,2026-04-18 16:20:54
109,2,view,,2026-04-18 16:21:23
109,30,view,,2026-04-18 16:22:07
109,30,click,,2026-04-18 16:22:16
110,0,search,photography,2026-04-16 23:54:12
110,70,view,,2026-04-16 23:54:48
110,70,click,,2026-04-16 23:54:55
110,3,view,,2026-04-16 23:55:42
110,3,click,,2026-04-16 23:55:48
110,100,view,,2026-04-16 23:56:47
110,40,view,,2026-04-16 23:57:20
110,40,click,,2026-04-16 23:57:29
111,0,search,apple,2026-04-16 20:55:12
111,70,view,,2026-04-16 20:56:03
111,4,view,,2026-04-16 20:56:32
111,4,click,,2026-04-16 20:56:40
111,30,view,,2026-04-16 20:57:21
111,60,view,,2026-04-16 20:57:42
111,60,click,,2026-04-16 20:58:08
111,90,view,,2026-04-16 20:58:55
111,90,click,,2026-04-16 20:59:13
112,0,search,laptop,2026-04-18 11:32:12
112,11,view,,2026-04-18 11:32:52
112,11,click,,2026-04-18 11:33:12
112,1,view,,2026-04-18 11:33:31
112,4,view,,2026-04-18 11:34:06
112,4,click,,2026-04-18 11:34:26
112,4,add_to_cart,,2026-04-18 11:35:25
112,90,view,,2026-04-18 11:35:50
112,50,view,,2026-04-18 11:36:39
112,50,click,,2026-04-18 11:36:59
113,0,search,laptop,2026-04-16 17:26:12
113,11,view,,2026-04-16 17:27:05
113,11,click,,2026-04-16 17:27:20
113,50,view,,2026-04-16 17:27:47
113,50,click,,2026-04-16 17:28:15
113,10,view,,2026-04-16 17:29:10
113,10,click,,2026-04-16 17:29:27
113,10,add_to_cart,,2026-04-16 17:30:13
113,30,view,,2026-04-16 17:30:33
113,30,click,,2026-04-16 17:30:40
113,3,view,,2026-04-16 17:31:07
114,0,search,photography,2026-04-14 23:33:12
114,70,view,,2026-04-14 23:33:59
114,70,click,,2026-04-14 23:34:11
114,50,view,,2026-04-14 23:34:55
114,30,view,,2026-04-14 23:35:45
114,4,view,,2026-04-14 23:36:07
115,0,search,photography,2026-04-15 23:53:12
115,2,view,,2026-04-15 23:53:38
115,2,click,,2026-04-15 23:54:03
115,40,view,,2026-04-15 23:54:26
115,30,view,,2026-04-15 23:55:12
115,30,click,,2026-04-15 23:55:39
115,30,add_to_cart,,2026-04-15 23:57:00
116,0,search,photography,2026-04-15 19:08:12
116,10,view,,2026-04-15 19:08:46
116,100,view,,2026-04-15 19:09:41
116,100,click,,2026-04-15 19:10:11
116,11,view,,2026-04-15 19:10:53
116,11,click,,2026-04-15 19:11:14
116,1,view,,2026-04-15 19:12:04
116,2,view,,2026-04-15 19:12:18
117,0,search,tech,2026-04-16 21:23:12
117,100,view,,2026-04-16 21:23:57
117,100,click,,2026-04-16 21:24:14
117,60,view,,2026-04-16 21:25:05
117,3,view,,2026-04-16 21:25:19
117,3,click,,2026-04-16 21:25:48
117,4,view,,2026-04-16 21:26:47
117,2,view,,2026-04-16 21:27:39
117,2,click,,2026-04-16 21:28:02
117,2,add_to_cart,,2026-04-16 21:28:36
118,0,search,apple,2026-04-16 12:02:12
118,11,view,,2026-04-16 12:02:24
118,11,click,,2026-04-16 12:02:54
118,11,add_to_cart,,2026-04-16 12:03:31
118,70,view,,2026-04-16 12:04:27
118,70,click,,2026-04-16 12:04:55
118,70,add_to_cart,,2026-04-16 12:06:23
118,70,purchase,,2026-04-16 12:07:23
118,3,view,,2026-04-16 12:07:55
118,100,view,,2026-04-16 12:08:20
118,100,click,,2026-04-16 12:08:40
119,0,search,apple,2026-04-19 07:30:12
119,70,view,,2026-04-19 07:31:01
119,70,click,,2026-04-19 07:31:19
119,50,view,,2026-04-19 07:32:11
119,3,view,,2026-04-19 07:32:49
119,3,click,,2026-04-19 07:33:12
119,40,view,,2026-04-19 07:33:59
119,40,click,,2026-04-19 07:34:04
119,40,add_to_cart,,2026-04-19 07:34:31
120,0,search,home office,2026-04-16 14:38:12
120,80,view,,2026-04-16 14:38:23
120,2,view,,2026-04-16 14:38:53
120,2,click,,2026-04-16 14:39:15
120,40,view,,2026-04-16 14:39:57
120,40,click,,2026-04-16 14:40:22
121,0,search,laptop,2026-04-17 00:07:12
121,90,view,,2026-04-17 00:07:38
121,60,view,,2026-04-17 00:08:04
121,60,click,,2026-04-17 00:08:17
121,2,view,,2026-04-17 00:08:45
122,0,search,fashion,2026-04-19 01:36:12
122,11,view,,2026-04-19 01:36:52
122,11,click,,2026-04-19 01:37:13
122,11,add_to_cart,,2026-04-19 01:37:43
122,11,purchase,,2026-04-19 01:40:43
122,10,view,,2026-04-19 01:41:39
122,100,view,,2026-04-19 01:42:36
123,0,search,algorithms,2026-04-15 15:52:12
123,10,view,,2026-04-15 15:52:32
123,70,view,,2026-04-15 15:53:05
123,70,click,,2026-04-15 15:53:29
123,70,add_to_cart,,2026-04-15 15:54:28
123,50,view,,2026-04-15 15:55:18
123,50,click,,2026-04-15 15:55:36
124,0,search,tech,2026-04-19 04:29:12
124,70,view,,2026-04-19 04:30:09
124,1,view,,2026-04-19 04:30:59
124,1,click,,2026-04-19 04:31:24
124,1,add_to_cart,,2026-04-19 04:32:16
124,1,purchase,,2026-04-19 04:33:16
124,80,view,,2026-04-19 04:33:46
124,80,click,,2026-04-19 04:34:13
124,80,add_to_cart,,2026-04-19 04:34:39
124,80,purchase,,2026-04-19 04:36:39
124,60,view,,2026-04-19 04:37:23
124,60,click,,2026-04-19 04:37:37
124,100,view,,2026-04-19 04:38:07
124,100,click,,2026-04-19 04:38:17
125,0,search,photography,2026-04-15 17:50:12
125,90,view,,2026-04-15 17:50:55
125,90,click,,2026-04-15 17:51:20
125,50,view,,2026-04-15 17:52:13
125,50,click,,2026-04-15 17:52:27
125,50,add_to_cart,,2026-04-15 17:52:55
125,2,view,,2026-04-15 17:53:54
125,70,view,,2026-04-15 17:54:46
125,70,click,,2026-04-15 17:55:13
125,70,add_to_cart,,2026-04-15 17:56:05
125,11,view,,2026-04-15 17:56:39
125,11,click,,2026-04-15 17:57:07
126,0,search,fashion,2026-04-16 18:30:12
126,90,view,,2026-04-16 18:30:22
126,11,view,,2026-04-16 18:30:50
126,70,view,,2026-04-16 18:31:19
126,80,view,,2026-04-16 18:32:13
126,80,click,,2026-04-16 18:32:31
126,80,add_to_cart,,2026-04-16 18:33:10
127,0,search,photography,2026-04-17 11:18:12
127,11,view,,2026-04-17 11:18:51
127,70,view,,2026-04-17 11:19:37
127,70,click,,2026-04-17 11:19:52
127,4,view,,2026-04-17 11:20:48
127,2,view,,2026-04-17 11:21:29
127,2,click,,2026-04-17 11:21:42
128,0,search,tech,2026-04-16 19:57:12
128,50,view,,2026-04-16 19:57:49
128,50,click,,2026-04-16 19:58:18
128,50,add_to_cart,,2026-04-16 19:58:38
128,10,view,,2026-04-16 19:59:07
128,10,click,,2026-04-16 19:59:21
128,4,view,,2026-04-16 19:59:35
129,0,search,home office,2026-04-17 09:35:12
129,4,view,,2026-04-17 09:35:22
129,4,click,,2026-04-17 09:35:49
129,4,add_to_cart,,2026-04-17 09:36:48
129,100,view,,2026-04-17 09:37:05
129,100,click,,2026-04-17 09:37:19
129,100,add_to_cart,,2026-04-17 09:37:56
129,50,view,,2026-04-17 09:38:50
129,50,click,,2026-04-17 09:39:16
129,10,view,,2026-04-17 09:40:10
129,10,click,,2026-04-17 09:40:23
129,40,view,,2026-04-17 09:40:41
129,40,click,,2026-04-17 09:40:53
129,40,add_to_cart,,2026-04-17 09:41:46
130,0,search,algorithms,2026-04-16 07:20:12
130,70,view,,2026-04-16 07:20:50
130,70,click,,2026-04-16 07:21:08
130,11,view,,2026-04-16 07:21:33
130,60,view,,2026-04-16 07:22:04
130,4,view,,2026-04-16 07:22:57
130,4,click,,2026-04-16 07:23:09
130,4,add_to_cart,,2026-04-16 07:24:08
131,0,search,tech,2026-04-18 19:12:12
131,10,view,,2026-04-18 19:12:33
131,10,click,,2026-04-18 19:12:40
131,10,add_to_cart,,2026-04-18 19:14:16
131,10,purchase,,2026-04-18 19:19:16
131,70,view,,2026-04-18 19:19:47
131,70,click,,2026-04-18 19:20:13
131,90,view,,2026-04-18 19:20:40
131,2,view,,2026-04-18 19:21:22
131,11,view,,2026-04-18 19:22:15
131,11,click,,2026-04-18 19:22:44
132,0,search,home office,2026-04-17 01:21:12
132,50,view,,2026-04-17 01:21:45
132,50,click,,2026-04-17 01:21:54
132,10,view,,2026-04-17 01:22:10
132,10,click,,2026-04-17 01:22:23
132,10,add_to_cart,,2026-04-17 01:23:49
132,10,purchase,,2026-04-17 01:25:49
132,3,view,,2026-04-17 01:26:36
132,3,click,,2026-04-17 01:26:49
132,3,add_to_cart,,2026-04-17 01:27:31
132,3,purchase,,2026-04-17 01:30:31
132,40,view,,2026-04-17 01:30:53
132,40,click,,2026-04-17 01:31:19
132,80,view,,2026-04-17 01:31:37
133,0,search,coding,2026-04-19 16:27:12
133,60,view,,2026-04-19 16:28:07
133,60,click,,2026-04-19 16:28:21
133,100,view,,2026-04-19 16:29:03
133,100,click,,2026-04-19 16:29:12
133,70,view,,2026-04-19 16:29:57
133,70,click,,2026-04-19 16:30:11
134,0,search,laptop,2026-04-18 12:46:12
134,1,view,,2026-04-18 12:46:54
134,1,click,,2026-04-18 12:47:21
134,80,view,,2026-04-18 12:48:14
134,80,click,,2026-04-18 12:48:28
134,3,view,,2026-04-18 12:49:11
134,70,view,,2026-04-18 12:49:33
135,0,search,home office,2026-04-18 16:46:12
135,3,view,,2026-04-18 16:46:22
135,50,view,,2026-04-18 16:47:17
135,4,view,,2026-04-18 16:48:08
135,4,click,,2026-04-18 16:48:24
135,4,add_to_cart,,2026-04-18 16:49:27
135,4,purchase,,2026-04-18 16:52:27
135,40,view,,2026-04-18 16:52:50
135,40,click,,2026-04-18 16:53:11
135,11,view,,2026-04-18 16:54:11
135,11,click,,2026-04-18 16:54:28
136,0,search,laptop,2026-04-15 06:35:12
136,30,view,,2026-04-15 06:35:52
136,30,click,,2026-04-15 06:36:04
136,3,view,,2026-04-15 06:36:22
136,3,click,,2026-04-15 06:36:34
136,3,add_to_cart,,2026-04-15 06:37:26
136,4,view,,2026-04-15 06:37:44
136,4,click,,2026-04-15 06:38:01
136,80,view,,2026-04-15 06:38:31
137,0,search,home office,2026-04-17 18:05:12
137,2,view,,2026-04-17 18:05:30
137,3,view,,2026-04-17 18:05:51
137,3,click,,2026-04-17 18:06:09
137,3,add_to_cart,,2026-04-17 18:07:11
137,3,purchase,,2026-04-17 18:10:11
137,90,view,,2026-04-17 18:10:40
137,90,click,,2026-04-17 18:11:10
137,90,add_to_cart,,2026-04-17 18:11:53
137,90,purchase,,2026-04-17 18:14:53
138,0,search,photography,2026-04-18 09:33:12
138,80,view,,2026-04-18 09:33:34
138,80,click,,2026-04-18 09:34:01
138,80,add_to_cart,,2026-04-18 09:34:26
138,80,purchase,,2026-04-18 09:36:26
138,30,view,,2026-04-18 09:37:26
138,90,view,,2026-04-18 09:37:55
138,90,click,,2026-04-18 09:38:00
138,90,add_to_cart,,2026-04-18 09:38:55
138,90,purchase,,2026-04-18 09:42:55
138,2,view,,2026-04-18 09:43:12
138,2,click,,2026-04-18 09:43:30
138,2,add_to_cart,,2026-04-18 09:44:10
138,4,view,,2026-04-18 09:44:37
139,0,search,coding,2026-04-16 03:09:12
139,11,view,,2026-04-16 03:09:25
139,30,view,,2026-04-16 03:10:17
139,30,click,,2026-04-16 03:10:44
139,30,add_to_cart,,2026-04-16 03:11:23
139,50,view,,2026-04-16 03:11:36
139,50,click,,2026-04-16 03:11:51
140,0,search,home office,2026-04-16 23:17:12
140,10,view,,2026-04-16 23:17:36
140,10,click,,2026-04-16 23:18:06
140,10,add_to_cart,,2026-04-16 23:19:29
140,10,purchase,,2026-04-16 23:20:29
140,50,view,,2026-04-16 23:21:01
140,30,view,,2026-04-16 23:21:59
140,70,view,,2026-04-16 23:22:38
140,70,click,,2026-04-16 23:22:56
140,2,view,,2026-04-16 23:23:28
140,2,click,,2026-04-16 23:23:37
141,0,search,algorithms,2026-04-16 23:53:12
141,60,view,,2026-04-16 23:53:23
141,60,click,,2026-04-16 23:53:30
141,100,view,,2026-04-16 23:54:28
141,100,click,,2026-04-16 23:54:45
141,50,view,,2026-04-16 23:55:36
141,50,click,,2026-04-16 23:55:50
141,50,add_to_cart,,2026-04-16 23:57:14
141,80,view,,2026-04-16 23:57:56
141,80,click,,2026-04-16 23:58:26
141,70,view,,2026-04-16 23:58:39
141,70,click,,2026-04-16 23:59:03
141,70,add_to_cart,,2026-04-16 23:59:25
142,0,search,tech,2026-04-18 05:06:12
142,100,view,,2026-04-18 05:06:23
142,40,view,,2026-04-18 05:06:58
142,30,view,,2026-04-18 05:07:55
143,0,search,tech,2026-04-18 11:04:12
143,90,view,,2026-04-18 11:04:26
143,90,click,,2026-04-18 11:04:48
143,11,view,,2026-04-18 11:05:08
143,2,view,,2026-04-18 11:05:36
143,2,click,,2026-04-18 11:06:06
143,30,view,,2026-04-18 11:06:53
143,30,click,,2026-04-18 11:07:03
143,30,add_to_cart,,2026-04-18 11:08:19
143,30,purchase,,2026-04-18 11:12:19
144,0,search,laptop,2026-04-18 05:14:12
144,3,view,,2026-04-18 05:14:41
144,100,view,,2026-04-18 05:15:06
144,80,view,,2026-04-18 05:15:43
144,80,click,,2026-04-18 05:16:09
145,0,search,fashion,2026-04-18 09:45:12
145,30,view,,2026-04-18 09:45:56
145,30,click,,2026-04-18 09:46:10
145,30,add_to_cart,,2026-04-18 09:47:41
145,40,view,,2026-04-18 09:47:56
145,40,click,,2026-04-18 09:48:16
145,40,add_to_cart,,2026-04-18 09:48:48
145,70,view,,2026-04-18 09:49:07
145,80,view,,2026-04-18 09:50:06
145,80,click,,2026-04-18 09:50:36
145,80,add_to_cart,,2026-04-18 09:51:05
145,80,purchase,,2026-04-18 09:53:05
146,0,search,tech,2026-04-16 23:06:12
146,3,view,,2026-04-16 23:06:30
146,40,view,,2026-04-16 23:06:58
146,4,view,,2026-04-16 23:07:47
146,4,click,,2026-04-16 23:08:00
146,4,add_to_cart,,2026-04-16 23:08:51
146,4,purchase,,2026-04-16 23:13:51
146,70,view,,2026-04-16 23:14:01
146,70,click,,2026-04-16 23:14:26
146,60,view,,2026-04-16 23:15:14
146,60,click,,2026-04-16 23:15:22
147,0,search,photography,2026-04-16 08:01:12
147,50,view,,2026-04-16 08:01:22
147,50,click,,2026-04-16 08:01:28
147,60,view,,2026-04-16 08:02:12
147,60,click,,2026-04-16 08:02:33
147,60,add_to_cart,,2026-04-16 08:04:05
147,60,purchase,,2026-04-16 08:05:05
147,4,view,,2026-04-16 08:05:46
147,90,view,,2026-04-16 08:05:59
147,2,view,,2026-04-16 08:06:10
148,0,search,fashion,2026-04-15 13:15:12
148,40,view,,2026-04-15 13:15:41
148,40,click,,2026-04-15 13:15:49
148,40,add_to_cart,,2026-04-15 13:17:26
148,40,purchase,,2026-04-15 13:18:26
148,50,view,,2026-04-15 13:18:36
148,50,click,,2026-04-15 13:18:59
148,70,view,,2026-04-15 13:19:43
148,80,view,,2026-04-15 13:20:33
148,80,click,,2026-04-15 13:20:38
148,80,add_to_cart,,2026-04-15 13:21:15
148,80,purchase,,2026-04-15 13:24:15
148,1,view,,2026-04-15 13:25:05
148,1,click,,2026-04-15 13:25:30
149,0,search,tech,2026-04-16 01:38:12
149,2,view,,2026-04-16 01:38:44
149,2,click,,2026-04-16 01:39:07
149,2,add_to_cart,,2026-04-16 01:39:30
149,2,purchase,,2026-04-16 01:44:30
149,40,view,,2026-04-16 01:44:56
149,4,view,,2026-04-16 01:45:48
149,4,click,,2026-04-16 01:46:16
149,50,view,,2026-04-16 01:46:53
149,50,click,,2026-04-16 01:47:19
150,0,search,tech,2026-04-16 23:00:12
150,30,view,,2026-04-16 23:00:35
150,30,click,,2026-04-16 23:01:04
150,30,add_to_cart,,2026-04-16 23:02:10
150,30,purchase,,2026-04-16 23:04:10
150,10,view,,2026-04-16 23:04:32
150,10,click,,2026-04-16 23:04:51
150,70,view,,2026-04-16 23:05:05
150,70,click,,2026-04-16 23:05:16
150,70,add_to_cart,,2026-04-16 23:06:48
150,80,view,,2026-04-16 23:07:11
151,0,search,coding,2026-04-17 19:07:12
151,30,view,,2026-04-17 19:07:50
151,30,click,,2026-04-17 19:07:57
151,30,add_to_cart,,2026-04-17 19:09:21
151,30,purchase,,2026-04-17 19:13:21
151,100,view,,2026-04-17 19:14:07
151,10,view,,2026-04-17 19:15:01
151,4,view,,2026-04-17 19:15:19
152,0,search,laptop,2026-04-16 21:25:12
152,60,view,,2026-04-16 21:26:02
152,60,click,,2026-04-16 21:26:31
152,4,view,,2026-04-16 21:27:24
152,4,click,,2026-04-16 21:27:38
152,50,view,,2026-04-16 21:27:59
152,50,click,,2026-04-16 21:28:10
152,3,view,,2026-04-16 21:28:53
152,3,click,,2026-04-16 21:29:05
153,0,search,apple,2026-04-15 05:39:12
153,90,view,,2026-04-15 05:39:48
153,90,click,,2026-04-15 05:40:08
153,90,add_to_cart,,2026-04-15 05:41:09
153,40,view,,2026-04-15 05:41:20
153,40,click,,2026-04-15 05:41:44
153,60,view,,2026-04-15 05:42:09
154,0,search,algorithms,2026-04-18 07:51:12
154,40,view,,2026-04-18 07:51:59
154,50,view,,2026-04-18 07:52:45
154,50,click,,2026-04-18 07:52:50
154,1,view,,2026-04-18 07:53:25
154,1,click,,2026-04-18 07:53:33
154,1,add_to_cart,,2026-04-18 07:55:01
155,0,search,coding,2026-04-16 22:06:12
155,60,view,,2026-04-16 22:06:59
155,60,click,,2026-04-16 22:07:23
155,100,view,,2026-04-16 22:08:07
155,100,click,,2026-04-16 22:08:17
155,100,add_to_cart,,2026-04-16 22:09:30
155,1,view,,2026-04-16 22:10:27
155,10,view,,2026-04-16 22:11:22
156,0,search,algorithms,2026-04-17 03:34:12
156,50,view,,2026-04-17 03:34:27
156,50,click,,2026-04-17 03:34:56
156,50,add_to_cart,,2026-04-17 03:35:55
156,50,purchase,,2026-04-17 03:37:55
156,100,view,,2026-04-17 03:38:50
156,100,click,,2026-04-17 03:39:00
156,1,view,,2026-04-17 03:39:26
156,1,click,,2026-04-17 03:39:40
156,70,view,,2026-04-17 03:40:18
157,0,search,algorithms,2026-04-18 03:53:12
157,90,view,,2026-04-18 03:53:52
157,90,click,,2026-04-18 03:53:59
157,1,view,,2026-04-18 03:54:47
157,1,click,,2026-04-18 03:54:54
157,1,add_to_cart,,2026-04-18 03:55:56
157,100,view,,2026-04-18 03:56:40
157,2,view,,2026-04-18 03:56:56
157,2,click,,2026-04-18 03:57:20
158,0,search,laptop,2026-04-19 08:38:12
158,70,view,,2026-04-19 08:38:30
158,100,view,,2026-04-19 08:38:40
158,100,click,,2026-04-19 08:39:02
158,100,add_to_cart,,2026-04-19 08:39:47
158,30,view,,2026-04-19 08:40:18
158,30,click,,2026-04-19 08:40:37
158,3,view,,2026-04-19 08:41:30
158,90,view,,2026-04-19 08:41:52
158,90,click,,2026-04-19 08:42:03
158,90,add_to_cart,,2026-04-19 08:42:26
159,0,search,tech,2026-04-18 21:50:12
159,40,view,,2026-04-18 21:50:59
159,40,click,,2026-04-18 21:51:20
159,70,view,,2026-04-18 21:52:20
159,3,view,,2026-04-18 21:53:08
159,3,click,,2026-04-18 21:53:15
159,60,view,,2026-04-18 21:54:01
159,50,view,,2026-04-18 21:54:25
159,50,click,,2026-04-18 21:54:32
160,0,search,photography,2026-04-19 11:44:12
160,50,view,,2026-04-19 11:44:30
160,50,click,,2026-04-19 11:44:56
160,60,view,,2026-04-19 11:45:27
160,60,click,,2026-04-19 11:45:35
160,10,view,,2026-04-19 11:46:25
160,10,click,,2026-04-19 11:46:44
161,0,search,home office,2026-04-19 18:41:12
161,40,view,,2026-04-19 18:41:33
161,40,click,,2026-04-19 18:41:46
161,3,view,,2026-04-19 18:42:45
161,3,click,,2026-04-19 18:42:51
161,10,view,,2026-04-19 18:43:42
161,1,view,,2026-04-19 18:44:17
161,1,click,,2026-04-19 18:44:34
162,0,search,laptop,2026-04-15 20:33:12
162,50,view,,2026-04-15 20:33:56
162,90,view,,2026-04-15 20:34:36
162,90,click,,2026-04-15 20:35:04
162,90,add_to_cart,,2026-04-15 20:35:53
162,90,purchase,,2026-04-15 20:38:53
162,3,view,,2026-04-15 20:39:30
162,3,click,,2026-04-15 20:39:51
162,3,add_to_cart,,2026-04-15 20:40:47
163,0,search,photography,2026-04-15 01:52:12
163,10,view,,2026-04-15 01:52:54
163,10,click,,2026-04-15 01:53:24
163,100,view,,2026-04-15 01:54:17
163,100,click,,2026-04-15 01:54:27
163,4,view,,2026-04-15 01:55:18
164,0,search,tech,2026-04-16 09:16:12
164,40,view,,2026-04-16 09:16:52
164,40,click,,2026-04-16 09:17:02
164,40,add_to_cart,,2026-04-16 09:17:41
164,2,view,,2026-04-16 09:18:35
164,30,view,,2026-04-16 09:18:55
164,30,click,,2026-04-16 09:19:14
164,30,add_to_cart,,2026-04-16 09:20:36
164,1,view,,2026-04-16 09:20:47
164,1,click,,2026-04-16 09:21:14
165,0,search,tech,2026-04-19 19:26:12
165,100,view,,2026-04-19 19:26:39
165,100,click,,2026-04-19 19:26:52
165,1,view,,2026-04-19 19:27:28
165,1,click,,2026-04-19 19:27:36
165,2,view,,2026-04-19 19:28:23
165,2,click,,2026-04-19 19:28:38
165,2,add_to_cart,,2026-04-19 19:29:53
166,0,search,coding,2026-04-18 16:48:12
166,1,view,,2026-04-18 16:48:42
166,70,view,,2026-04-18 16:49:13
166,50,view,,2026-04-18 16:49:35
166,50,click,,2026-04-18 16:49:50
166,80,view,,2026-04-18 16:50:41
166,80,click,,2026-04-18 16:50:46
167,0,search,coding,2026-04-18 16:13:12
167,50,view,,2026-04-18 16:13:33
167,50,click,,2026-04-18 16:13:38
167,2,view,,2026-04-18 16:14:09
167,2,click,,2026-04-18 16:14:36
167,1,view,,2026-04-18 16:15:15
167,1,click,,2026-04-18 16:15:22
167,100,view,,2026-04-18 16:16:01
167,100,click,,2026-04-18 16:16:26
168,0,search,coding,2026-04-19 10:34:12
168,50,view,,2026-04-19 10:34:52
168,60,view,,2026-04-19 10:35:24
168,3,view,,2026-04-19 10:35:42
168,3,click,,2026-04-19 10:36:01
168,10,view,,2026-04-19 10:36:44
168,10,click,,2026-04-19 10:36:54
169,0,search,algorithms,2026-04-15 09:37:12
169,11,view,,2026-04-15 09:37:59
169,11,click,,2026-04-15 09:38:04
169,10,view,,2026-04-15 09:38:17
169,10,click,,2026-04-15 09:38:27
169,60,view,,2026-04-15 09:38:49
169,60,click,,2026-04-15 09:39:14
169,60,add_to_cart,,2026-04-15 09:40:35
169,60,purchase,,2026-04-15 09:42:35
169,3,view,,2026-04-15 09:42:48
169,3,click,,2026-04-15 09:42:58
169,2,view,,2026-04-15 09:43:35
169,2,click,,2026-04-15 09:43:53
170,0,search,photography,2026-04-19 05:15:12
170,10,view,,2026-04-19 05:15:54
170,80,view,,2026-04-19 05:16:53
170,70,view,,2026-04-19 05:17:26
170,70,click,,2026-04-19 05:17:54
170,70,add_to_cart,,2026-04-19 05:18:58
170,70,purchase,,2026-04-19 05:19:58
170,30,view,,2026-04-19 05:20:30
170,30,click,,2026-04-19 05:20:52
170,30,add_to_cart,,2026-04-19 05:21:38
171,0,search,tech,2026-04-19 16:15:12
171,10,view,,2026-04-19 16:15:35
171,80,view,,2026-04-19 16:16:23
171,80,click,,2026-04-19 16:16:42
171,60,view,,2026-04-19 16:16:54
171,60,click,,2026-04-19 16:17:01
171,60,add_to_cart,,2026-04-19 16:18:26
171,60,purchase,,2026-04-19 16:19:26
171,70,view,,2026-04-19 16:19:52
171,70,click,,2026-04-19 16:20:16
171,70,add_to_cart,,2026-04-19 16:20:40
171,70,purchase,,2026-04-19 16:23:40
171,40,view,,2026-04-19 16:24:27
171,40,click,,2026-04-19 16:24:52
172,0,search,algorithms,2026-04-15 05:53:12
172,50,view,,2026-04-15 05:53:45
172,60,view,,2026-04-15 05:54:31
172,60,click,,2026-04-15 05:54:57
172,40,view,,2026-04-15 05:55:19
172,40,click,,2026-04-15 05:55:24
172,100,view,,2026-04-15 05:56:06
172,4,view,,2026-04-15 05:56:27
172,4,click,,2026-04-15 05:56:47
173,0,search,algorithms,2026-04-16 15:21:12
173,30,view,,2026-04-16 15:21:41
173,30,click,,2026-04-16 15:21:46
173,2,view,,2026-04-16 15:22:12
173,2,click,,2026-04-16 15:22:26
173,80,view,,2026-04-16 15:22:57
173,80,click,,2026-04-16 15:23:21
173,80,add_to_cart,,2026-04-16 15:24:43
173,80,purchase,,2026-04-16 15:25:43
173,4,view,,2026-04-16 15:26:33
173,4,click,,2026-04-16 15:26:41
173,4,add_to_cart,,2026-04-16 15:27:59
173,90,view,,2026-04-16 15:28:51
173,90,click,,2026-04-16 15:29:12
174,0,search,apple,2026-04-18 21:09:12
174,100,view,,2026-04-18 21:09:51
174,100,click,,2026-04-18 21:10:20
174,1,view,,2026-04-18 21:11:16
174,1,click,,2026-04-18 21:11:43
174,70,view,,2026-04-18 21:12:01
174,70,click,,2026-04-18 21:12:07
174,70,add_to_cart,,2026-04-18 21:12:41
175,0,search,photography,2026-04-17 21:17:12
175,30,view,,2026-04-17 21:17:51
175,90,view,,2026-04-17 21:18:16
175,90,click,,2026-04-17 21:18:33
175,40,view,,2026-04-17 21:19:15
175,40,click,,2026-04-17 21:19:25
175,40,add_to_cart,,2026-04-17 21:20:30
175,40,purchase,,2026-04-17 21:25:30
175,70,view,,2026-04-17 21:26:15
175,70,click,,2026-04-17 21:26:24
176,0,search,apple,2026-04-17 23:14:12
176,50,view,,2026-04-17 23:15:10
176,50,click,,2026-04-17 23:15:15
176,30,view,,2026-04-17 23:16:11
176,30,click,,2026-04-17 23:16:16
176,30,add_to_cart,,2026-04-17 23:17:33
176,30,purchase,,2026-04-17 23:22:33
176,80,view,,2026-04-17 23:23:05
177,0,search,coding,2026-04-14 23:47:12
177,1,view,,2026-04-14 23:47:54
177,1,click,,2026-04-14 23:48:13
177,70,view,,2026-04-14 23:49:07
177,70,click,,2026-04-14 23:49:34
177,100,view,,2026-04-14 23:50:23
177,90,view,,2026-04-14 23:50:54
177,90,click,,2026-04-14 23:51:07
177,2,view,,2026-04-14 23:51:59
178,0,search,home office,2026-04-15 06:48:12
178,1,view,,2026-04-15 06:48:26
178,1,click,,2026-04-15 06:48:53
178,1,add_to_cart,,2026-04-15 06:50:07
178,1,purchase,,2026-04-15 06:52:07
178,3,view,,2026-04-15 06:52:20
178,50,view,,2026-04-15 06:52:51
178,10,view,,2026-04-15 06:53:38
178,10,click,,2026-04-15 06:54:03
178,10,add_to_cart,,2026-04-15 06:55:26
178,10,purchase,,2026-04-15 06:58:26
179,0,search,home office,2026-04-15 02:24:12
179,90,view,,2026-04-15 02:24:22
179,90,click,,2026-04-15 02:24:27
179,3,view,,2026-04-15 02:25:16
179,60,view,,2026-04-15 02:26:16
179,60,click,,2026-04-15 02:26:40
179,1,view,,2026-04-15 02:27:32
179,1,click,,2026-04-15 02:27:55
179,30,view,,2026-04-15 02:28:27
179,30,click,,2026-04-15 02:28:36
180,0,search,algorithms,2026-04-18 17:13:12
180,2,view,,2026-04-18 17:14:09
180,80,view,,2026-04-18 17:14:46
180,11,view,,2026-04-18 17:15:43
180,11,click,,2026-04-18 17:15:54
180,11,add_to_cart,,2026-04-18 17:16:53
180,11,purchase,,2026-04-18 17:17:53
180,100,view,,2026-04-18 17:18:44
181,0,search,photography,2026-04-16 03:13:12
181,80,view,,2026-04-16 03:13:56
181,80,click,,2026-04-16 03:14:04
181,80,add_to_cart,,2026-04-16 03:14:29
181,10,view,,2026-04-16 03:15:27
181,4,view,,2026-04-16 03:15:37
181,3,view,,2026-04-16 03:16:12
181,11,view,,2026-04-16 03:16:50
181,11,click,,2026-04-16 03:17:20
181,11,add_to_cart,,2026-04-16 03:18:09
181,11,purchase,,2026-04-16 03:21:09
182,0,search,fashion,2026-04-19 17:56:12
182,100,view,,2026-04-19 17:57:06
182,50,view,,2026-04-19 17:57:35
182,50,click,,2026-04-19 17:57:58
182,4,view,,2026-04-19 17:58:22
182,4,click,,2026-04-19 17:58:37
182,11,view,,2026-04-19 17:59:13
182,11,click,,2026-04-19 17:59:41
182,3,view,,2026-04-19 18:00:01
182,3,click,,2026-04-19 18:00:29
183,0,search,fashion,2026-04-19 04:56:12
183,1,view,,2026-04-19 04:56:42
183,1,click,,2026-04-19 04:56:54
183,100,view,,2026-04-19 04:57:12
183,100,click,,2026-04-19 04:57:34
183,10,view,,2026-04-19 04:58:33
183,10,click,,2026-04-19 04:58:59
184,0,search,laptop,2026-04-17 04:12:12
184,50,view,,2026-04-17 04:13:03
184,50,click,,2026-04-17 04:13:25
184,2,view,,2026-04-17 04:13:47
184,40,view,,2026-04-17 04:13:57
184,40,click,,2026-04-17 04:14:26
184,70,view,,2026-04-17 04:15:19
184,10,view,,2026-04-17 04:16:00
184,10,click,,2026-04-17 04:16:27
185,0,search,apple,2026-04-16 05:14:12
185,80,view,,2026-04-16 05:14:47
185,80,click,,2026-04-16 05:14:57
185,60,view,,2026-04-16 05:15:18
185,60,click,,2026-04-16 05:15:40
185,60,add_to_cart,,2026-04-16 05:17:11
185,60,purchase,,2026-04-16 05:18:11
185,50,view,,2026-04-16 05:19:01
185,50,click,,2026-04-16 05:19:17
186,0,search,home office,2026-04-18 03:19:12
186,4,view,,2026-04-18 03:19:40
186,4,click,,2026-04-18 03:19:51
186,11,view,,2026-04-18 03:20:33
186,11,click,,2026-04-18 03:20:53
186,100,view,,2026-04-18 03:21:13
186,100,click,,2026-04-18 03:21:33
186,100,add_to_cart,,2026-04-18 03:22:57
186,100,purchase,,2026-04-18 03:25:57
186,2,view,,2026-04-18 03:26:53
186,2,click,,2026-04-18 03:27:12
186,2,add_to_cart,,2026-04-18 03:27:33
186,2,purchase,,2026-04-18 03:31:33
187,0,search,apple,2026-04-17 18:41:12
187,40,view,,2026-04-17 18:41:42
187,100,view,,2026-04-17 18:42:16
187,100,click,,2026-04-17 18:42:29
187,100,add_to_cart,,2026-04-17 18:43:09
187,10,view,,2026-04-17 18:43:53
187,10,click,,2026-04-17 18:44:13
187,10,add_to_cart,,2026-04-17 18:45:38
187,4,view,,2026-04-17 18:46:06
187,4,click,,2026-04-17 18:46:17
188,0,search,laptop,2026-04-18 10:18:12
188,1,view,,2026-04-18 10:18:35
188,40,view,,2026-04-18 10:18:46
188,40,click,,2026-04-18 10:19:04
188,60,view,,2026-04-18 10:19:56
188,60,click,,2026-04-18 10:20:07
188,50,view,,2026-04-18 10:20:45
189,0,search,apple,2026-04-17 03:19:12
189,30,view,,2026-04-17 03:19:48
189,30,click,,2026-04-17 03:19:56
189,60,view,,2026-04-17 03:20:52
189,80,view,,2026-04-17 03:21:28
189,80,click,,2026-04-17 03:21:44
189,80,add_to_cart,,2026-04-17 03:23:18
189,4,view,,2026-04-17 03:23:35
189,4,click,,2026-04-17 03:23:53
189,40,view,,2026-04-17 03:24:10
190,0,search,apple,2026-04-18 12:04:12
190,80,view,,2026-04-18 12:05:03
190,80,click,,2026-04-18 12:05:25
190,70,view,,2026-04-18 12:05:53
190,70,click,,2026-04-18 12:06:19
190,70,add_to_cart,,2026-04-18 12:07:16
190,70,purchase,,2026-04-18 12:11:16
190,1,view,,2026-04-18 12:12:14
190,3,view,,2026-04-18 12:12:52
190,11,view,,2026-04-18 12:13:45
190,11,click,,2026-04-18 12:14:00
191,0,search,laptop,2026-04-18 23:08:12
191,100,view,,2026-04-18 23:08:41
191,100,click,,2026-04-18 23:09:06
191,100,add_to_cart,,2026-04-18 23:09:57
191,100,purchase,,2026-04-18 23:10:57
191,70,view,,2026-04-18 23:11:40
191,70,click,,2026-04-18 23:11:54
191,70,add_to_cart,,2026-04-18 23:13:06
191,70,purchase,,2026-04-18 23:16:06
191,1,view,,2026-04-18 23:16:24
191,1,click,,2026-04-18 23:16:44
191,1,add_to_cart,,2026-04-18 23:17:07
191,2,view,,2026-04-18 23:17:18
192,0,search,algorithms,2026-04-15 09:59:12
192,90,view,,2026-04-15 09:59:43
192,70,view,,2026-04-15 10:00:17
192,70,click,,2026-04-15 10:00:46
192,10,view,,2026-04-15 10:01:36
192,10,click,,2026-04-15 10:01:54
192,80,view,,2026-04-15 10:02:51
192,80,click,,2026-04-15 10:03:06
192,40,view,,2026-04-15 10:03:48
193,0,search,photography,2026-04-18 12:01:12
193,70,view,,2026-04-18 12:01:54
193,70,click,,2026-04-18 12:02:17
193,90,view,,2026-04-18 12:02:31
193,90,click,,2026-04-18 12:02:36
193,10,view,,2026-04-18 12:02:50
193,10,click,,2026-04-18 12:03:09
194,0,search,home office,2026-04-16 09:52:12
194,40,view,,2026-04-16 09:52:32
194,40,click,,2026-04-16 09:52:41
194,10,view,,2026-04-16 09:53:39
194,10,click,,2026-04-16 09:53:49
194,10,add_to_cart,,2026-04-16 09:55:06
194,100,view,,2026-04-16 09:55:43
194,100,click,,2026-04-16 09:56:04
195,0,search,home office,2026-04-16 04:42:12
195,11,view,,2026-04-16 04:42:23
195,11,click,,2026-04-16 04:42:34
195,11,add_to_cart,,2026-04-16 04:43:29
195,11,purchase,,2026-04-16 04:46:29
195,40,view,,2026-04-16 04:47:21
195,40,click,,2026-04-16 04:47:48
195,2,view,,2026-04-16 04:48:04
195,60,view,,2026-04-16 04:48:29
195,60,click,,2026-04-16 04:48:56
195,4,view,,2026-04-16 04:49:35
195,4,click,,2026-04-16 04:50:01
196,0,search,coding,2026-04-15 02:00:12
196,70,view,,2026-04-15 02:00:41
196,70,click,,2026-04-15 02:00:46
196,11,view,,2026-04-15 02:01:37
196,11,click,,2026-04-15 02:01:53
196,11,add_to_cart,,2026-04-15 02:03:18
196,60,view,,2026-04-15 02:03:30
196,60,click,,2026-04-15 02:03:54
197,0,search,algorithms,2026-04-16 06:29:12
197,30,view,,2026-04-16 06:29:50
197,1,view,,2026-04-16 06:30:15
197,1,click,,2026-04-16 06:30:22
197,1,add_to_cart,,2026-04-16 06:32:02
197,2,view,,2026-04-16 06:32:20
197,2,click,,2026-04-16 06:32:34
197,2,add_to_cart,,2026-04-16 06:33:52
198,0,search,algorithms,2026-04-15 11:51:12
198,40,view,,2026-04-15 11:52:12
198,40,click,,2026-04-15 11:52:37
198,40,add_to_cart,,2026-04-15 11:53:10
198,40,purchase,,2026-04-15 11:58:10
198,1,view,,2026-04-15 11:58:33
198,1,click,,2026-04-15 11:59:03
198,11,view,,2026-04-15 11:59:18
198,30,view,,2026-04-15 11:59:57
199,0,search,home office,2026-04-16 09:56:12
199,90,view,,2026-04-16 09:56:57
199,90,click,,2026-04-16 09:57:09
199,90,add_to_cart,,2026-04-16 09:57:42
199,90,purchase,,2026-04-16 10:01:42
199,4,view,,2026-04-16 10:02:28
199,60,view,,2026-04-16 10:02:43
199,60,click,,2026-04-16 10:02:49
199,60,add_to_cart,,2026-04-16 10:04:07
199,10,view,,2026-04-16 10:04:29
200,0,search,tech,2026-04-16 17:50:12
200,50,view,,2026-04-16 17:50:56
200,50,click,,2026-04-16 17:51:15
200,1,view,,2026-04-16 17:51:52
200,1,click,,2026-04-16 17:52:21
200,90,view,,2026-04-16 17:52:37
200,90,click,,2026-04-16 17:52:58
200,80,view,,2026-04-16 17:53:31
200,80,click,,2026-04-16 17:53:44
200,80,add_to_cart,,2026-04-16 17:54:13
200,80,purchase,,2026-04-16 17:57:13
200,3,view,,2026-04-16 17:57:27
200,3,click,,2026-04-16 17:57:46
201,0,search,laptop,2026-04-16 21:10:12
201,3,view,,2026-04-16 21:10:34
201,3,click,,2026-04-16 21:10:51
201,50,view,,2026-04-16 21:11:48
201,50,click,,2026-04-16 21:11:53
201,50,add_to_cart,,2026-04-16 21:12:19
201,90,view,,2026-04-16 21:12:51
201,90,click,,2026-04-16 21:12:59
201,2,view,,2026-04-16 21:13:57
201,100,view,,2026-04-16 21:14:36
202,0,search,apple,2026-04-19 07:17:12
202,60,view,,2026-04-19 07:17:36
202,60,click,,2026-04-19 07:18:04
202,100,view,,2026-04-19 07:18:59
202,11,view,,2026-04-19 07:19:11
202,11,click,,2026-04-19 07:19:39
202,30,view,,2026-04-19 07:20:03
202,50,view,,2026-04-19 07:20:21
202,50,click,,2026-04-19 07:20:45
203,0,search,laptop,2026-04-16 06:33:12
203,50,view,,2026-04-16 06:33:26
203,11,view,,2026-04-16 06:33:59
203,11,click,,2026-04-16 06:34:05
203,11,add_to_cart,,2026-04-16 06:35:26
203,11,purchase,,2026-04-16 06:38:26
203,70,view,,2026-04-16 06:38:51
203,70,click,,2026-04-16 06:38:58
204,0,search,home office,2026-04-18 18:19:12
204,30,view,,2026-04-18 18:20:06
204,30,click,,2026-04-18 18:20:14
204,50,view,,2026-04-18 18:20:32
204,3,view,,2026-04-18 18:21:24
204,11,view,,2026-04-18 18:21:36
204,11,click,,2026-04-18 18:22:05
204,11,add_to_cart,,2026-04-18 18:23:10
204,11,purchase,,2026-04-18 18:24:10
205,0,search,tech,2026-04-19 06:00:12
205,11,view,,2026-04-19 06:01:06
205,11,click,,2026-04-19 06:01:32
205,2,view,,2026-04-19 06:02:32
205,2,click,,2026-04-19 06:02:42
205,2,add_to_cart,,2026-04-19 06:03:31
205,50,view,,2026-04-19 06:04:17
206,0,search,coding,2026-04-19 19:16:12
206,11,view,,2026-04-19 19:16:37
206,11,click,,2026-04-19 19:17:01
206,70,view,,2026-04-19 19:17:11
206,70,click,,2026-04-19 19:17:39
206,100,view,,2026-04-19 19:18:30
206,3,view,,2026-04-19 19:19:01
206,3,click,,2026-04-19 19:19:25
207,0,search,algorithms,2026-04-15 20:38:12
207,100,view,,2026-04-15 20:38:41
207,100,click,,2026-04-15 20:39:05
207,90,view,,2026-04-15 20:39:54
207,90,click,,2026-04-15 20:40:17
207,4,view,,2026-04-15 20:41:17
207,4,click,,2026-04-15 20:41:32
207,2,view,,2026-04-15 20:41:46
207,10,view,,2026-04-15 20:42:35
208,0,search,fashion,2026-04-17 13:36:12
208,50,view,,2026-04-17 13:37:01
208,50,click,,2026-04-17 13:37:12
208,50,add_to_cart,,2026-04-17 13:37:48
208,50,purchase,,2026-04-17 13:39:48
208,1,view,,2026-04-17 13:40:37
208,1,click,,2026-04-17 13:41:05
208,1,add_to_cart,,2026-04-17 13:42:18
208,90,view,,2026-04-17 13:42:45
208,90,click,,2026-04-17 13:42:53
209,0,search,algorithms,2026-04-15 02:57:12
209,90,view,,2026-04-15 02:57:53
209,90,click,,2026-04-15 02:58:07
209,90,add_to_cart,,2026-04-15 02:59:44
209,30,view,,2026-04-15 03:00:00
209,30,click,,2026-04-15 03:00:21
209,30,add_to_cart,,2026-04-15 03:01:42
209,30,purchase,,2026-04-15 03:04:42
209,2,view,,2026-04-15 03:05:20
209,40,view,,2026-04-15 03:05:39
209,11,view,,2026-04-15 03:06:08
210,0,search,fashion,2026-04-18 16:46:12
210,11,view,,2026-04-18 16:47:03
210,11,click,,2026-04-18 16:47:20
210,4,view,,2026-04-18 16:48:07
210,70,view,,2026-04-18 16:48:50
210,70,click,,2026-04-18 16:49:20
211,0,search,apple,2026-04-17 17:01:12
211,1,view,,2026-04-17 17:02:05
211,1,click,,2026-04-17 17:02:32
211,1,add_to_cart,,2026-04-17 17:03:21
211,1,purchase,,2026-04-17 17:05:21
211,90,view,,2026-04-17 17:06:09
211,90,click,,2026-04-17 17:06:21
211,11,view,,2026-04-17 17:06:36
211,11,click,,2026-04-17 17:06:58
211,11,add_to_cart,,2026-04-17 17:08:06
211,11,purchase,,2026-04-17 17:10:06
212,0,search,coding,2026-04-16 19:52:12
212,50,view,,2026-04-16 19:53:09
212,50,click,,2026-04-16 19:53:23
212,50,add_to_cart,,2026-04-16 19:53:54
212,40,view,,2026-04-16 19:54:25
212,11,view,,2026-04-16 19:54:38
212,11,click,,2026-04-16 19:54:44
212,11,add_to_cart,,2026-04-16 19:56:03
212,11,purchase,,2026-04-16 20:01:03
213,0,search,photography,2026-04-18 08:58:12
213,4,view,,2026-04-18 08:58:30
213,4,click,,2026-04-18 08:58:36
213,100,view,,2026-04-18 08:58:53
213,100,click,,2026-04-18 08:59:08
213,3,view,,2026-04-18 08:59:58
213,3,click,,2026-04-18 09:00:23
213,10,view,,2026-04-18 09:00:50
213,10,click,,2026-04-18 09:00:58
213,10,add_to_cart,,2026-04-18 09:02:19
213,10,purchase,,2026-04-18 09:05:19
213,11,view,,2026-04-18 09:06:14
213,11,click,,2026-04-18 09:06:35
213,11,add_to_cart,,2026-04-18 09:07:53
213,11,purchase,,2026-04-18 09:11:53
214,0,search,algorithms,2026-04-19 08:38:12
214,3,view,,2026-04-19 08:38:45
214,3,click,,2026-04-19 08:38:51
214,3,add_to_cart,,2026-04-19 08:40:04
214,70,view,,2026-04-19 08:40:14
214,70,click,,2026-04-19 08:40:30
214,1,view,,2026-04-19 08:41:22
214,1,click,,2026-04-19 08:41:41
214,1,add_to_cart,,2026-04-19 08:42:33
215,0,search,home office,2026-04-15 13:57:12
215,30,view,,2026-04-15 13:57:25
215,30,click,,2026-04-15 13:57:30
215,30,add_to_cart,,2026-04-15 13:57:52
215,60,view,,2026-04-15 13:58:48
215,60,click,,2026-04-15 13:58:59
215,40,view,,2026-04-15 13:59:59
215,40,click,,2026-04-15 14:00:26
216,0,search,coding,2026-04-19 06:55:12
216,40,view,,2026-04-19 06:55:32
216,30,view,,2026-04-19 06:56:22
216,30,click,,2026-04-19 06:56:31
216,100,view,,2026-04-19 06:57:09
216,100,click,,2026-04-19 06:57:26
217,0,search,home office,2026-04-17 01:32:12
217,90,view,,2026-04-17 01:32:48
217,90,click,,2026-04-17 01:33:12
217,40,view,,2026-04-17 01:33:50
217,70,view,,2026-04-17 01:34:12
217,70,click,,2026-04-17 01:34:28
217,1,view,,2026-04-17 01:35:08
217,1,click,,2026-04-17 01:35:23
217,4,view,,2026-04-17 01:36:06
218,0,search,apple,2026-04-15 02:32:12
218,60,view,,2026-04-15 02:32:27
218,60,click,,2026-04-15 02:32:35
218,90,view,,2026-04-15 02:33:29
218,50,view,,2026-04-15 02:34:14
218,50,click,,2026-04-15 02:34:44
218,50,add_to_cart,,2026-04-15 02:35:54
218,3,view,,2026-04-15 02:36:54
218,3,click,,2026-04-15 02:37:10
218,100,view,,2026-04-15 02:37:28
218,100,click,,2026-04-15 02:37:56
218,100,add_to_cart,,2026-04-15 02:38:53
218,100,purchase,,2026-04-15 02:42:53
219,0,search,apple,2026-04-17 03:23:12
219,1,view,,2026-04-17 03:23:37
219,1,click,,2026-04-17 03:23:57
219,11,view,,2026-04-17 03:24:54
219,11,click,,2026-04-17 03:25:09
219,30,view,,2026-04-17 03:25:56
219,30,click,,2026-04-17 03:26:24
219,60,view,,2026-04-17 03:26:54
219,60,click,,2026-04-17 03:27:17
219,60,add_to_cart,,2026-04-17 03:28:21
219,60,purchase,,2026-04-17 03:29:21
219,3,view,,2026-04-17 03:29:45
219,3,click,,2026-04-17 03:29:50
220,0,search,coding,2026-04-16 08:20:12
220,30,view,,2026-04-16 08:20:35
220,3,view,,2026-04-16 08:21:33
220,3,click,,2026-04-16 08:21:42
220,90,view,,2026-04-16 08:22:37
220,90,click,,2026-04-16 08:23:04
220,4,view,,2026-04-16 08:23:58
220,4,click,,2026-04-16 08:24:03
220,100,view,,2026-04-16 08:24:38
220,100,click,,2026-04-16 08:25:00
221,0,search,algorithms,2026-04-17 20:00:12
221,50,view,,2026-04-17 20:00:37
221,50,click,,2026-04-17 20:00:44
221,60,view,,2026-04-17 20:01:26
221,3,view,,2026-04-17 20:01:46
221,3,click,,2026-04-17 20:01:57
221,1,view,,2026-04-17 20:02:33
221,1,click,,2026-04-17 20:02:41
221,10,view,,2026-04-17 20:03:19
222,0,search,laptop,2026-04-19 19:56:12
222,3,view,,2026-04-19 19:56:40
222,3,click,,2026-04-19 19:57:00
222,1,view,,2026-04-19 19:57:55
222,60,view,,2026-04-19 19:58:17
222,60,click,,2026-04-19 19:58:28
223,0,search,fashion,2026-04-15 00:56:12
223,50,view,,2026-04-15 00:57:11
223,70,view,,2026-04-15 00:57:35
223,3,view,,2026-04-15 00:58:24
223,3,click,,2026-04-15 00:58:29
224,0,search,coding,2026-04-15 23:04:12
224,10,view,,2026-04-15 23:04:28
224,10,click,,2026-04-15 23:04:33
224,50,view,,2026-04-15 23:05:31
224,50,click,,2026-04-15 23:05:45
224,11,view,,2026-04-15 23:06:19
224,11,click,,2026-04-15 23:06:25
224,70,view,,2026-04-15 23:07:05
224,70,click,,2026-04-15 23:07:34
224,40,view,,2026-04-15 23:08:13
224,40,click,,2026-04-15 23:08:36
225,0,search,home office,2026-04-16 00:35:12
225,90,view,,2026-04-16 00:35:23
225,90,click,,2026-04-16 00:35:29
225,90,add_to_cart,,2026-04-16 00:36:25
225,90,purchase,,2026-04-16 00:38:25
225,3,view,,2026-04-16 00:38:55
225,80,view,,2026-04-16 00:39:34
226,0,search,apple,2026-04-17 16:19:12
226,90,view,,2026-04-17 16:20:06
226,90,click,,2026-04-17 16:20:19
226,30,view,,2026-04-17 16:21:15
226,40,view,,2026-04-17 16:21:42
226,40,click,,2026-04-17 16:21:52
226,1,view,,2026-04-17 16:22:06
226,1,click,,2026-04-17 16:22:34
226,1,add_to_cart,,2026-04-17 16:23:58
226,1,purchase,,2026-04-17 16:27:58
227,0,search,apple,2026-04-15 06:46:12
227,10,view,,2026-04-15 06:47:11
227,10,click,,2026-04-15 06:47:34
227,10,add_to_cart,,2026-04-15 06:47:55
227,60,view,,2026-04-15 06:48:10
227,60,click,,2026-04-15 06:48:17
227,80,view,,2026-04-15 06:48:47
227,80,click,,2026-04-15 06:48:58
228,0,search,home office,2026-04-15 09:05:12
228,100,view,,2026-04-15 09:05:34
228,100,click,,2026-04-15 09:05:56
228,100,add_to_cart,,2026-04-15 09:06:20
228,30,view,,2026-04-15 09:07:07
228,30,click,,2026-04-15 09:07:13
228,10,view,,2026-04-15 09:08:09
228,4,view,,2026-04-15 09:08:19
228,4,click,,2026-04-15 09:08:42
228,4,add_to_cart,,2026-04-15 09:09:21
228,90,view,,2026-04-15 09:10:01
228,90,click,,2026-04-15 09:10:13
228,90,add_to_cart,,2026-04-15 09:11:07
228,90,purchase,,2026-04-15 09:14:07
229,0,search,laptop,2026-04-15 17:02:12
229,100,view,,2026-04-15 17:02:25
229,11,view,,2026-04-15 17:02:44
229,70,view,,2026-04-15 17:03:09
229,70,click,,2026-04-15 17:03:19
229,70,add_to_cart,,2026-04-15 17:04:41
229,30,view,,2026-04-15 17:05:34
229,80,view,,2026-04-15 17:06:14
229,80,click,,2026-04-15 17:06:39
230,0,search,photography,2026-04-16 02:45:12
230,60,view,,2026-04-16 02:45:40
230,2,view,,2026-04-16 02:46:38
230,40,view,,2026-04-16 02:47:27
230,40,click,,2026-04-16 02:47:41
231,0,search,photography,2026-04-16 19:24:12
231,60,view,,2026-04-16 19:24:28
231,60,click,,2026-04-16 19:24:40
231,10,view,,2026-04-16 19:24:58
231,10,click,,2026-04-16 19:25:08
231,70,view,,2026-04-16 19:26:05
231,2,view,,2026-04-16 19:27:05
231,11,view,,2026-04-16 19:27:48
231,11,click,,2026-04-16 19:27:54
232,0,search,apple,2026-04-18 13:27:12
232,1,view,,2026-04-18 13:27:55
232,1,click,,2026-04-18 13:28:05
232,60,view,,2026-04-18 13:28:54
232,40,view,,2026-04-18 13:29:53
232,40,click,,2026-04-18 13:29:59
233,0,search,coding,2026-04-18 21:06:12
233,90,view,,2026-04-18 21:06:46
233,90,click,,2026-04-18 21:07:14
233,1,view,,2026-04-18 21:08:08
233,1,click,,2026-04-18 21:08:35
233,4,view,,2026-04-18 21:09:10
233,4,click,,2026-04-18 21:09:16
233,2,view,,2026-04-18 21:09:40
233,2,click,,2026-04-18 21:09:55
234,0,search,coding,2026-04-15 14:33:12
234,100,view,,2026-04-15 14:34:06
234,100,click,,2026-04-15 14:34:36
234,4,view,,2026-04-15 14:34:48
234,40,view,,2026-04-15 14:34:58
234,1,view,,2026-04-15 14:35:37
234,1,click,,2026-04-15 14:36:01
235,0,search,apple,2026-04-15 23:14:12
235,1,view,,2026-04-15 23:15:05
235,1,click,,2026-04-15 23:15:16
235,1,add_to_cart,,2026-04-15 23:16:27
235,70,view,,2026-04-15 23:17:16
235,70,click,,2026-04-15 23:17:40
235,10,view,,2026-04-15 23:18:26
236,0,search,coding,2026-04-18 14:59:12
236,3,view,,2026-04-18 14:59:24
236,3,click,,2026-04-18 14:59:38
236,60,view,,2026-04-18 14:59:56
236,40,view,,2026-04-18 15:00:46
236,40,click,,2026-04-18 15:00:52
236,90,view,,2026-04-18 15:01:33
236,90,click,,2026-04-18 15:01:59
236,90,add_to_cart,,2026-04-18 15:02:44
236,90,purchase,,2026-04-18 15:03:44
237,0,search,photography,2026-04-16 12:22:12
237,4,view,,2026-04-16 12:22:46
237,4,click,,2026-04-16 12:23:07
237,4,add_to_cart,,2026-04-16 12:24:18
237,4,purchase,,2026-04-16 12:28:18
237,3,view,,2026-04-16 12:29:06
237,3,click,,2026-04-16 12:29:16
237,50,view,,2026-04-16 12:29:36
237,50,click,,2026-04-16 12:29:46
237,50,add_to_cart,,2026-04-16 12:31:00
237,50,purchase,,2026-04-16 12:33:00
237,11,view,,2026-04-16 12:33:24
237,11,click,,2026-04-16 12:33:29
237,11,add_to_cart,,2026-04-16 12:35:05
237,11,purchase,,2026-04-16 12:38:05
238,0,search,algorithms,2026-04-18 01:43:12
238,4,view,,2026-04-18 01:44:04
238,10,view,,2026-04-18 01:44:52
238,40,view,,2026-04-18 01:45:38
238,40,click,,2026-04-18 01:45:43
239,0,search,photography,2026-04-19 08:08:12
239,11,view,,2026-04-19 08:08:31
239,11,click,,2026-04-19 08:08:55
239,11,add_to_cart,,2026-04-19 08:10:22
239,11,purchase,,2026-04-19 08:13:22
239,40,view,,2026-04-19 08:14:18
239,40,click,,2026-04-19 08:14:23
239,40,add_to_cart,,2026-04-19 08:15:16
239,40,purchase,,2026-04-19 08:18:16
239,4,view,,2026-04-19 08:18:59
239,4,click,,2026-04-19 08:19:19
239,4,add_to_cart,,2026-04-19 08:20:38
239,4,purchase,,2026-04-19 08:25:38
240,0,search,laptop,2026-04-19 00:48:12
240,11,view,,2026-04-19 00:48:56
240,11,click,,2026-04-19 00:49:16
240,11,add_to_cart,,2026-04-19 00:49:53
240,11,purchase,,2026-04-19 00:51:53
240,1,view,,2026-04-19 00:52:26
240,50,view,,2026-04-19 00:52:37
240,80,view,,2026-04-19 00:52:47
240,80,click,,2026-04-19 00:52:52
241,0,search,tech,2026-04-19 03:40:12
241,10,view,,2026-04-19 03:41:08
241,10,click,,2026-04-19 03:41:30
241,50,view,,2026-04-19 03:41:58
241,50,click,,2026-04-19 03:42:21
241,100,view,,2026-04-19 03:43:15
241,100,click,,2026-04-19 03:43:33
241,100,add_to_cart,,2026-04-19 03:44:14
241,100,purchase,,2026-04-19 03:46:14
242,0,search,tech,2026-04-18 21:12:12
242,50,view,,2026-04-18 21:12:51
242,50,click,,2026-04-18 21:13:06
242,1,view,,2026-04-18 21:13:28
242,1,click,,2026-04-18 21:13:45
242,3,view,,2026-04-18 21:14:02
242,3,click,,2026-04-18 21:14:21
242,3,add_to_cart,,2026-04-18 21:15:08
242,90,view,,2026-04-18 21:15:38
242,90,click,,2026-04-18 21:15:44
242,90,add_to_cart,,2026-04-18 21:17:11
242,90,purchase,,2026-04-18 21:18:11
242,80,view,,2026-04-18 21:19:05
243,0,search,fashion,2026-04-16 03:51:12
243,3,view,,2026-04-16 03:51:57
243,3,click,,2026-04-16 03:52:15
243,11,view,,2026-04-16 03:52:29
243,11,click,,2026-04-16 03:52:52
243,4,view,,2026-04-16 03:53:25
243,4,click,,2026-04-16 03:53:44
243,30,view,,2026-04-16 03:54:37
244,0,search,algorithms,2026-04-17 07:18:12
244,10,view,,2026-04-17 07:19:07
244,80,view,,2026-04-17 07:19:46
244,80,click,,2026-04-17 07:20:15
244,11,view,,2026-04-17 07:20:26
244,4,view,,2026-04-17 07:21:15
244,4,click,,2026-04-17 07:21:36
245,0,search,home office,2026-04-15 17:45:12
245,90,view,,2026-04-15 17:45:42
245,4,view,,2026-04-15 17:46:20
245,1,view,,2026-04-15 17:47:15
246,0,search,coding,2026-04-18 13:33:12
246,40,view,,2026-04-18 13:34:00
246,30,view,,2026-04-18 13:34:26
246,30,click,,2026-04-18 13:34:50
246,30,add_to_cart,,2026-04-18 13:35:53
246,11,view,,2026-04-18 13:36:09
247,0,search,home office,2026-04-19 03:03:12
247,4,view,,2026-04-19 03:03:35
247,4,click,,2026-04-19 03:03:52
247,3,view,,2026-04-19 03:04:18
247,3,click,,2026-04-19 03:04:32
247,50,view,,2026-04-19 03:04:50
247,50,click,,2026-04-19 03:05:15
247,50,add_to_cart,,2026-04-19 03:05:52
247,50,purchase,,2026-04-19 03:07:52
247,90,view,,2026-04-19 03:08:18
247,90,click,,2026-04-19 03:08:39
248,0,search,home office,2026-04-15 03:35:12
248,90,view,,2026-04-15 03:35:32
248,90,click,,2026-04-15 03:36:00
248,90,add_to_cart,,2026-04-15 03:37:21
248,11,view,,2026-04-15 03:37:55
248,11,click,,2026-04-15 03:38:17
248,11,add_to_cart,,2026-04-15 03:39:29
248,11,purchase,,2026-04-15 03:41:29
248,2,view,,2026-04-15 03:41:59
248,2,click,,2026-04-15 03:42:13
248,1,view,,2026-04-15 03:43:04
248,1,click,,2026-04-15 03:43:29
249,0,search,coding,2026-04-15 08:30:12
249,2,view,,2026-04-15 08:30:42
249,2,click,,2026-04-15 08:31:04
249,30,view,,2026-04-15 08:31:22
249,60,view,,2026-04-15 08:31:36
249,60,click,,2026-04-15 08:31:56
249,60,add_to_cart,,2026-04-15 08:33:35
249,60,purchase,,2026-04-15 08:34:35
249,1,view,,2026-04-15 08:34:49
249,1,click,,2026-04-15 08:34:57
249,1,add_to_cart,,2026-04-15 08:36:21
249,40,view,,2026-04-15 08:36:50
249,40,click,,2026-04-15 08:37:16
250,0,search,photography,2026-04-17 00:03:12
250,4,view,,2026-04-17 00:04:04
250,4,click,,2026-04-17 00:04:15
250,3,view,,2026-04-17 00:04:39
250,3,click,,2026-04-17 00:04:46
250,3,add_to_cart,,2026-04-17 00:05:49
250,1,view,,2026-04-17 00:06:36
251,0,search,coding,2026-04-14 23:30:12
251,3,view,,2026-04-14 23:30:37
251,3,click,,2026-04-14 23:30:45
251,1,view,,2026-04-14 23:31:30
251,1,click,,2026-04-14 23:31:58
251,1,add_to_cart,,2026-04-14 23:32:56
251,2,view,,2026-04-14 23:33:07
251,2,click,,2026-04-14 23:33:19
251,2,add_to_cart,,2026-04-14 23:33:51
252,0,search,algorithms,2026-04-16 22:27:12
252,50,view,,2026-04-16 22:27:33
252,30,view,,2026-04-16 22:27:58
252,30,click,,2026-04-16 22:28:21
252,100,view,,2026-04-16 22:29:01
252,100,click,,2026-04-16 22:29:22
252,100,add_to_cart,,2026-04-16 22:30:47
252,100,purchase,,2026-04-16 22:32:47
252,60,view,,2026-04-16 22:33:14
252,60,click,,2026-04-16 22:33:35
252,3,view,,2026-04-16 22:34:32
253,0,search,coding,2026-04-17 00:16:12
253,4,view,,2026-04-17 00:16:56
253,4,click,,2026-04-17 00:17:01
253,11,view,,2026-04-17 00:17:26
253,11,click,,2026-04-17 00:17:46
253,11,add_to_cart,,2026-04-17 00:18:19
253,80,view,,2026-04-17 00:18:56
253,1,view,,2026-04-17 00:19:47
253,1,click,,2026-04-17 00:19:56
253,1,add_to_cart,,2026-04-17 00:20:20
253,1,purchase,,2026-04-17 00:22:20
254,0,search,photography,2026-04-15 04:34:12
254,1,view,,2026-04-15 04:35:08
254,1,click,,2026-04-15 04:35:13
254,3,view,,2026-04-15 04:35:47
254,3,click,,2026-04-15 04:35:54
254,30,view,,2026-04-15 04:36:37
254,30,click,,2026-04-15 04:36:43
254,100,view,,2026-04-15 04:37:14
254,100,click,,2026-04-15 04:37:30
255,0,search,photography,2026-04-18 20:13:12
255,70,view,,2026-04-18 20:13:45
255,40,view,,2026-04-18 20:14:39
255,40,click,,2026-04-18 20:14:48
255,40,add_to_cart,,2026-04-18 20:15:39
255,40,purchase,,2026-04-18 20:17:39
255,50,view,,2026-04-18 20:18:13
255,50,click,,2026-04-18 20:18:39
255,50,add_to_cart,,2026-04-18 20:19:27
255,50,purchase,,2026-04-18 20:23:27
255,100,view,,2026-04-18 20:24:11
255,100,click,,2026-04-18 20:24:36
256,0,search,coding,2026-04-17 15:43:12
256,2,view,,2026-04-17 15:43:58
256,2,click,,2026-04-17 15:44:26
256,3,view,,2026-04-17 15:45:05
256,80,view,,2026-04-17 15:45:52
256,80,click,,2026-04-17 15:46:04
256,90,view,,2026-04-17 15:46:59
256,90,click,,2026-04-17 15:47:11
256,10,view,,2026-04-17 15:47:41
256,10,click,,2026-04-17 15:47:46
256,10,add_to_cart,,2026-04-17 15:48:27
256,10,purchase,,2026-04-17 15:50:27
257,0,search,laptop,2026-04-19 09:16:12
257,4,view,,2026-04-19 09:16:23
257,50,view,,2026-04-19 09:17:23
257,90,view,,2026-04-19 09:18:12
257,90,click,,2026-04-19 09:18:27
257,70,view,,2026-04-19 09:19:15
257,70,click,,2026-04-19 09:19:37
258,0,search,apple,2026-04-16 02:32:12
258,4,view,,2026-04-16 02:33:03
258,40,view,,2026-04-16 02:33:15
258,2,view,,2026-04-16 02:34:10
258,2,click,,2026-04-16 02:34:22
258,90,view,,2026-04-16 02:34:59
259,0,search,coding,2026-04-15 03:37:12
259,90,view,,2026-04-15 03:37:30
259,100,view,,2026-04-15 03:37:49
259,100,click,,2026-04-15 03:38:05
259,1,view,,2026-04-15 03:38:59
259,1,click,,2026-04-15 03:39:08
259,80,view,,2026-04-15 03:39:19
259,80,click,,2026-04-15 03:39:33
260,0,search,apple,2026-04-15 22:36:12
260,3,view,,2026-04-15 22:36:48
260,50,view,,2026-04-15 22:37:11
260,50,click,,2026-04-15 22:37:20
260,2,view,,2026-04-15 22:38:04
260,2,click,,2026-04-15 22:38:34
260,10,view,,2026-04-15 22:39:23
260,100,view,,2026-04-15 22:39:38
261,0,search,home office,2026-04-17 00:22:12
261,11,view,,2026-04-17 00:22:33
261,11,click,,2026-04-17 00:22:59
261,4,view,,2026-04-17 00:23:56
261,4,click,,2026-04-17 00:24:02
261,4,add_to_cart,,2026-04-17 00:24:39
261,80,view,,2026-04-17 00:25:23
261,80,click,,2026-04-17 00:25:31
262,0,search,coding,2026-04-18 02:33:12
262,11,view,,2026-04-18 02:33:28
262,11,click,,2026-04-18 02:33:39
262,11,add_to_cart,,2026-04-18 02:34:27
262,11,purchase,,2026-04-18 02:36:27
262,4,view,,2026-04-18 02:36:52
262,3,view,,2026-04-18 02:37:41
262,100,view,,2026-04-18 02:38:29
262,100,click,,2026-04-18 02:38:37
262,90,view,,2026-04-18 02:39:16
262,90,click,,2026-04-18 02:39:46
263,0,search,home office,2026-04-15 03:31:12
263,1,view,,2026-04-15 03:31:50
263,1,click,,2026-04-15 03:32:05
263,60,view,,2026-04-15 03:32:20
263,60,click,,2026-04-15 03:32:35
263,60,add_to_cart,,2026-04-15 03:33:50
263,60,purchase,,2026-04-15 03:38:50
263,2,view,,2026-04-15 03:39:14
263,2,click,,2026-04-15 03:39:24
264,0,search,tech,2026-04-18 22:36:12
264,10,view,,2026-04-18 22:36:47
264,10,click,,2026-04-18 22:37:05
264,10,add_to_cart,,2026-04-18 22:37:30
264,10,purchase,,2026-04-18 22:38:30
264,70,view,,2026-04-18 22:38:48
264,50,view,,2026-04-18 22:39:44
264,50,click,,2026-04-18 22:39:57
264,90,view,,2026-04-18 22:40:30
265,0,search,fashion,2026-04-15 21:25:12
265,50,view,,2026-04-15 21:25:57
265,40,view,,2026-04-15 21:26:48
265,40,click,,2026-04-15 21:27:04
265,40,add_to_cart,,2026-04-15 21:27:52
265,1,view,,2026-04-15 21:28:43
265,1,click,,2026-04-15 21:28:58
266,0,search,home office,2026-04-15 08:10:12
266,40,view,,2026-04-15 08:11:10
266,50,view,,2026-04-15 08:11:35
266,3,view,,2026-04-15 08:11:52
266,3,click,,2026-04-15 08:12:18
266,11,view,,2026-04-15 08:12:32
267,0,search,tech,2026-04-19 14:00:12
267,4,view,,2026-04-19 14:00:43
267,4,click,,2026-04-19 14:01:12
267,10,view,,2026-04-19 14:01:58
267,10,click,,2026-04-19 14:02:21
267,80,view,,2026-04-19 14:02:42
267,80,click,,2026-04-19 14:02:48
267,80,add_to_cart,,2026-04-19 14:03:40
267,2,view,,2026-04-19 14:04:34
267,2,click,,2026-04-19 14:04:40
267,2,add_to_cart,,2026-04-19 14:06:00
268,0,search,fashion,2026-04-17 12:41:12
268,40,view,,2026-04-17 12:42:09
268,40,click,,2026-04-17 12:42:16
268,40,add_to_cart,,2026-04-17 12:42:36
268,40,purchase,,2026-04-17 12:44:36
268,3,view,,2026-04-17 12:44:53
268,3,click,,2026-04-17 12:45:06
268,3,add_to_cart,,2026-04-17 12:46:06
268,4,view,,2026-04-17 12:46:40
268,4,click,,2026-04-17 12:47:03
268,11,view,,2026-04-17 12:47:26
268,100,view,,2026-04-17 12:48:21
268,100,click,,2026-04-17 12:48:27
269,0,search,fashion,2026-04-19 09:04:12
269,70,view,,2026-04-19 09:05:08
269,90,view,,2026-04-19 09:05:29
269,3,view,,2026-04-19 09:06:14
269,3,click,,2026-04-19 09:06:30
269,3,add_to_cart,,2026-04-19 09:06:52
269,50,view,,2026-04-19 09:07:05
269,50,click,,2026-04-19 09:07:26
269,50,add_to_cart,,2026-04-19 09:08:46
269,30,view,,2026-04-19 09:09:28
270,0,search,home office,2026-04-17 22:02:12
270,70,view,,2026-04-17 22:02:38
270,70,click,,2026-04-17 22:02:43
270,70,add_to_cart,,2026-04-17 22:03:12
270,11,view,,2026-04-17 22:03:44
270,11,click,,2026-04-17 22:03:49
270,11,add_to_cart,,2026-04-17 22:05:21
270,11,purchase,,2026-04-17 22:08:21
270,1,view,,2026-04-17 22:08:57
270,50,view,,2026-04-17 22:09:21
270,30,view,,2026-04-17 22:09:56
270,30,click,,2026-04-17 22:10:16
271,0,search,laptop,2026-04-18 03:18:12
271,80,view,,2026-04-18 03:18:28
271,80,click,,2026-04-18 03:18:52
271,40,view,,2026-04-18 03:19:14
271,40,click,,2026-04-18 03:19:44
271,40,add_to_cart,,2026-04-18 03:20:34
271,40,purchase,,2026-04-18 03:25:34
271,50,view,,2026-04-18 03:26:34
271,50,click,,2026-04-18 03:26:54
271,11,view,,2026-04-18 03:27:23
272,0,search,fashion,2026-04-19 14:23:12
272,1,view,,2026-04-19 14:24:10
272,1,click,,2026-04-19 14:24:40
272,40,view,,2026-04-19 14:25:35
272,40,click,,2026-04-19 14:25:41
272,3,view,,2026-04-19 14:26:40
272,3,click,,2026-04-19 14:26:45
272,50,view,,2026-04-19 14:27:34
272,50,click,,2026-04-19 14:27:49
272,50,add_to_cart,,2026-04-19 14:29:21
273,0,search,apple,2026-04-15 15:44:12
273,4,view,,2026-04-15 15:45:08
273,4,click,,2026-04-15 15:45:31
273,50,view,,2026-04-15 15:46:06
273,50,click,,2026-04-15 15:46:22
273,60,view,,2026-04-15 15:46:57
273,60,click,,2026-04-15 15:47:07
273,60,add_to_cart,,2026-04-15 15:48:43
273,70,view,,2026-04-15 15:49:39
273,70,click,,2026-04-15 15:49:58
273,11,view,,2026-04-15 15:50:48
274,0,search,coding,2026-04-18 04:15:12
274,60,view,,2026-04-18 04:15:41
274,60,click,,2026-04-18 04:15:59
274,100,view,,2026-04-18 04:16:26
274,1,view,,2026-04-18 04:16:43
275,0,search,coding,2026-04-17 06:35:12
275,1,view,,2026-04-17 06:35:25
275,1,click,,2026-04-17 06:35:48
275,50,view,,2026-04-17 06:36:44
275,80,view,,2026-04-17 06:37:07
276,0,search,home office,2026-04-17 22:55:12
276,90,view,,2026-04-17 22:55:30
276,90,click,,2026-04-17 22:55:56
276,40,view,,2026-04-17 22:56:37
276,40,click,,2026-04-17 22:57:02
276,80,view,,2026-04-17 22:57:39
276,80,click,,2026-04-17 22:57:57
276,30,view,,2026-04-17 22:58:47
276,30,click,,2026-04-17 22:58:55
276,4,view,,2026-04-17 22:59:42
276,4,click,,2026-04-17 23:00:09
277,0,search,photography,2026-04-15 17:08:12
277,11,view,,2026-04-15 17:08:22
277,11,click,,2026-04-15 17:08:34
277,11,add_to_cart,,2026-04-15 17:09:33
277,60,view,,2026-04-15 17:10:19
277,60,click,,2026-04-15 17:10:24
277,10,view,,2026-04-15 17:10:40
277,10,click,,2026-04-15 17:11:02
277,3,view,,2026-04-15 17:11:55
278,0,search,algorithms,2026-04-15 23:12:12
278,3,view,,2026-04-15 23:13:03
278,3,click,,2026-04-15 23:13:27
278,60,view,,2026-04-15 23:14:15
278,60,click,,2026-04-15 23:14:31
278,60,add_to_cart,,2026-04-15 23:15:37
278,60,purchase,,2026-04-15 23:16:37
278,4,view,,2026-04-15 23:16:53
278,4,click,,2026-04-15 23:17:13
278,70,view,,2026-04-15 23:17:43
278,70,click,,2026-04-15 23:18:08
279,0,search,home office,2026-04-18 01:51:12
279,70,view,,2026-04-18 01:51:43
279,90,view,,2026-04-18 01:52:14
279,90,click,,2026-04-18 01:52:36
279,100,view,,2026-04-18 01:52:50
279,100,click,,2026-04-18 01:53:12
279,60,view,,2026-04-18 01:53:54
279,60,click,,2026-04-18 01:54:07
279,60,add_to_cart,,2026-04-18 01:55:09
279,60,purchase,,2026-04-18 01:58:09
279,1,view,,2026-04-18 01:58:57
280,0,search,laptop,2026-04-18 23:59:12
280,90,view,,2026-04-18 23:59:42
280,90,click,,2026-04-18 23:59:53
280,3,view,,2026-04-19 00:00:25
280,11,view,,2026-04-19 00:01:11
280,11,click,,2026-04-19 00:01:17
280,1,view,,2026-04-19 00:01:31
280,1,click,,2026-04-19 00:01:45
281,0,search,tech,2026-04-19 17:23:12
281,11,view,,2026-04-19 17:23:45
281,11,click,,2026-04-19 17:24:07
281,1,view,,2026-04-19 17:24:42
281,1,click,,2026-04-19 17:24:50
281,70,view,,2026-04-19 17:25:06
281,70,click,,2026-04-19 17:25:11
281,100,view,,2026-04-19 17:25:52
281,3,view,,2026-04-19 17:26:03
282,0,search,fashion,2026-04-18 06:32:12
282,100,view,,2026-04-18 06:32:49
282,100,click,,2026-04-18 06:32:57
282,40,view,,2026-04-18 06:33:34
282,2,view,,2026-04-18 06:34:22
282,3,view,,2026-04-18 06:35:10
282,3,click,,2026-04-18 06:35:35
282,4,view,,2026-04-18 06:36:05
282,4,click,,2026-04-18 06:36:34
283,0,search,apple,2026-04-16 02:59:12
283,30,view,,2026-04-16 02:59:49
283,1,view,,2026-04-16 03:00:10
283,1,click,,2026-04-16 03:00:28
283,40,view,,2026-04-16 03:01:00
283,40,click,,2026-04-16 03:01:21
283,40,add_to_cart,,2026-04-16 03:02:13
283,40,purchase,,2026-04-16 03:07:13
283,100,view,,2026-04-16 03:07:48
283,100,click,,2026-04-16 03:08:13
283,90,view,,2026-04-16 03:08:48
283,90,click,,2026-04-16 03:09:17
284,0,search,photography,2026-04-15 02:51:12
284,70,view,,2026-04-15 02:51:23
284,90,view,,2026-04-15 02:51:36
284,90,click,,2026-04-15 02:52:06
284,10,view,,2026-04-15 02:52:53
284,10,click,,2026-04-15 02:53:23
284,50,view,,2026-04-15 02:53:48
284,50,click,,2026-04-15 02:54:09
284,50,add_to_cart,,2026-04-15 02:54:53
284,4,view,,2026-04-15 02:55:04
284,4,click,,2026-04-15 02:55:25
284,4,add_to_cart,,2026-04-15 02:55:58
285,0,search,home office,2026-04-17 15:59:12
285,80,view,,2026-04-17 15:59:55
285,80,click,,2026-04-17 16:00:15
285,1,view,,2026-04-17 16:00:42
285,1,click,,2026-04-17 16:01:03
285,1,add_to_cart,,2026-04-17 16:02:06
285,3,view,,2026-04-17 16:02:46
285,3,click,,2026-04-17 16:03:00
285,3,add_to_cart,,2026-04-17 16:04:07
285,10,view,,2026-04-17 16:04:26
286,0,search,tech,2026-04-15 14:17:12
286,90,view,,2026-04-15 14:17:27
286,40,view,,2026-04-15 14:18:05
286,3,view,,2026-04-15 14:18:40
286,3,click,,2026-04-15 14:19:04
286,3,add_to_cart,,2026-04-15 14:20:03
286,3,purchase,,2026-04-15 14:24:03
286,1,view,,2026-04-15 14:24:37
286,1,click,,2026-04-15 14:24:48
287,0,search,algorithms,2026-04-16 12:28:12
287,40,view,,2026-04-16 12:28:38
287,2,view,,2026-04-16 12:29:01
287,90,view,,2026-04-16 12:29:56
287,90,click,,2026-04-16 12:30:17
287,100,view,,2026-04-16 12:30:34
287,100,click,,2026-04-16 12:30:49
288,0,search,laptop,2026-04-15 18:54:12
288,60,view,,2026-04-15 18:54:42
288,11,view,,2026-04-15 18:55:39
288,2,view,,2026-04-15 18:56:28
288,2,click,,2026-04-15 18:56:51
289,0,search,tech,2026-04-18 22:00:12
289,4,view,,2026-04-18 22:00:44
289,70,view,,2026-04-18 22:01:20
289,10,view,,2026-04-18 22:02:07
289,10,click,,2026-04-18 22:02:21
289,10,add_to_cart,,2026-04-18 22:03:19
289,1,view,,2026-04-18 22:04:17
289,1,click,,2026-04-18 22:04:37
289,2,view,,2026-04-18 22:05:15
289,2,click,,2026-04-18 22:05:20
290,0,search,laptop,2026-04-16 14:55:12
290,4,view,,2026-04-16 14:55:56
290,4,click,,2026-04-16 14:56:24
290,4,add_to_cart,,2026-04-16 14:57:53
290,4,purchase,,2026-04-16 15:02:53
290,100,view,,2026-04-16 15:03:26
290,100,click,,2026-04-16 15:03:52
290,90,view,,2026-04-16 15:04:28
290,90,click,,2026-04-16 15:04:39
291,0,search,algorithms,2026-04-19 17:51:12
291,1,view,,2026-04-19 17:51:56
291,80,view,,2026-04-19 17:52:07
291,50,view,,2026-04-19 17:53:01
291,50,click,,2026-04-19 17:53:21
292,0,search,home office,2026-04-16 17:00:12
292,50,view,,2026-04-16 17:00:56
292,50,click,,2026-04-16 17:01:05
292,60,view,,2026-04-16 17:01:29
292,1,view,,2026-04-16 17:02:00
292,1,click,,2026-04-16 17:02:14
293,0,search,tech,2026-04-16 07:48:12
293,80,view,,2026-04-16 07:48:30
293,80,click,,2026-04-16 07:48:46
293,11,view,,2026-04-16 07:49:35
293,10,view,,2026-04-16 07:50:11
293,10,click,,2026-04-16 07:50:25
293,10,add_to_cart,,2026-04-16 07:51:37
294,0,search,laptop,2026-04-15 05:38:12
294,80,view,,2026-04-15 05:38:23
294,80,click,,2026-04-15 05:38:49
294,50,view,,2026-04-15 05:38:59
294,3,view,,2026-04-15 05:39:44
294,3,click,,2026-04-15 05:40:12
294,3,add_to_cart,,2026-04-15 05:41:08
294,3,purchase,,2026-04-15 05:42:08
295,0,search,home office,2026-04-15 17:58:12
295,30,view,,2026-04-15 17:59:07
295,30,click,,2026-04-15 17:59:37
295,30,add_to_cart,,2026-04-15 18:00:17
295,60,view,,2026-04-15 18:01:16
295,60,click,,2026-04-15 18:01:30
295,60,add_to_cart,,2026-04-15 18:02:15
295,60,purchase,,2026-04-15 18:03:15
295,10,view,,2026-04-15 18:03:31
295,10,click,,2026-04-15 18:03:54
295,4,view,,2026-04-15 18:04:36
295,4,click,,2026-04-15 18:04:49
296,0,search,photography,2026-04-18 20:59:12
296,40,view,,2026-04-18 21:00:05
296,100,view,,2026-04-18 21:00:41
296,100,click,,2026-04-18 21:01:11
296,3,view,,2026-04-18 21:02:08
296,3,click,,2026-04-18 21:02:36
296,3,add_to_cart,,2026-04-18 21:03:42
296,3,purchase,,2026-04-18 21:07:42
296,50,view,,2026-04-18 21:08:39
296,50,click,,2026-04-18 21:08:49
296,50,add_to_cart,,2026-04-18 21:09:41
296,50,purchase,,2026-04-18 21:11:41
297,0,search,home office,2026-04-16 08:39:12
297,60,view,,2026-04-16 08:39:31
297,60,click,,2026-04-16 08:39:51
297,3,view,,2026-04-16 08:40:46
297,3,click,,2026-04-16 08:41:11
297,4,view,,2026-04-16 08:41:52
297,4,click,,2026-04-16 08:42:13
297,11,view,,2026-04-16 08:42:47
297,11,click,,2026-04-16 08:43:15
298,0,search,photography,2026-04-15 12:55:12
298,10,view,,2026-04-15 12:55:31
298,10,click,,2026-04-15 12:55:38
298,1,view,,2026-04-15 12:56:07
298,1,click,,2026-04-15 12:56:33
298,1,add_to_cart,,2026-04-15 12:57:19
298,1,purchase,,2026-04-15 12:59:19
298,60,view,,2026-04-15 13:00:17
298,60,click,,2026-04-15 13:00:40
298,30,view,,2026-04-15 13:01:11
298,30,click,,2026-04-15 13:01:35
298,3,view,,2026-04-15 13:02:03
298,3,click,,2026-04-15 13:02:23
298,3,add_to_cart,,2026-04-15 13:03:12
299,0,search,photography,2026-04-15 14:14:12
299,4,view,,2026-04-15 14:14:52
299,4,click,,2026-04-15 14:15:21
299,90,view,,2026-04-15 14:16:12
299,90,click,,2026-04-15 14:16:33
299,1,view,,2026-04-15 14:17:30
299,1,click,,2026-04-15 14:17:49
299,50,view,,2026-04-15 14:18:29
299,50,click,,2026-04-15 14:18:48
299,11,view,,2026-04-15 14:19:44
299,11,click,,2026-04-15 14:20:02
300,0,search,laptop,2026-04-16 07:23:12
300,50,view,,2026-04-16 07:23:38
300,3,view,,2026-04-16 07:24:02
300,3,click,,2026-04-16 07:24:19
300,80,view,,2026-04-16 07:24:56
300,11,view,,2026-04-16 07:25:32
300,60,view,,2026-04-16 07:26:27
300,60,click,,2026-04-16 07:26:51
301,0,search,fashion,2026-04-18 09:15:12
301,2,view,,2026-04-18 09:15:47
301,80,view,,2026-04-18 09:16:12
301,11,view,,2026-04-18 09:17:02
301,11,click,,2026-04-18 09:17:12
301,100,view,,2026-04-18 09:17:25
301,100,click,,2026-04-18 09:17:49
301,60,view,,2026-04-18 09:18:06
301,60,click,,2026-04-18 09:18:29
301,60,add_to_cart,,2026-04-18 09:19:19
301,60,purchase,,2026-04-18 09:20:19
302,0,search,laptop,2026-04-16 11:22:12
302,2,view,,2026-04-16 11:22:49
302,60,view,,2026-04-16 11:23:49
302,60,click,,2026-04-16 11:23:59
302,80,view,,2026-04-16 11:24:55
302,80,click,,2026-04-16 11:25:13
302,50,view,,2026-04-16 11:26:03
302,50,click,,2026-04-16 11:26:15
303,0,search,apple,2026-04-17 08:41:12
303,30,view,,2026-04-17 08:41:28
303,30,click,,2026-04-17 08:41:46
303,30,add_to_cart,,2026-04-17 08:43:03
303,30,purchase,,2026-04-17 08:48:03
303,4,view,,2026-04-17 08:48:43
303,4,click,,2026-04-17 08:49:12
303,3,view,,2026-04-17 08:49:41
303,3,click,,2026-04-17 08:49:51
304,0,search,tech,2026-04-17 11:20:12
304,50,view,,2026-04-17 11:21:09
304,50,click,,2026-04-17 11:21:35
304,80,view,,2026-04-17 11:21:49
304,80,click,,2026-04-17 11:22:00
304,70,view,,2026-04-17 11:22:59
304,70,click,,2026-04-17 11:23:25
304,3,view,,2026-04-17 11:23:38
304,3,click,,2026-04-17 11:24:01
304,3,add_to_cart,,2026-04-17 11:25:04
305,0,search,photography,2026-04-14 23:49:12
305,1,view,,2026-04-14 23:49:22
305,1,click,,2026-04-14 23:49:32
305,70,view,,2026-04-14 23:50:05
305,70,click,,2026-04-14 23:50:32
305,70,add_to_cart,,2026-04-14 23:51:09
305,100,view,,2026-04-14 23:51:24
305,100,click,,2026-04-14 23:51:29
305,90,view,,2026-04-14 23:51:44
305,90,click,,2026-04-14 23:52:08
305,90,add_to_cart,,2026-04-14 23:53:28
305,11,view,,2026-04-14 23:54:18
305,11,click,,2026-04-14 23:54:27
306,0,search,coding,2026-04-15 11:41:12
306,60,view,,2026-04-15 11:41:52
306,60,click,,2026-04-15 11:42:05
306,60,add_to_cart,,2026-04-15 11:42:56
306,90,view,,2026-04-15 11:43:11
306,90,click,,2026-04-15 11:43:23
306,90,add_to_cart,,2026-04-15 11:44:34
306,11,view,,2026-04-15 11:45:13
306,11,click,,2026-04-15 11:45:27
306,11,add_to_cart,,2026-04-15 11:46:28
306,11,purchase,,2026-04-15 11:50:28
307,0,search,algorithms,2026-04-16 05:18:12
307,11,view,,2026-04-16 05:18:38
307,11,click,,2026-04-16 05:19:01
307,80,view,,2026-04-16 05:19:45
307,80,click,,2026-04-16 05:19:52
307,4,view,,2026-04-16 05:20:52
307,4,click,,2026-04-16 05:21:20
307,4,add_to_cart,,2026-04-16 05:21:51
307,4,purchase,,2026-04-16 05:25:51
308,0,search,home office,2026-04-17 05:43:12
308,50,view,,2026-04-17 05:43:35
308,80,view,,2026-04-17 05:44:14
308,80,click,,2026-04-17 05:44:30
308,1,view,,2026-04-17 05:45:13
308,10,view,,2026-04-17 05:45:48
308,10,click,,2026-04-17 05:46:12
308,10,add_to_cart,,2026-04-17 05:46:54
308,10,purchase,,2026-04-17 05:49:54
308,4,view,,2026-04-17 05:50:15
308,4,click,,2026-04-17 05:50:20
309,0,search,algorithms,2026-04-15 00:47:12
309,11,view,,2026-04-15 00:47:46
309,40,view,,2026-04-15 00:48:16
309,40,click,,2026-04-15 00:48:37
309,3,view,,2026-04-15 00:49:14
309,100,view,,2026-04-15 00:49:59
309,100,click,,2026-04-15 00:50:29
310,0,search,fashion,2026-04-18 20:26:12
310,100,view,,2026-04-18 20:27:02
310,100,click,,2026-04-18 20:27:18
310,100,add_to_cart,,2026-04-18 20:27:52
310,10,view,,2026-04-18 20:28:33
310,90,view,,2026-04-18 20:28:57
310,90,click,,2026-04-18 20:29:03
310,60,view,,2026-04-18 20:29:14
310,60,click,,2026-04-18 20:29:38
311,0,search,tech,2026-04-16 23:32:12
311,60,view,,2026-04-16 23:32:29
311,60,click,,2026-04-16 23:32:57
311,70,view,,2026-04-16 23:33:31
311,70,click,,2026-04-16 23:34:00
311,50,view,,2026-04-16 23:34:24
311,50,click,,2026-04-16 23:34:54
311,4,view,,2026-04-16 23:35:27
311,4,click,,2026-04-16 23:35:42
311,4,add_to_cart,,2026-04-16 23:36:31
312,0,search,laptop,2026-04-19 04:40:12
312,40,view,,2026-04-19 04:40:43
312,3,view,,2026-04-19 04:41:13
312,3,click,,2026-04-19 04:41:42
312,1,view,,2026-04-19 04:42:11
312,1,click,,2026-04-19 04:42:18
313,0,search,laptop,2026-04-15 20:36:12
313,1,view,,2026-04-15 20:36:23
313,1,click,,2026-04-15 20:36:44
313,10,view,,2026-04-15 20:37:11
313,70,view,,2026-04-15 20:38:08
313,70,click,,2026-04-15 20:38:15
313,70,add_to_cart,,2026-04-15 20:39:43
313,50,view,,2026-04-15 20:40:08
313,50,click,,2026-04-15 20:40:35
313,4,view,,2026-04-15 20:41:12
313,4,click,,2026-04-15 20:41:34
313,4,add_to_cart,,2026-04-15 20:42:11
313,4,purchase,,2026-04-15 20:46:11
314,0,search,algorithms,2026-04-16 10:52:12
314,30,view,,2026-04-16 10:52:47
314,30,click,,2026-04-16 10:53:12
314,60,view,,2026-04-16 10:53:57
314,60,click,,2026-04-16 10:54:10
314,40,view,,2026-04-16 10:54:31
314,40,click,,2026-04-16 10:54:55
314,2,view,,2026-04-16 10:55:39
314,2,click,,2026-04-16 10:55:58
315,0,search,home office,2026-04-19 04:28:12
315,80,view,,2026-04-19 04:28:35
315,80,click,,2026-04-19 04:28:42
315,80,add_to_cart,,2026-04-19 04:29:30
315,80,purchase,,2026-04-19 04:33:30
315,1,view,,2026-04-19 04:34:20
315,1,click,,2026-04-19 04:34:44
315,4,view,,2026-04-19 04:35:13
315,4,click,,2026-04-19 04:35:21
316,0,search,algorithms,2026-04-16 04:51:12
316,40,view,,2026-04-16 04:52:06
316,40,click,,2026-04-16 04:52:11
316,10,view,,2026-04-16 04:52:29
316,90,view,,2026-04-16 04:52:56
316,60,view,,2026-04-16 04:53:12
316,60,click,,2026-04-16 04:53:29
316,60,add_to_cart,,2026-04-16 04:54:46
316,100,view,,2026-04-16 04:54:56
317,0,search,photography,2026-04-16 05:56:12
317,4,view,,2026-04-16 05:57:00
317,4,click,,2026-04-16 05:57:30
317,1,view,,2026-04-16 05:57:49
317,70,view,,2026-04-16 05:58:27
317,70,click,,2026-04-16 05:58:41
317,100,view,,2026-04-16 05:59:40
317,100,click,,2026-04-16 06:00:01
318,0,search,photography,2026-04-16 15:27:12
318,3,view,,2026-04-16 15:27:46
318,2,view,,2026-04-16 15:28:35
318,2,click,,2026-04-16 15:28:52
318,100,view,,2026-04-16 15:29:48
318,100,click,,2026-04-16 15:29:59
318,1,view,,2026-04-16 15:30:47
318,1,click,,2026-04-16 15:31:13
319,0,search,photography,2026-04-18 16:07:12
319,10,view,,2026-04-18 16:08:09
319,10,click,,2026-04-18 16:08:14
319,100,view,,2026-04-18 16:08:35
319,100,click,,2026-04-18 16:08:57
319,40,view,,2026-04-18 16:09:11
319,40,click,,2026-04-18 16:09:31
319,40,add_to_cart,,2026-04-18 16:10:20
319,80,view,,2026-04-18 16:11:06
319,80,click,,2026-04-18 16:11:15
320,0,search,coding,2026-04-17 23:35:12
320,60,view,,2026-04-17 23:35:52
320,60,click,,2026-04-17 23:36:16
320,60,add_to_cart,,2026-04-17 23:37:26
320,60,purchase,,2026-04-17 23:39:26
320,30,view,,2026-04-17 23:40:21
320,30,click,,2026-04-17 23:40:36
320,2,view,,2026-04-17 23:41:15
320,2,click,,2026-04-17 23:41:28
320,2,add_to_cart,,2026-04-17 23:42:04
320,2,purchase,,2026-04-17 23:43:04
321,0,search,photography,2026-04-18 14:40:12
321,11,view,,2026-04-18 14:40:44
321,11,click,,2026-04-18 14:41:05
321,1,view,,2026-04-18 14:42:02
321,100,view,,2026-04-18 14:42:58
321,100,click,,2026-04-18 14:43:20
321,100,add_to_cart,,2026-04-18 14:44:23
321,50,view,,2026-04-18 14:44:37
321,50,click,,2026-04-18 14:44:58
321,40,view,,2026-04-18 14:45:52
321,40,click,,2026-04-18 14:46:22
321,40,add_to_cart,,2026-04-18 14:47:29
322,0,search,home office,2026-04-19 20:01:12
322,2,view,,2026-04-19 20:02:12
322,2,click,,2026-04-19 20:02:33
322,2,add_to_cart,,2026-04-19 20:04:10
322,2,purchase,,2026-04-19 20:05:10
322,3,view,,2026-04-19 20:05:20
322,3,click,,2026-04-19 20:05:42
322,1,view,,2026-04-19 20:06:31
322,1,click,,2026-04-19 20:06:45
322,80,view,,2026-04-19 20:07:20
322,100,view,,2026-04-19 20:07:41
322,100,click,,2026-04-19 20:08:02
322,100,add_to_cart,,2026-04-19 20:08:22
322,100,purchase,,2026-04-19 20:13:22
323,0,search,coding,2026-04-15 09:01:12
323,60,view,,2026-04-15 09:01:56
323,60,click,,2026-04-15 09:02:04
323,3,view,,2026-04-15 09:02:56
323,3,click,,2026-04-15 09:03:09
323,3,add_to_cart,,2026-04-15 09:03:50
323,3,purchase,,2026-04-15 09:07:50
323,4,view,,2026-04-15 09:08:44
323,30,view,,2026-04-15 09:09:32
323,30,click,,2026-04-15 09:09:51
324,0,search,apple,2026-04-18 11:49:12
324,70,view,,2026-04-18 11:49:23
324,3,view,,2026-04-18 11:50:08
324,3,click,,2026-04-18 11:50:37
324,11,view,,2026-04-18 11:50:47
324,11,click,,2026-04-18 11:51:11
325,0,search,tech,2026-04-15 21:36:12
325,80,view,,2026-04-15 21:36:42
325,80,click,,2026-04-15 21:37:07
325,80,add_to_cart,,2026-04-15 21:38:35
325,80,purchase,,2026-04-15 21:39:35
325,4,view,,2026-04-15 21:39:46
325,4,click,,2026-04-15 21:39:58
325,4,add_to_cart,,2026-04-15 21:41:27
325,4,purchase,,2026-04-15 21:43:27
325,10,view,,2026-04-15 21:43:57
325,10,click,,2026-04-15 21:44:19
325,2,view,,2026-04-15 21:44:37
326,0,search,laptop,2026-04-16 00:30:12
326,4,view,,2026-04-16 00:30:34
326,4,click,,2026-04-16 00:30:41
326,2,view,,2026-04-16 00:31:25
326,40,view,,2026-04-16 00:32:23
326,40,click,,2026-04-16 00:32:28
326,40,add_to_cart,,2026-04-16 00:33:28
326,70,view,,2026-04-16 00:33:38
327,0,search,laptop,2026-04-19 06:31:12
327,40,view,,2026-04-19 06:32:04
327,40,click,,2026-04-19 06:32:12
327,40,add_to_cart,,2026-04-19 06:32:59
327,40,purchase,,2026-04-19 06:35:59
327,90,view,,2026-04-19 06:36:40
327,100,view,,2026-04-19 06:37:10
327,100,click,,2026-04-19 06:37:37
327,100,add_to_cart,,2026-04-19 06:37:58
328,0,search,home office,2026-04-15 03:23:12
328,50,view,,2026-04-15 03:23:52
328,50,click,,2026-04-15 03:23:59
328,30,view,,2026-04-15 03:24:19
328,30,click,,2026-04-15 03:24:49
328,1,view,,2026-04-15 03:25:29
328,1,click,,2026-04-15 03:25:59
328,4,view,,2026-04-15 03:26:39
328,60,view,,2026-04-15 03:27:18
328,60,click,,2026-04-15 03:27:32
329,0,search,apple,2026-04-18 19:02:12
329,60,view,,2026-04-18 19:02:53
329,60,click,,2026-04-18 19:03:07
329,1,view,,2026-04-18 19:03:43
329,30,view,,2026-04-18 19:04:03
329,30,click,,2026-04-18 19:04:15
330,0,search,fashion,2026-04-18 15:39:12
330,30,view,,2026-04-18 15:39:33
330,30,click,,2026-04-18 15:40:00
330,10,view,,2026-04-18 15:40:57
330,3,view,,2026-04-18 15:41:31
330,3,click,,2026-04-18 15:41:53
330,4,view,,2026-04-18 15:42:07
330,4,click,,2026-04-18 15:42:13
330,4,add_to_cart,,2026-04-18 15:43:32
330,4,purchase,,2026-04-18 15:45:32
330,11,view,,2026-04-18 15:45:46
330,11,click,,2026-04-18 15:45:59
331,0,search,apple,2026-04-18 14:13:12
331,10,view,,2026-04-18 14:13:52
331,10,click,,2026-04-18 14:13:59
331,100,view,,2026-04-18 14:14:37
331,100,click,,2026-04-18 14:15:04
331,100,add_to_cart,,2026-04-18 14:15:26
331,100,purchase,,2026-04-18 14:17:26
331,1,view,,2026-04-18 14:17:54
331,1,click,,2026-04-18 14:18:10
332,0,search,apple,2026-04-17 12:22:12
332,90,view,,2026-04-17 12:22:39
332,90,click,,2026-04-17 12:22:44
332,90,add_to_cart,,2026-04-17 12:23:29
332,10,view,,2026-04-17 12:24:05
332,10,click,,2026-04-17 12:24:26
332,30,view,,2026-04-17 12:25:09
332,30,click,,2026-04-17 12:25:35
332,30,add_to_cart,,2026-04-17 12:25:58
332,30,purchase,,2026-04-17 12:30:58
332,11,view,,2026-04-17 12:31:58
332,40,view,,2026-04-17 12:32:45
332,40,click,,2026-04-17 12:33:15
333,0,search,photography,2026-04-18 14:40:12
333,4,view,,2026-04-18 14:40:32
333,4,click,,2026-04-18 14:40:57
333,4,add_to_cart,,2026-04-18 14:42:01
333,4,purchase,,2026-04-18 14:47:01
333,50,view,,2026-04-18 14:47:39
333,50,click,,2026-04-18 14:48:02
333,100,view,,2026-04-18 14:48:16
333,100,click,,2026-04-18 14:48:25
334,0,search,home office,2026-04-17 20:25:12
334,70,view,,2026-04-17 20:25:57
334,70,click,,2026-04-17 20:26:02
334,40,view,,2026-04-17 20:26:40
334,40,click,,2026-04-17 20:27:08
334,40,add_to_cart,,2026-04-17 20:28:17
334,60,view,,2026-04-17 20:28:50
334,60,click,,2026-04-17 20:29:08
334,11,view,,2026-04-17 20:29:33
334,11,click,,2026-04-17 20:29:56
334,90,view,,2026-04-17 20:30:42
334,90,click,,2026-04-17 20:31:06
335,0,search,home office,2026-04-17 03:40:12
335,100,view,,2026-04-17 03:41:08
335,100,click,,2026-04-17 03:41:20
335,100,add_to_cart,,2026-04-17 03:41:56
335,90,view,,2026-04-17 03:42:10
335,3,view,,2026-04-17 03:42:45
335,3,click,,2026-04-17 03:42:54
335,4,view,,2026-04-17 03:43:11
335,4,click,,2026-04-17 03:43:32
335,4,add_to_cart,,2026-04-17 03:43:58
335,4,purchase,,2026-04-17 03:44:58
336,0,search,coding,2026-04-19 01:37:12
336,90,view,,2026-04-19 01:38:12
336,40,view,,2026-04-19 01:38:47
336,40,click,,2026-04-19 01:38:57
336,80,view,,2026-04-19 01:39:31
336,80,click,,2026-04-19 01:39:58
336,80,add_to_cart,,2026-04-19 01:41:35
336,80,purchase,,2026-04-19 01:43:35
337,0,search,algorithms,2026-04-16 05:05:12
337,60,view,,2026-04-16 05:05:28
337,60,click,,2026-04-16 05:05:58
337,60,add_to_cart,,2026-04-16 05:06:23
337,60,purchase,,2026-04-16 05:09:23
337,11,view,,2026-04-16 05:10:14
337,11,click,,2026-04-16 05:10:39
337,30,view,,2026-04-16 05:11:32
337,3,view,,2026-04-16 05:11:56
337,3,click,,2026-04-16 05:12:21
337,80,view,,2026-04-16 05:12:44
338,0,search,fashion,2026-04-18 22:29:12
338,30,view,,2026-04-18 22:29:51
338,30,click,,2026-04-18 22:30:21
338,10,view,,2026-04-18 22:31:08
338,2,view,,2026-04-18 22:32:05
338,2,click,,2026-04-18 22:32:15
338,4,view,,2026-04-18 22:32:40
338,4,click,,2026-04-18 22:32:59
339,0,search,laptop,2026-04-15 01:24:12
339,80,view,,2026-04-15 01:25:04
339,80,click,,2026-04-15 01:25:21
339,80,add_to_cart,,2026-04-15 01:26:53
339,80,purchase,,2026-04-15 01:31:53
339,30,view,,2026-04-15 01:32:11
339,30,click,,2026-04-15 01:32:30
339,11,view,,2026-04-15 01:33:18
339,11,click,,2026-04-15 01:33:24
339,11,add_to_cart,,2026-04-15 01:34:44
339,40,view,,2026-04-15 01:35:44
339,10,view,,2026-04-15 01:36:20
339,10,click,,2026-04-15 01:36:44
340,0,search,laptop,2026-04-15 17:09:12
340,3,view,,2026-04-15 17:09:58
340,3,click,,2026-04-15 17:10:10
340,2,view,,2026-04-15 17:10:59
340,40,view,,2026-04-15 17:11:15
340,40,click,,2026-04-15 17:11:36
340,40,add_to_cart,,2026-04-15 17:12:35
340,100,view,,2026-04-15 17:13:04
340,100,click,,2026-04-15 17:13:28
341,0,search,algorithms,2026-04-15 10:38:12
341,3,view,,2026-04-15 10:38:38
341,3,click,,2026-04-15 10:39:02
341,80,view,,2026-04-15 10:39:29
341,80,click,,2026-04-15 10:39:52
341,80,add_to_cart,,2026-04-15 10:41:04
341,70,view,,2026-04-15 10:41:20
341,70,click,,2026-04-15 10:41:32
342,0,search,fashion,2026-04-18 04:41:12
342,90,view,,2026-04-18 04:41:29
342,90,click,,2026-04-18 04:41:52
342,90,add_to_cart,,2026-04-18 04:43:07
342,2,view,,2026-04-18 04:43:53
342,2,click,,2026-04-18 04:44:21
342,40,view,,2026-04-18 04:44:45
342,40,click,,2026-04-18 04:45:05
342,40,add_to_cart,,2026-04-18 04:45:53
342,80,view,,2026-04-18 04:46:12
342,80,click,,2026-04-18 04:46:17
342,30,view,,2026-04-18 04:46:55
342,30,click,,2026-04-18 04:47:19
343,0,search,fashion,2026-04-19 16:16:12
343,4,view,,2026-04-19 16:16:36
343,4,click,,2026-04-19 16:16:42
343,2,view,,2026-04-19 16:17:25
343,80,view,,2026-04-19 16:18:13
343,80,click,,2026-04-19 16:18:33
343,30,view,,2026-04-19 16:19:07
343,1,view,,2026-04-19 16:19:18
343,1,click,,2026-04-19 16:19:48
344,0,search,coding,2026-04-15 10:27:12
344,90,view,,2026-04-15 10:28:12
344,90,click,,2026-04-15 10:28:22
344,60,view,,2026-04-15 10:28:49
344,60,click,,2026-04-15 10:28:55
344,80,view,,2026-04-15 10:29:06
344,80,click,,2026-04-15 10:29:24
344,100,view,,2026-04-15 10:30:24
344,100,click,,2026-04-15 10:30:51
344,100,add_to_cart,,2026-04-15 10:32:21
345,0,search,fashion,2026-04-17 15:17:12
345,30,view,,2026-04-17 15:17:22
345,30,click,,2026-04-17 15:17:49
345,40,view,,2026-04-17 15:18:11
345,1,view,,2026-04-17 15:18:58
345,2,view,,2026-04-17 15:19:43
346,0,search,algorithms,2026-04-17 15:05:12
346,40,view,,2026-04-17 15:05:59
346,40,click,,2026-04-17 15:06:25
346,40,add_to_cart,,2026-04-17 15:07:01
346,30,view,,2026-04-17 15:07:33
346,30,click,,2026-04-17 15:07:45
346,2,view,,2026-04-17 15:08:03
346,2,click,,2026-04-17 15:08:20
346,1,view,,2026-04-17 15:08:30
346,1,click,,2026-04-17 15:08:40
346,11,view,,2026-04-17 15:09:40
346,11,click,,2026-04-17 15:09:54
347,0,search,algorithms,2026-04-19 15:49:12
347,60,view,,2026-04-19 15:49:31
347,70,view,,2026-04-19 15:50:17
347,70,click,,2026-04-19 15:50:26
347,70,add_to_cart,,2026-04-19 15:50:53
347,100,view,,2026-04-19 15:51:08
347,100,click,,2026-04-19 15:51:14
347,30,view,,2026-04-19 15:51:50
347,30,click,,2026-04-19 15:52:03
348,0,search,algorithms,2026-04-18 00:59:12
348,2,view,,2026-04-18 00:59:54
348,2,click,,2026-04-18 00:59:59
348,2,add_to_cart,,2026-04-18 01:00:44
348,2,purchase,,2026-04-18 01:03:44
348,80,view,,2026-04-18 01:04:12
348,60,view,,2026-04-18 01:04:58
348,60,click,,2026-04-18 01:05:16
349,0,search,fashion,2026-04-17 22:49:12
349,10,view,,2026-04-17 22:50:07
349,30,view,,2026-04-17 22:50:22
349,30,click,,2026-04-17 22:50:49
349,80,view,,2026-04-17 22:51:36
349,80,click,,2026-04-17 22:51:41
349,4,view,,2026-04-17 22:52:10
349,4,click,,2026-04-17 22:52:23
349,4,add_to_cart,,2026-04-17 22:54:00
349,70,view,,2026-04-17 22:54:13
349,70,click,,2026-04-17 22:54:30
350,0,search,home office,2026-04-17 11:57:12
350,70,view,,2026-04-17 11:57:45
350,70,click,,2026-04-17 11:57:59
350,70,add_to_cart,,2026-04-17 11:58:53
350,70,purchase,,2026-04-17 12:03:53
350,11,view,,2026-04-17 12:04:50
350,11,click,,2026-04-17 12:04:56
350,11,add_to_cart,,2026-04-17 12:06:10
350,11,purchase,,2026-04-17 12:10:10
350,50,view,,2026-04-17 12:10:28
350,50,click,,2026-04-17 12:10:46
350,1,view,,2026-04-17 12:11:38
350,1,click,,2026-04-17 12:11:44
350,4,view,,2026-04-17 12:12:30
350,4,click,,2026-04-17 12:12:56
350,4,add_to_cart,,2026-04-17 12:13:26
350,4,purchase,,2026-04-17 12:17:26
351,0,search,algorithms,2026-04-19 14:36:12
351,90,view,,2026-04-19 14:36:46
351,90,click,,2026-04-19 14:37:07
351,10,view,,2026-04-19 14:37:32
351,10,click,,2026-04-19 14:38:00
351,1,view,,2026-04-19 14:38:43
351,1,click,,2026-04-19 14:38:56
351,1,add_to_cart,,2026-04-19 14:39:33
351,30,view,,2026-04-19 14:40:05
351,30,click,,2026-04-19 14:40:28
351,30,add_to_cart,,2026-04-19 14:41:02
351,30,purchase,,2026-04-19 14:44:02
351,80,view,,2026-04-19 14:44:37
351,80,click,,2026-04-19 14:44:49
352,0,search,laptop,2026-04-17 03:46:12
352,1,view,,2026-04-17 03:46:43
352,1,click,,2026-04-17 03:46:49
352,1,add_to_cart,,2026-04-17 03:47:41
352,1,purchase,,2026-04-17 03:48:41
352,100,view,,2026-04-17 03:49:15
352,90,view,,2026-04-17 03:49:34
352,90,click,,2026-04-17 03:49:41
352,90,add_to_cart,,2026-04-17 03:50:36
352,90,purchase,,2026-04-17 03:54:36
353,0,search,apple,2026-04-19 03:34:12
353,50,view,,2026-04-19 03:34:23
353,3,view,,2026-04-19 03:34:41
353,60,view,,2026-04-19 03:35:09
354,0,search,photography,2026-04-19 11:08:12
354,30,view,,2026-04-19 11:09:09
354,30,click,,2026-04-19 11:09:22
354,30,add_to_cart,,2026-04-19 11:10:25
354,30,purchase,,2026-04-19 11:14:25
354,70,view,,2026-04-19 11:14:55
354,70,click,,2026-04-19 11:15:22
354,70,add_to_cart,,2026-04-19 11:16:30
354,70,purchase,,2026-04-19 11:21:30
354,11,view,,2026-04-19 11:21:50
354,11,click,,2026-04-19 11:22:06
354,11,add_to_cart,,2026-04-19 11:23:33
354,100,view,,2026-04-19 11:23:47
355,0,search,coding,2026-04-19 12:18:12
355,70,view,,2026-04-19 12:18:24
355,40,view,,2026-04-19 12:19:08
355,40,click,,2026-04-19 12:19:35
355,30,view,,2026-04-19 12:20:19
355,30,click,,2026-04-19 12:20:42
355,2,view,,2026-04-19 12:20:52
355,2,click,,2026-04-19 12:21:03
355,2,add_to_cart,,2026-04-19 12:21:31
355,2,purchase,,2026-04-19 12:22:31
355,10,view,,2026-04-19 12:23:05
355,10,click,,2026-04-19 12:23:34
356,0,search,apple,2026-04-18 15:25:12
356,1,view,,2026-04-18 15:26:01
356,1,click,,2026-04-18 15:26:20
356,50,view,,2026-04-18 15:27:06
356,50,click,,2026-04-18 15:27:15
356,60,view,,2026-04-18 15:27:42
356,60,click,,2026-04-18 15:28:05
356,60,add_to_cart,,2026-04-18 15:29:36
356,10,view,,2026-04-18 15:30:23
356,10,click,,2026-04-18 15:30:32
356,10,add_to_cart,,2026-04-18 15:31:29
357,0,search,tech,2026-04-17 05:09:12
357,60,view,,2026-04-17 05:09:35
357,60,click,,2026-04-17 05:09:45
357,50,view,,2026-04-17 05:10:25
357,50,click,,2026-04-17 05:10:36
357,11,view,,2026-04-17 05:10:55
357,11,click,,2026-04-17 05:11:12
358,0,search,coding,2026-04-17 08:07:12
358,30,view,,2026-04-17 08:08:10
358,10,view,,2026-04-17 08:08:41
358,60,view,,2026-04-17 08:09:00
358,70,view,,2026-04-17 08:09:35
358,4,view,,2026-04-17 08:09:56
358,4,click,,2026-04-17 08:10:15
359,0,search,fashion,2026-04-16 01:00:12
359,10,view,,2026-04-16 01:01:05
359,10,click,,2026-04-16 01:01:14
359,10,add_to_cart,,2026-04-16 01:02:33
359,10,purchase,,2026-04-16 01:05:33
359,100,view,,2026-04-16 01:06:22
359,100,click,,2026-04-16 01:06:51
359,80,view,,2026-04-16 01:07:19
360,0,search,fashion,2026-04-18 12:53:12
360,4,view,,2026-04-18 12:53:51
360,4,click,,2026-04-18 12:54:09
360,10,view,,2026-04-18 12:54:30
360,10,click,,2026-04-18 12:54:45
360,30,view,,2026-04-18 12:55:38
361,0,search,laptop,2026-04-15 05:46:12
361,10,view,,2026-04-15 05:46:53
361,10,click,,2026-04-15 05:47:03
361,80,view,,2026-04-15 05:47:55
361,70,view,,2026-04-15 05:48:22
361,11,view,,2026-04-15 05:49:10
361,11,click,,2026-04-15 05:49:33
362,0,search,apple,2026-04-16 13:57:12
362,30,view,,2026-04-16 13:58:11
362,70,view,,2026-04-16 13:58:42
362,70,click,,2026-04-16 13:58:58
362,2,view,,2026-04-16 13:59:42
362,4,view,,2026-04-16 14:00:03
362,4,click,,2026-04-16 14:00:14
362,1,view,,2026-04-16 14:00:40
363,0,search,coding,2026-04-19 16:49:12
363,3,view,,2026-04-19 16:49:28
363,3,click,,2026-04-19 16:49:57
363,100,view,,2026-04-19 16:50:07
363,90,view,,2026-04-19 16:50:33
363,90,click,,2026-04-19 16:50:58
363,80,view,,2026-04-19 16:51:54
363,30,view,,2026-04-19 16:52:34
363,30,click,,2026-04-19 16:52:43
364,0,search,apple,2026-04-18 02:27:12
364,30,view,,2026-04-18 02:27:51
364,30,click,,2026-04-18 02:27:59
364,70,view,,2026-04-18 02:28:53
364,70,click,,2026-04-18 02:29:00
364,70,add_to_cart,,2026-04-18 02:29:58
364,40,view,,2026-04-18 02:30:29
364,1,view,,2026-04-18 02:31:29
364,10,view,,2026-04-18 02:31:55
365,0,search,coding,2026-04-15 16:40:12
365,3,view,,2026-04-15 16:40:59
365,3,click,,2026-04-15 16:41:04
365,10,view,,2026-04-15 16:41:17
365,10,click,,2026-04-15 16:41:45
365,30,view,,2026-04-15 16:42:26
365,30,click,,2026-04-15 16:42:31
365,70,view,,2026-04-15 16:42:49
366,0,search,fashion,2026-04-19 00:26:12
366,90,view,,2026-04-19 00:26:51
366,90,click,,2026-04-19 00:27:06
366,1,view,,2026-04-19 00:27:19
366,4,view,,2026-04-19 00:27:51
366,4,click,,2026-04-19 00:28:00
366,2,view,,2026-04-19 00:28:30
366,2,click,,2026-04-19 00:28:38
367,0,search,apple,2026-04-19 01:30:12
367,4,view,,2026-04-19 01:30:49
367,4,click,,2026-04-19 01:31:02
367,60,view,,2026-04-19 01:31:55
367,60,click,,2026-04-19 01:32:01
367,60,add_to_cart,,2026-04-19 01:32:41
367,11,view,,2026-04-19 01:33:22
367,90,view,,2026-04-19 01:34:06
367,90,click,,2026-04-19 01:34:13
367,70,view,,2026-04-19 01:34:45
367,70,click,,2026-04-19 01:34:55
367,70,add_to_cart,,2026-04-19 01:35:32
368,0,search,laptop,2026-04-16 17:03:12
368,40,view,,2026-04-16 17:03:29
368,40,click,,2026-04-16 17:03:59
368,1,view,,2026-04-16 17:04:13
368,1,click,,2026-04-16 17:04:38
368,90,view,,2026-04-16 17:04:57
369,0,search,photography,2026-04-19 14:38:12
369,80,view,,2026-04-19 14:38:37
369,2,view,,2026-04-19 14:39:18
369,2,click,,2026-04-19 14:39:46
369,70,view,,2026-04-19 14:40:20
369,70,click,,2026-04-19 14:40:26
370,0,search,tech,2026-04-19 16:12:12
370,40,view,,2026-04-19 16:12:58
370,30,view,,2026-04-19 16:13:25
370,30,click,,2026-04-19 16:13:46
370,1,view,,2026-04-19 16:14:18
371,0,search,coding,2026-04-17 23:11:12
371,1,view,,2026-04-17 23:11:39
371,1,click,,2026-04-17 23:12:02
371,100,view,,2026-04-17 23:12:36
371,100,click,,2026-04-17 23:12:59
371,100,add_to_cart,,2026-04-17 23:13:47
371,100,purchase,,2026-04-17 23:14:47
371,11,view,,2026-04-17 23:15:20
371,11,click,,2026-04-17 23:15:26
371,70,view,,2026-04-17 23:16:00
371,60,view,,2026-04-17 23:16:16
371,60,click,,2026-04-17 23:16:28
372,0,search,tech,2026-04-15 13:50:12
372,70,view,,2026-04-15 13:51:12
372,70,click,,2026-04-15 13:51:23
372,3,view,,2026-04-15 13:51:38
372,3,click,,2026-04-15 13:51:49
372,2,view,,2026-04-15 13:52:30
372,80,view,,2026-04-15 13:52:43
372,80,click,,2026-04-15 13:52:59
373,0,search,fashion,2026-04-19 06:53:12
373,60,view,,2026-04-19 06:53:28
373,30,view,,2026-04-19 06:54:17
373,30,click,,2026-04-19 06:54:40
373,10,view,,2026-04-19 06:54:54
373,10,click,,2026-04-19 06:55:23
373,50,view,,2026-04-19 06:55:40
373,50,click,,2026-04-19 06:56:07
373,50,add_to_cart,,2026-04-19 06:57:35
373,50,purchase,,2026-04-19 06:58:35
374,0,search,coding,2026-04-19 08:19:12
374,60,view,,2026-04-19 08:20:09
374,60,click,,2026-04-19 08:20:31
374,1,view,,2026-04-19 08:20:55
374,80,view,,2026-04-19 08:21:05
374,80,click,,2026-04-19 08:21:21
374,10,view,,2026-04-19 08:21:43
374,4,view,,2026-04-19 08:22:06
374,4,click,,2026-04-19 08:22:31
374,4,add_to_cart,,2026-04-19 08:23:58
375,0,search,algorithms,2026-04-17 15:37:12
375,90,view,,2026-04-17 15:37:32
375,90,click,,2026-04-17 15:37:58
375,60,view,,2026-04-17 15:38:35
375,60,click,,2026-04-17 15:38:47
375,100,view,,2026-04-17 15:39:05
375,50,view,,2026-04-17 15:39:46
375,50,click,,2026-04-17 15:40:10
375,1,view,,2026-04-17 15:40:21
375,1,click,,2026-04-17 15:40:39
376,0,search,coding,2026-04-19 19:47:12
376,90,view,,2026-04-19 19:47:30
376,80,view,,2026-04-19 19:48:24
376,30,view,,2026-04-19 19:49:17
376,70,view,,2026-04-19 19:49:31
376,70,click,,2026-04-19 19:49:52
376,60,view,,2026-04-19 19:50:41
377,0,search,photography,2026-04-17 19:53:12
377,60,view,,2026-04-17 19:53:44
377,60,click,,2026-04-17 19:54:02
377,3,view,,2026-04-17 19:54:49
377,90,view,,2026-04-17 19:55:43
377,90,click,,2026-04-17 19:55:59
377,80,view,,2026-04-17 19:56:25
377,80,click,,2026-04-17 19:56:41
378,0,search,laptop,2026-04-15 02:38:12
378,30,view,,2026-04-15 02:38:45
378,10,view,,2026-04-15 02:39:41
378,10,click,,2026-04-15 02:39:55
378,90,view,,2026-04-15 02:40:45
378,3,view,,2026-04-15 02:40:55
378,3,click,,2026-04-15 02:41:01
378,40,view,,2026-04-15 02:41:26
378,40,click,,2026-04-15 02:41:41
379,0,search,tech,2026-04-17 05:19:12
379,10,view,,2026-04-17 05:19:24
379,1,view,,2026-04-17 05:19:43
379,1,click,,2026-04-17 05:19:56
379,80,view,,2026-04-17 05:20:51
379,80,click,,2026-04-17 05:21:18
379,80,add_to_cart,,2026-04-17 05:22:12
379,4,view,,2026-04-17 05:22:36
379,4,click,,2026-04-17 05:22:48
380,0,search,apple,2026-04-17 08:13:12
380,50,view,,2026-04-17 08:13:38
380,50,click,,2026-04-17 08:14:06
380,80,view,,2026-04-17 08:14:52
380,60,view,,2026-04-17 08:15:13
380,60,click,,2026-04-17 08:15:42
380,90,view,,2026-04-17 08:16:06
380,3,view,,2026-04-17 08:16:36
380,3,click,,2026-04-17 08:16:57
381,0,search,tech,2026-04-17 06:14:12
381,2,view,,2026-04-17 06:14:52
381,40,view,,2026-04-17 06:15:21
381,11,view,,2026-04-17 06:15:39
381,11,click,,2026-04-17 06:15:49
381,50,view,,2026-04-17 06:16:16
381,50,click,,2026-04-17 06:16:26
381,3,view,,2026-04-17 06:17:24
381,3,click,,2026-04-17 06:17:51
382,0,search,laptop,2026-04-17 02:40:12
382,90,view,,2026-04-17 02:40:41
382,90,click,,2026-04-17 02:41:05
382,50,view,,2026-04-17 02:41:59
382,50,click,,2026-04-17 02:42:18
382,3,view,,2026-04-17 02:43:18
382,3,click,,2026-04-17 02:43:38
382,2,view,,2026-04-17 02:44:07
382,2,click,,2026-04-17 02:44:22
382,2,add_to_cart,,2026-04-17 02:44:45
382,100,view,,2026-04-17 02:45:37
382,100,click,,2026-04-17 02:45:54
383,0,search,tech,2026-04-15 09:40:12
383,50,view,,2026-04-15 09:41:12
383,50,click,,2026-04-15 09:41:37
383,70,view,,2026-04-15 09:41:59
383,11,view,,2026-04-15 09:42:16
384,0,search,coding,2026-04-18 19:43:12
384,50,view,,2026-04-18 19:44:07
384,50,click,,2026-04-18 19:44:32
384,1,view,,2026-04-18 19:45:31
384,70,view,,2026-04-18 19:45:46
384,70,click,,2026-04-18 19:46:01
384,90,view,,2026-04-18 19:46:37
384,10,view,,2026-04-18 19:47:21
385,0,search,laptop,2026-04-17 01:19:12
385,30,view,,2026-04-17 01:20:02
385,30,click,,2026-04-17 01:20:21
385,2,view,,2026-04-17 01:20:35
385,2,click,,2026-04-17 01:20:43
385,60,view,,2026-04-17 01:21:32
385,60,click,,2026-04-17 01:22:00
385,90,view,,2026-04-17 01:22:53
386,0,search,coding,2026-04-15 13:21:12
386,10,view,,2026-04-15 13:21:43
386,10,click,,2026-04-15 13:21:58
386,1,view,,2026-04-15 13:22:15
386,1,click,,2026-04-15 13:22:29
386,100,view,,2026-04-15 13:22:46
386,50,view,,2026-04-15 13:23:29
387,0,search,coding,2026-04-16 04:55:12
387,10,view,,2026-04-16 04:55:37
387,70,view,,2026-04-16 04:55:47
387,4,view,,2026-04-16 04:56:33
387,4,click,,2026-04-16 04:56:50
387,4,add_to_cart,,2026-04-16 04:57:57
387,4,purchase,,2026-04-16 05:01:57
387,2,view,,2026-04-16 05:02:40
388,0,search,photography,2026-04-16 06:06:12
388,2,view,,2026-04-16 06:06:35
388,2,click,,2026-04-16 06:07:01
388,10,view,,2026-04-16 06:07:26
388,10,click,,2026-04-16 06:07:55
388,10,add_to_cart,,2026-04-16 06:08:20
388,10,purchase,,2026-04-16 06:11:20
388,50,view,,2026-04-16 06:11:58
388,50,click,,2026-04-16 06:12:08
389,0,search,home office,2026-04-18 20:27:12
389,50,view,,2026-04-18 20:27:28
389,50,click,,2026-04-18 20:27:42
389,4,view,,2026-04-18 20:28:13
389,4,click,,2026-04-18 20:28:28
389,4,add_to_cart,,2026-04-18 20:30:08
389,4,purchase,,2026-04-18 20:32:08
389,40,view,,2026-04-18 20:32:20
389,70,view,,2026-04-18 20:32:36
389,70,click,,2026-04-18 20:32:44
390,0,search,photography,2026-04-17 00:38:12
390,1,view,,2026-04-17 00:39:02
390,90,view,,2026-04-17 00:39:37
390,90,click,,2026-04-17 00:39:56
390,4,view,,2026-04-17 00:40:18
390,70,view,,2026-04-17 00:40:29
390,10,view,,2026-04-17 00:41:25
390,10,click,,2026-04-17 00:41:50
391,0,search,tech,2026-04-17 22:55:12
391,90,view,,2026-04-17 22:55:28
391,90,click,,2026-04-17 22:55:58
391,30,view,,2026-04-17 22:56:29
391,30,click,,2026-04-17 22:56:58
391,4,view,,2026-04-17 22:57:21
391,4,click,,2026-04-17 22:57:30
391,2,view,,2026-04-17 22:58:00
391,2,click,,2026-04-17 22:58:08
391,2,add_to_cart,,2026-04-17 22:58:47
392,0,search,home office,2026-04-18 05:52:12
392,100,view,,2026-04-18 05:53:01
392,100,click,,2026-04-18 05:53:07
392,11,view,,2026-04-18 05:53:22
392,11,click,,2026-04-18 05:53:39
392,90,view,,2026-04-18 05:54:39
392,90,click,,2026-04-18 05:54:48
392,90,add_to_cart,,2026-04-18 05:55:55
393,0,search,tech,2026-04-15 00:52:12
393,11,view,,2026-04-15 00:53:09
393,11,click,,2026-04-15 00:53:35
393,60,view,,2026-04-15 00:54:09
393,60,click,,2026-04-15 00:54:18
393,60,add_to_cart,,2026-04-15 00:54:40
393,60,purchase,,2026-04-15 00:57:40
393,2,view,,2026-04-15 00:58:12
394,0,search,coding,2026-04-18 06:03:12
394,90,view,,2026-04-18 06:03:30
394,90,click,,2026-04-18 06:03:57
394,4,view,,2026-04-18 06:04:21
394,4,click,,2026-04-18 06:04:30
394,30,view,,2026-04-18 06:04:45
394,30,click,,2026-04-18 06:05:03
395,0,search,fashion,2026-04-17 01:27:12
395,30,view,,2026-04-17 01:27:55
395,30,click,,2026-04-17 01:28:09
395,30,add_to_cart,,2026-04-17 01:29:26
395,11,view,,2026-04-17 01:30:20
395,11,click,,2026-04-17 01:30:36
395,50,view,,2026-04-17 01:31:05
396,0,search,laptop,2026-04-16 11:23:12
396,10,view,,2026-04-16 11:23:51
396,10,click,,2026-04-16 11:24:11
396,10,add_to_cart,,2026-04-16 11:25:06
396,10,purchase,,2026-04-16 11:27:06
396,90,view,,2026-04-16 11:27:16
396,90,click,,2026-04-16 11:27:29
396,11,view,,2026-04-16 11:28:19
396,11,click,,2026-04-16 11:28:26
396,70,view,,2026-04-16 11:29:15
396,70,click,,2026-04-16 11:29:21
397,0,search,laptop,2026-04-15 11:22:12
397,100,view,,2026-04-15 11:22:50
397,40,view,,2026-04-15 11:23:28
397,40,click,,2026-04-15 11:23:50
397,40,add_to_cart,,2026-04-15 11:25:20
397,4,view,,2026-04-15 11:25:56
397,4,click,,2026-04-15 11:26:22
398,0,search,apple,2026-04-16 10:31:12
398,50,view,,2026-04-16 10:31:45
398,50,click,,2026-04-16 10:32:08
398,3,view,,2026-04-16 10:32:29
398,3,click,,2026-04-16 10:32:45
398,30,view,,2026-04-16 10:33:17
398,30,click,,2026-04-16 10:33:37
398,80,view,,2026-04-16 10:33:57
399,0,search,home office,2026-04-17 18:38:12
399,70,view,,2026-04-17 18:38:48
399,70,click,,2026-04-17 18:38:54
399,3,view,,2026-04-17 18:39:10
399,3,click,,2026-04-17 18:39:35
399,3,add_to_cart,,2026-04-17 18:40:48
399,40,view,,2026-04-17 18:41:26
399,40,click,,2026-04-17 18:41:55
399,100,view,,2026-04-17 18:42:13
399,100,click,,2026-04-17 18:42:27
399,100,add_to_cart,,2026-04-17 18:43:57
399,30,view,,2026-04-17 18:44:23
400,0,search,coding,2026-04-18 17:56:12
400,30,view,,2026-04-18 17:56:32
400,30,click,,2026-04-18 17:56:37
400,50,view,,2026-04-18 17:57:16
400,50,click,,2026-04-18 17:57:28
400,100,view,,2026-04-18 17:58:22
400,100,click,,2026-04-18 17:58:36
401,0,search,algorithms,2026-04-17 04:44:12
401,1,view,,2026-04-17 04:44:31
401,50,view,,2026-04-17 04:45:19
401,50,click,,2026-04-17 04:45:38
401,80,view,,2026-04-17 04:46:36
401,80,click,,2026-04-17 04:47:03
401,11,view,,2026-04-17 04:47:23
401,11,click,,2026-04-17 04:47:48
402,0,search,tech,2026-04-16 01:27:12
402,40,view,,2026-04-16 01:28:01
402,90,view,,2026-04-16 01:28:33
402,90,click,,2026-04-16 01:29:01
402,90,add_to_cart,,2026-04-16 01:30:00
402,90,purchase,,2026-04-16 01:33:00
402,11,view,,2026-04-16 01:33:45
403,0,search,laptop,2026-04-19 06:24:12
403,90,view,,2026-04-19 06:24:33
403,1,view,,2026-04-19 06:25:11
403,70,view,,2026-04-19 06:25:52
403,70,click,,2026-04-19 06:26:00
404,0,search,tech,2026-04-17 21:12:12
404,2,view,,2026-04-17 21:12:44
404,2,click,,2026-04-17 21:13:03
404,2,add_to_cart,,2026-04-17 21:13:30
404,2,purchase,,2026-04-17 21:18:30
404,80,view,,2026-04-17 21:18:42
404,80,click,,2026-04-17 21:18:50
404,80,add_to_cart,,2026-04-17 21:20:05
404,80,purchase,,2026-04-17 21:21:05
404,11,view,,2026-04-17 21:21:25
404,11,click,,2026-04-17 21:21:48
404,11,add_to_cart,,2026-04-17 21:23:13
404,11,purchase,,2026-04-17 21:26:13
405,0,search,algorithms,2026-04-18 06:34:12
405,100,view,,2026-04-18 06:34:44
405,10,view,,2026-04-18 06:35:35
405,10,click,,2026-04-18 06:36:03
405,10,add_to_cart,,2026-04-18 06:36:43
405,10,purchase,,2026-04-18 06:41:43
405,40,view,,2026-04-18 06:42:33
405,90,view,,2026-04-18 06:43:29
405,90,click,,2026-04-18 06:43:40
405,90,add_to_cart,,2026-04-18 06:45:01
405,30,view,,2026-04-18 06:45:54
405,30,click,,2026-04-18 06:46:13
405,30,add_to_cart,,2026-04-18 06:47:43
405,30,purchase,,2026-04-18 06:49:43
406,0,search,photography,2026-04-15 12:14:12
406,70,view,,2026-04-15 12:15:12
406,70,click,,2026-04-15 12:15:21
406,1,view,,2026-04-15 12:15:58
406,1,click,,2026-04-15 12:16:27
406,1,add_to_cart,,2026-04-15 12:17:18
406,1,purchase,,2026-04-15 12:21:18
406,2,view,,2026-04-15 12:22:06
406,2,click,,2026-04-15 12:22:28
406,2,add_to_cart,,2026-04-15 12:23:21
406,10,view,,2026-04-15 12:24:17
406,10,click,,2026-04-15 12:24:37
406,3,view,,2026-04-15 12:25:29
406,3,click,,2026-04-15 12:25:40
407,0,search,coding,2026-04-19 12:27:12
407,30,view,,2026-04-19 12:27:35
407,60,view,,2026-04-19 12:28:27
407,60,click,,2026-04-19 12:28:57
407,70,view,,2026-04-19 12:29:56
407,70,click,,2026-04-19 12:30:08
407,3,view,,2026-04-19 12:30:26
407,3,click,,2026-04-19 12:30:43
407,3,add_to_cart,,2026-04-19 12:31:34
407,3,purchase,,2026-04-19 12:32:34
407,90,view,,2026-04-19 12:33:18
407,90,click,,2026-04-19 12:33:37
408,0,search,photography,2026-04-16 04:20:12
408,60,view,,2026-04-16 04:21:06
408,60,click,,2026-04-16 04:21:14
408,4,view,,2026-04-16 04:22:12
408,30,view,,2026-04-16 04:22:52
408,30,click,,2026-04-16 04:23:12
409,0,search,home office,2026-04-18 01:56:12
409,30,view,,2026-04-18 01:56:46
409,2,view,,2026-04-18 01:57:41
409,2,click,,2026-04-18 01:58:06
409,10,view,,2026-04-18 01:58:57
410,0,search,coding,2026-04-16 21:10:12
410,1,view,,2026-04-16 21:10:42
410,1,click,,2026-04-16 21:10:59
410,40,view,,2026-04-16 21:11:57
410,40,click,,2026-04-16 21:12:15
410,11,view,,2026-04-16 21:12:38
410,11,click,,2026-04-16 21:12:51
410,11,add_to_cart,,2026-04-16 21:13:50
410,11,purchase,,2026-04-16 21:18:50
410,70,view,,2026-04-16 21:19:39
410,70,click,,2026-04-16 21:19:49
410,100,view,,2026-04-16 21:20:42
410,100,click,,2026-04-16 21:21:04
410,100,add_to_cart,,2026-04-16 21:22:00
410,100,purchase,,2026-04-16 21:23:00
411,0,search,coding,2026-04-16 04:04:12
411,2,view,,2026-04-16 04:04:41
411,100,view,,2026-04-16 04:05:29
411,100,click,,2026-04-16 04:05:39
411,100,add_to_cart,,2026-04-16 04:06:08
411,100,purchase,,2026-04-16 04:11:08
411,40,view,,2026-04-16 04:12:02
411,40,click,,2026-04-16 04:12:12
411,50,view,,2026-04-16 04:12:52
411,50,click,,2026-04-16 04:13:19
412,0,search,algorithms,2026-04-17 07:26:12
412,2,view,,2026-04-17 07:26:51
412,2,click,,2026-04-17 07:27:18
412,1,view,,2026-04-17 07:28:05
412,30,view,,2026-04-17 07:28:26
412,30,click,,2026-04-17 07:28:40
412,10,view,,2026-04-17 07:29:39
413,0,search,laptop,2026-04-19 11:39:12
413,50,view,,2026-04-19 11:40:10
413,30,view,,2026-04-19 11:40:35
413,30,click,,2026-04-19 11:40:42
413,90,view,,2026-04-19 11:41:31
413,90,click,,2026-04-19 11:41:48
413,90,add_to_cart,,2026-04-19 11:42:13
413,90,purchase,,2026-04-19 11:46:13
413,70,view,,2026-04-19 11:46:39
413,70,click,,2026-04-19 11:47:07
414,0,search,fashion,2026-04-16 19:27:12
414,10,view,,2026-04-16 19:28:01
414,10,click,,2026-04-16 19:28:16
414,3,view,,2026-04-16 19:29:14
414,3,click,,2026-04-16 19:29:36
414,4,view,,2026-04-16 19:30:00
414,4,click,,2026-04-16 19:30:24
414,4,add_to_cart,,2026-04-16 19:30:51
414,4,purchase,,2026-04-16 19:33:51
415,0,search,fashion,2026-04-15 02:28:12
415,30,view,,2026-04-15 02:28:35
415,30,click,,2026-04-15 02:29:05
415,1,view,,2026-04-15 02:29:18
415,1,click,,2026-04-15 02:29:42
415,50,view,,2026-04-15 02:30:12
415,50,click,,2026-04-15 02:30:41
415,60,view,,2026-04-15 02:31:09
416,0,search,apple,2026-04-17 16:16:12
416,10,view,,2026-04-17 16:16:51
416,100,view,,2026-04-17 16:17:50
416,100,click,,2026-04-17 16:18:02
416,80,view,,2026-04-17 16:18:59
416,1,view,,2026-04-17 16:19:48
417,0,search,laptop,2026-04-16 03:49:12
417,100,view,,2026-04-16 03:49:57
417,100,click,,2026-04-16 03:50:27
417,90,view,,2026-04-16 03:50:46
417,90,click,,2026-04-16 03:51:03
417,90,add_to_cart,,2026-04-16 03:51:24
417,90,purchase,,2026-04-16 03:52:24
417,4,view,,2026-04-16 03:52:35
417,4,click,,2026-04-16 03:52:42
417,3,view,,2026-04-16 03:53:31
417,2,view,,2026-04-16 03:54:22
418,0,search,laptop,2026-04-18 18:02:12
418,40,view,,2026-04-18 18:02:34
418,40,click,,2026-04-18 18:02:42
418,80,view,,2026-04-18 18:03:14
418,80,click,,2026-04-18 18:03:42
418,11,view,,2026-04-18 18:04:12
418,10,view,,2026-04-18 18:05:00
418,10,click,,2026-04-18 18:05:18
418,10,add_to_cart,,2026-04-18 18:05:54
418,2,view,,2026-04-18 18:06:09
418,2,click,,2026-04-18 18:06:33
419,0,search,fashion,2026-04-16 06:19:12
419,40,view,,2026-04-16 06:19:28
419,70,view,,2026-04-16 06:20:00
419,70,click,,2026-04-16 06:20:20
419,50,view,,2026-04-16 06:21:08
419,50,click,,2026-04-16 06:21:34
419,50,add_to_cart,,2026-04-16 06:22:59
420,0,search,home office,2026-04-19 14:26:12
420,1,view,,2026-04-19 14:26:36
420,1,click,,2026-04-19 14:26:45
420,50,view,,2026-04-19 14:27:09
420,50,click,,2026-04-19 14:27:34
420,80,view,,2026-04-19 14:27:52
420,3,view,,2026-04-19 14:28:10
420,3,click,,2026-04-19 14:28:33
420,3,add_to_cart,,2026-04-19 14:28:58
420,3,purchase,,2026-04-19 14:30:58
420,60,view,,2026-04-19 14:31:46
420,60,click,,2026-04-19 14:32:12
420,60,add_to_cart,,2026-04-19 14:33:25
420,60,purchase,,2026-04-19 14:34:25
421,0,search,photography,2026-04-15 17:23:12
421,2,view,,2026-04-15 17:24:02
421,1,view,,2026-04-15 17:24:16
421,1,click,,2026-04-15 17:24:26
421,80,view,,2026-04-15 17:25:13
421,4,view,,2026-04-15 17:26:13
421,3,view,,2026-04-15 17:27:02
421,3,click,,2026-04-15 17:27:11
421,3,add_to_cart,,2026-04-15 17:28:30
421,3,purchase,,2026-04-15 17:30:30
422,0,search,algorithms,2026-04-17 03:56:12
422,30,view,,2026-04-17 03:57:02
422,30,click,,2026-04-17 03:57:21
422,11,view,,2026-04-17 03:57:45
422,11,click,,2026-04-17 03:58:14
422,3,view,,2026-04-17 03:58:54
422,3,click,,2026-04-17 03:59:07
422,80,view,,2026-04-17 03:59:25
422,80,click,,2026-04-17 03:59:44
422,40,view,,2026-04-17 03:59:57
423,0,search,tech,2026-04-15 18:25:12
423,4,view,,2026-04-15 18:25:37
423,4,click,,2026-04-15 18:25:51
423,80,view,,2026-04-15 18:26:05
423,80,click,,2026-04-15 18:26:23
423,80,add_to_cart,,2026-04-15 18:27:49
423,80,purchase,,2026-04-15 18:31:49
423,100,view,,2026-04-15 18:32:28
423,1,view,,2026-04-15 18:33:01
423,1,click,,2026-04-15 18:33:18
423,30,view,,2026-04-15 18:33:35
423,30,click,,2026-04-15 18:34:04
424,0,search,apple,2026-04-15 10:36:12
424,50,view,,2026-04-15 10:37:04
424,30,view,,2026-04-15 10:37:17
424,30,click,,2026-04-15 10:37:44
424,1,view,,2026-04-15 10:38:36
424,1,click,,2026-04-15 10:38:52
424,1,add_to_cart,,2026-04-15 10:40:23
424,3,view,,2026-04-15 10:40:53
424,10,view,,2026-04-15 10:41:42
424,10,click,,2026-04-15 10:42:05
425,0,search,coding,2026-04-16 01:45:12
425,80,view,,2026-04-16 01:45:36
425,50,view,,2026-04-16 01:46:24
425,2,view,,2026-04-16 01:47:19
425,2,click,,2026-04-16 01:47:35
425,11,view,,2026-04-16 01:48:22
425,11,click,,2026-04-16 01:48:28
426,0,search,tech,2026-04-15 19:58:12
426,11,view,,2026-04-15 19:58:36
426,11,click,,2026-04-15 19:58:53
426,2,view,,2026-04-15 19:59:40
426,2,click,,2026-04-15 20:00:05
426,70,view,,2026-04-15 20:00:46
426,70,click,,2026-04-15 20:01:07
426,70,add_to_cart,,2026-04-15 20:02:10
427,0,search,coding,2026-04-18 06:29:12
427,30,view,,2026-04-18 06:30:07
427,30,click,,2026-04-18 06:30:36
427,70,view,,2026-04-18 06:31:34
427,70,click,,2026-04-18 06:32:01
427,70,add_to_cart,,2026-04-18 06:32:50
427,70,purchase,,2026-04-18 06:33:50
427,40,view,,2026-04-18 06:34:13
427,40,click,,2026-04-18 06:34:23
427,40,add_to_cart,,2026-04-18 06:34:58
427,10,view,,2026-04-18 06:35:35
428,0,search,photography,2026-04-17 14:53:12
428,70,view,,2026-04-17 14:53:43
428,70,click,,2026-04-17 14:54:06
428,40,view,,2026-04-17 14:54:21
428,40,click,,2026-04-17 14:54:40
428,90,view,,2026-04-17 14:55:14
428,90,click,,2026-04-17 14:55:29
429,0,search,laptop,2026-04-18 21:48:12
429,80,view,,2026-04-18 21:48:27
429,30,view,,2026-04-18 21:49:19
429,30,click,,2026-04-18 21:49:30
429,40,view,,2026-04-18 21:50:21
429,40,click,,2026-04-18 21:50:38
429,3,view,,2026-04-18 21:51:05
429,3,click,,2026-04-18 21:51:32
429,10,view,,2026-04-18 21:52:29
429,10,click,,2026-04-18 21:52:48
430,0,search,home office,2026-04-16 10:29:12
430,30,view,,2026-04-16 10:29:27
430,30,click,,2026-04-16 10:29:38
430,100,view,,2026-04-16 10:29:53
430,40,view,,2026-04-16 10:30:26
430,40,click,,2026-04-16 10:30:39
431,0,search,fashion,2026-04-15 04:00:12
431,30,view,,2026-04-15 04:01:03
431,30,click,,2026-04-15 04:01:17
431,3,view,,2026-04-15 04:01:30
431,3,click,,2026-04-15 04:01:48
431,3,add_to_cart,,2026-04-15 04:02:27
431,100,view,,2026-04-15 04:03:19
431,100,click,,2026-04-15 04:03:41
431,60,view,,2026-04-15 04:04:17
431,60,click,,2026-04-15 04:04:45
432,0,search,tech,2026-04-16 21:20:12
432,1,view,,2026-04-16 21:20:37
432,1,click,,2026-04-16 21:21:06
432,100,view,,2026-04-16 21:21:20
432,11,view,,2026-04-16 21:22:07
432,11,click,,2026-04-16 21:22:20
432,2,view,,2026-04-16 21:23:07
432,70,view,,2026-04-16 21:23:48
433,0,search,laptop,2026-04-16 00:17:12
433,70,view,,2026-04-16 00:17:53
433,70,click,,2026-04-16 00:18:18
433,10,view,,2026-04-16 00:18:51
433,10,click,,2026-04-16 00:19:03
433,4,view,,2026-04-16 00:19:25
433,4,click,,2026-04-16 00:19:49
434,0,search,laptop,2026-04-16 18:13:12
434,11,view,,2026-04-16 18:14:09
434,10,view,,2026-04-16 18:14:23
434,10,click,,2026-04-16 18:14:46
434,40,view,,2026-04-16 18:14:56
434,40,click,,2026-04-16 18:15:26
435,0,search,laptop,2026-04-17 09:05:12
435,100,view,,2026-04-17 09:05:56
435,100,click,,2026-04-17 09:06:07
435,100,add_to_cart,,2026-04-17 09:06:46
435,100,purchase,,2026-04-17 09:07:46
435,3,view,,2026-04-17 09:07:58
435,2,view,,2026-04-17 09:08:49
435,2,click,,2026-04-17 09:09:00
436,0,search,tech,2026-04-18 20:44:12
436,3,view,,2026-04-18 20:44:39
436,3,click,,2026-04-18 20:44:49
436,70,view,,2026-04-18 20:45:07
436,70,click,,2026-04-18 20:45:29
436,100,view,,2026-04-18 20:45:56
437,0,search,fashion,2026-04-18 14:57:12
437,40,view,,2026-04-18 14:57:45
437,40,click,,2026-04-18 14:58:02
437,40,add_to_cart,,2026-04-18 14:59:30
437,50,view,,2026-04-18 14:59:59
437,10,view,,2026-04-18 15:00:33
437,10,click,,2026-04-18 15:00:41
437,90,view,,2026-04-18 15:00:57
437,90,click,,2026-04-18 15:01:05
438,0,search,coding,2026-04-16 16:41:12
438,2,view,,2026-04-16 16:41:37
438,2,click,,2026-04-16 16:41:44
438,100,view,,2026-04-16 16:42:13
438,100,click,,2026-04-16 16:42:31
438,3,view,,2026-04-16 16:43:10
438,90,view,,2026-04-16 16:43:32
438,90,click,,2026-04-16 16:43:59
438,90,add_to_cart,,2026-04-16 16:45:33
439,0,search,laptop,2026-04-16 20:50:12
439,40,view,,2026-04-16 20:50:23
439,40,click,,2026-04-16 20:50:43
439,2,view,,2026-04-16 20:51:15
439,60,view,,2026-04-16 20:51:47
439,60,click,,2026-04-16 20:52:02
439,10,view,,2026-04-16 20:52:35
439,80,view,,2026-04-16 20:53:29
439,80,click,,2026-04-16 20:53:47
439,80,add_to_cart,,2026-04-16 20:55:03
439,80,purchase,,2026-04-16 20:57:03
440,0,search,algorithms,2026-04-19 09:23:12
440,100,view,,2026-04-19 09:23:39
440,100,click,,2026-04-19 09:23:54
440,2,view,,2026-04-19 09:24:07
440,2,click,,2026-04-19 09:24:25
440,40,view,,2026-04-19 09:24:36
440,40,click,,2026-04-19 09:24:49
441,0,search,coding,2026-04-19 09:58:12
441,11,view,,2026-04-19 09:58:48
441,3,view,,2026-04-19 09:58:58
441,3,click,,2026-04-19 09:59:08
441,30,view,,2026-04-19 09:59:40
441,10,view,,2026-04-19 09:59:55
441,10,click,,2026-04-19 10:00:06
441,10,add_to_cart,,2026-04-19 10:00:47
441,10,purchase,,2026-04-19 10:02:47
442,0,search,fashion,2026-04-16 06:33:12
442,3,view,,2026-04-16 06:33:26
442,3,click,,2026-04-16 06:33:42
442,3,add_to_cart,,2026-04-16 06:34:32
442,30,view,,2026-04-16 06:35:10
442,30,click,,2026-04-16 06:35:35
442,30,add_to_cart,,2026-04-16 06:36:34
442,30,purchase,,2026-04-16 06:38:34
442,4,view,,2026-04-16 06:38:44
442,80,view,,2026-04-16 06:39:20
442,80,click,,2026-04-16 06:39:33
443,0,search,algorithms,2026-04-18 16:13:12
443,40,view,,2026-04-18 16:14:07
443,40,click,,2026-04-18 16:14:23
443,10,view,,2026-04-18 16:14:47
443,10,click,,2026-04-18 16:15:17
443,90,view,,2026-04-18 16:15:54
443,90,click,,2026-04-18 16:16:21
443,30,view,,2026-04-18 16:16:42
444,0,search,fashion,2026-04-16 09:09:12
444,90,view,,2026-04-16 09:09:37
444,90,click,,2026-04-16 09:09:55
444,90,add_to_cart,,2026-04-16 09:10:48
444,3,view,,2026-04-16 09:11:30
444,50,view,,2026-04-16 09:12:16
444,50,click,,2026-04-16 09:12:31
444,30,view,,2026-04-16 09:12:50
445,0,search,apple,2026-04-16 02:48:12
445,90,view,,2026-04-16 02:48:40
445,90,click,,2026-04-16 02:48:49
445,40,view,,2026-04-16 02:49:23
445,40,click,,2026-04-16 02:49:41
445,40,add_to_cart,,2026-04-16 02:50:43
445,40,purchase,,2026-04-16 02:55:43
445,3,view,,2026-04-16 02:56:33
446,0,search,home office,2026-04-15 13:21:12
446,3,view,,2026-04-15 13:21:46
446,3,click,,2026-04-15 13:22:12
446,70,view,,2026-04-15 13:22:49
446,100,view,,2026-04-15 13:23:33
446,100,click,,2026-04-15 13:23:59
446,100,add_to_cart,,2026-04-15 13:25:08
447,0,search,coding,2026-04-17 08:31:12
447,11,view,,2026-04-17 08:31:53
447,11,click,,2026-04-17 08:32:09
447,11,add_to_cart,,2026-04-17 08:33:09
447,10,view,,2026-04-17 08:33:39
447,60,view,,2026-04-17 08:34:29
447,60,click,,2026-04-17 08:34:42
447,70,view,,2026-04-17 08:35:01
447,90,view,,2026-04-17 08:35:36
447,90,click,,2026-04-17 08:35:53
448,0,search,tech,2026-04-18 11:04:12
448,80,view,,2026-04-18 11:04:30
448,80,click,,2026-04-18 11:05:00
448,60,view,,2026-04-18 11:05:22
448,60,click,,2026-04-18 11:05:45
448,60,add_to_cart,,2026-04-18 11:07:21
448,60,purchase,,2026-04-18 11:08:21
448,40,view,,2026-04-18 11:09:18
449,0,search,laptop,2026-04-16 07:43:12
449,11,view,,2026-04-16 07:43:41
449,11,click,,2026-04-16 07:43:54
449,100,view,,2026-04-16 07:44:47
449,100,click,,2026-04-16 07:45:00
449,100,add_to_cart,,2026-04-16 07:46:39
449,60,view,,2026-04-16 07:47:27
449,60,click,,2026-04-16 07:47:35
449,40,view,,2026-04-16 07:47:47
449,40,click,,2026-04-16 07:48:09
450,0,search,apple,2026-04-16 01:42:12
450,100,view,,2026-04-16 01:43:04
450,1,view,,2026-04-16 01:43:22
450,1,click,,2026-04-16 01:43:35
450,1,add_to_cart,,2026-04-16 01:44:44
450,4,view,,2026-04-16 01:44:59
450,4,click,,2026-04-16 01:45:05
450,4,add_to_cart,,2026-04-16 01:46:35
451,0,search,fashion,2026-04-17 02:38:12
451,3,view,,2026-04-17 02:38:57
451,100,view,,2026-04-17 02:39:46
451,100,click,,2026-04-17 02:39:54
451,100,add_to_cart,,2026-04-17 02:40:42
451,100,purchase,,2026-04-17 02:45:42
451,30,view,,2026-04-17 02:46:40
451,30,click,,2026-04-17 02:47:00
451,30,add_to_cart,,2026-04-17 02:48:05
451,30,purchase,,2026-04-17 02:51:05
451,90,view,,2026-04-17 02:51:47
451,90,click,,2026-04-17 02:51:54
452,0,search,fashion,2026-04-16 14:36:12
452,40,view,,2026-04-16 14:37:05
452,40,click,,2026-04-16 14:37:35
452,40,add_to_cart,,2026-04-16 14:38:40
452,40,purchase,,2026-04-16 14:39:40
452,50,view,,2026-04-16 14:40:38
452,50,click,,2026-04-16 14:40:56
452,60,view,,2026-04-16 14:41:47
452,60,click,,2026-04-16 14:42:08
452,60,add_to_cart,,2026-04-16 14:43:16
452,60,purchase,,2026-04-16 14:46:16
452,70,view,,2026-04-16 14:46:50
452,70,click,,2026-04-16 14:47:05
452,90,view,,2026-04-16 14:47:49
452,90,click,,2026-04-16 14:48:05
452,90,add_to_cart,,2026-04-16 14:49:43
453,0,search,tech,2026-04-17 04:03:12
453,100,view,,2026-04-17 04:03:45
453,4,view,,2026-04-17 04:04:02
453,4,click,,2026-04-17 04:04:28
453,30,view,,2026-04-17 04:04:53
453,30,click,,2026-04-17 04:05:18
453,90,view,,2026-04-17 04:05:49
453,90,click,,2026-04-17 04:06:01
453,90,add_to_cart,,2026-04-17 04:06:24
454,0,search,apple,2026-04-15 13:57:12
454,10,view,,2026-04-15 13:57:45
454,10,click,,2026-04-15 13:58:04
454,10,add_to_cart,,2026-04-15 13:59:02
454,10,purchase,,2026-04-15 14:02:02
454,3,view,,2026-04-15 14:02:16
454,3,click,,2026-04-15 14:02:26
454,50,view,,2026-04-15 14:02:42
454,50,click,,2026-04-15 14:02:50
454,1,view,,2026-04-15 14:03:07
454,1,click,,2026-04-15 14:03:15
454,60,view,,2026-04-15 14:03:50
455,0,search,apple,2026-04-16 17:08:12
455,4,view,,2026-04-16 17:08:33
455,4,click,,2026-04-16 17:09:01
455,1,view,,2026-04-16 17:09:16
455,1,click,,2026-04-16 17:09:31
455,3,view,,2026-04-16 17:10:07
455,3,click,,2026-04-16 17:10:27
456,0,search,photography,2026-04-19 10:15:12
456,4,view,,2026-04-19 10:16:04
456,10,view,,2026-04-19 10:16:20
456,10,click,,2026-04-19 10:16:30
456,10,add_to_cart,,2026-04-19 10:16:57
456,10,purchase,,2026-04-19 10:18:57
456,90,view,,2026-04-19 10:19:31
456,90,click,,2026-04-19 10:19:43
456,90,add_to_cart,,2026-04-19 10:20:37
456,90,purchase,,2026-04-19 10:22:37
456,1,view,,2026-04-19 10:23:13
457,0,search,photography,2026-04-18 19:05:12
457,1,view,,2026-04-18 19:05:22
457,100,view,,2026-04-18 19:05:54
457,100,click,,2026-04-18 19:06:05
457,40,view,,2026-04-18 19:06:24
457,40,click,,2026-04-18 19:06:32
458,0,search,home office,2026-04-15 20:09:12
458,50,view,,2026-04-15 20:09:59
458,70,view,,2026-04-15 20:10:18
458,70,click,,2026-04-15 20:10:37
458,10,view,,2026-04-15 20:11:04
458,2,view,,2026-04-15 20:11:51
459,0,search,tech,2026-04-18 05:48:12
459,3,view,,2026-04-18 05:48:57
459,3,click,,2026-04-18 05:49:13
459,2,view,,2026-04-18 05:49:26
459,2,click,,2026-04-18 05:49:38
459,70,view,,2026-04-18 05:49:58
459,70,click,,2026-04-18 05:50:07
459,70,add_to_cart,,2026-04-18 05:51:35
459,100,view,,2026-04-18 05:51:53
459,100,click,,2026-04-18 05:52:23
460,0,search,apple,2026-04-18 16:25:12
460,40,view,,2026-04-18 16:25:27
460,40,click,,2026-04-18 16:25:45
460,40,add_to_cart,,2026-04-18 16:26:16
460,40,purchase,,2026-04-18 16:29:16
460,70,view,,2026-04-18 16:29:29
460,70,click,,2026-04-18 16:29:37
460,100,view,,2026-04-18 16:30:14
460,11,view,,2026-04-18 16:30:32
460,11,click,,2026-04-18 16:30:46
460,60,view,,2026-04-18 16:31:08
460,60,click,,2026-04-18 16:31:37
460,60,add_to_cart,,2026-04-18 16:33:09
461,0,search,tech,2026-04-17 21:05:12
461,4,view,,2026-04-17 21:05:41
461,4,click,,2026-04-17 21:05:55
461,60,view,,2026-04-17 21:06:45
461,60,click,,2026-04-17 21:06:57
461,2,view,,2026-04-17 21:07:36
461,2,click,,2026-04-17 21:08:05
462,0,search,tech,2026-04-15 18:17:12
462,10,view,,2026-04-15 18:17:36
462,10,click,,2026-04-15 18:17:56
462,80,view,,2026-04-15 18:18:47
462,80,click,,2026-04-15 18:19:04
462,3,view,,2026-04-15 18:19:29
462,3,click,,2026-04-15 18:19:37
463,0,search,algorithms,2026-04-17 11:07:12
463,40,view,,2026-04-17 11:07:42
463,40,click,,2026-04-17 11:07:51
463,30,view,,2026-04-17 11:08:38
463,2,view,,2026-04-17 11:09:23
463,2,click,,2026-04-17 11:09:39
463,2,add_to_cart,,2026-04-17 11:10:59
463,2,purchase,,2026-04-17 11:11:59
463,50,view,,2026-04-17 11:12:10
464,0,search,photography,2026-04-19 10:09:12
464,3,view,,2026-04-19 10:09:39
464,3,click,,2026-04-19 10:09:50
464,3,add_to_cart,,2026-04-19 10:11:29
464,50,view,,2026-04-19 10:12:02
464,2,view,,2026-04-19 10:12:15
464,40,view,,2026-04-19 10:13:01
464,40,click,,2026-04-19 10:13:13
464,70,view,,2026-04-19 10:14:13
464,70,click,,2026-04-19 10:14:38
464,70,add_to_cart,,2026-04-19 10:15:22
464,70,purchase,,2026-04-19 10:17:22
465,0,search,fashion,2026-04-15 21:48:12
465,60,view,,2026-04-15 21:48:46
465,80,view,,2026-04-15 21:49:19
465,4,view,,2026-04-15 21:50:13
466,0,search,apple,2026-04-19 15:38:12
466,50,view,,2026-04-19 15:38:58
466,50,click,,2026-04-19 15:39:04
466,70,view,,2026-04-19 15:39:30
466,70,click,,2026-04-19 15:39:39
466,70,add_to_cart,,2026-04-19 15:41:18
466,70,purchase,,2026-04-19 15:43:18
466,4,view,,2026-04-19 15:43:43
466,90,view,,2026-04-19 15:44:34
466,90,click,,2026-04-19 15:44:40
466,90,add_to_cart,,2026-04-19 15:45:49
466,90,purchase,,2026-04-19 15:47:49
466,40,view,,2026-04-19 15:48:38
467,0,search,apple,2026-04-17 22:01:12
467,1,view,,2026-04-17 22:01:32
467,1,click,,2026-04-17 22:01:49
467,70,view,,2026-04-17 22:02:27
467,100,view,,2026-04-17 22:03:06
467,100,click,,2026-04-17 22:03:21
468,0,search,photography,2026-04-15 03:09:12
468,1,view,,2026-04-15 03:09:48
468,1,click,,2026-04-15 03:09:57
468,80,view,,2026-04-15 03:10:44
468,80,click,,2026-04-15 03:10:55
468,30,view,,2026-04-15 03:11:18
468,30,click,,2026-04-15 03:11:23
468,30,add_to_cart,,2026-04-15 03:12:21
469,0,search,home office,2026-04-15 23:43:12
469,80,view,,2026-04-15 23:44:05
469,80,click,,2026-04-15 23:44:30
469,30,view,,2026-04-15 23:45:09
469,30,click,,2026-04-15 23:45:37
469,4,view,,2026-04-15 23:45:50
469,4,click,,2026-04-15 23:46:06
469,10,view,,2026-04-15 23:46:34
469,10,click,,2026-04-15 23:46:44
470,0,search,algorithms,2026-04-19 12:06:12
470,60,view,,2026-04-19 12:07:01
470,3,view,,2026-04-19 12:07:20
470,3,click,,2026-04-19 12:07:28
470,1,view,,2026-04-19 12:07:46
470,1,click,,2026-04-19 12:08:04
470,80,view,,2026-04-19 12:09:00
470,80,click,,2026-04-19 12:09:18
470,4,view,,2026-04-19 12:10:10
471,0,search,photography,2026-04-18 00:58:12
471,3,view,,2026-04-18 00:58:29
471,3,click,,2026-04-18 00:58:49
471,3,add_to_cart,,2026-04-18 00:59:22
471,40,view,,2026-04-18 00:59:34
471,40,click,,2026-04-18 00:59:47
471,4,view,,2026-04-18 01:00:04
472,0,search,home office,2026-04-15 07:47:12
472,11,view,,2026-04-15 07:47:52
472,50,view,,2026-04-15 07:48:38
472,50,click,,2026-04-15 07:48:59
472,50,add_to_cart,,2026-04-15 07:50:02
472,4,view,,2026-04-15 07:50:18
472,4,click,,2026-04-15 07:50:42
472,4,add_to_cart,,2026-04-15 07:51:06
472,4,purchase,,2026-04-15 07:54:06
472,40,view,,2026-04-15 07:54:45
472,40,click,,2026-04-15 07:55:04
472,90,view,,2026-04-15 07:55:14
472,90,click,,2026-04-15 07:55:25
473,0,search,algorithms,2026-04-18 07:20:12
473,11,view,,2026-04-18 07:20:53
473,11,click,,2026-04-18 07:21:13
473,11,add_to_cart,,2026-04-18 07:22:38
473,11,purchase,,2026-04-18 07:27:38
473,100,view,,2026-04-18 07:28:25
473,100,click,,2026-04-18 07:28:32
473,60,view,,2026-04-18 07:29:27
473,60,click,,2026-04-18 07:29:52
473,60,add_to_cart,,2026-04-18 07:31:21
473,60,purchase,,2026-04-18 07:33:21
474,0,search,apple,2026-04-18 07:32:12
474,30,view,,2026-04-18 07:33:12
474,30,click,,2026-04-18 07:33:24
474,30,add_to_cart,,2026-04-18 07:34:05
474,100,view,,2026-04-18 07:34:54
474,60,view,,2026-04-18 07:35:15
474,60,click,,2026-04-18 07:35:40
474,60,add_to_cart,,2026-04-18 07:36:21
474,60,purchase,,2026-04-18 07:41:21
474,10,view,,2026-04-18 07:42:08
475,0,search,laptop,2026-04-16 22:34:12
475,30,view,,2026-04-16 22:34:53
475,30,click,,2026-04-16 22:35:15
475,60,view,,2026-04-16 22:35:39
475,60,click,,2026-04-16 22:35:50
475,11,view,,2026-04-16 22:36:03
475,11,click,,2026-04-16 22:36:25
475,1,view,,2026-04-16 22:37:09
475,1,click,,2026-04-16 22:37:37
475,50,view,,2026-04-16 22:37:53
475,50,click,,2026-04-16 22:38:07
475,50,add_to_cart,,2026-04-16 22:38:32
475,50,purchase,,2026-04-16 22:43:32
476,0,search,coding,2026-04-17 10:23:12
476,1,view,,2026-04-17 10:23:45
476,1,click,,2026-04-17 10:24:07
476,10,view,,2026-04-17 10:24:48
476,70,view,,2026-04-17 10:25:36
476,70,click,,2026-04-17 10:25:48
476,4,view,,2026-04-17 10:26:44
477,0,search,fashion,2026-04-18 06:05:12
477,30,view,,2026-04-18 06:06:02
477,30,click,,2026-04-18 06:06:11
477,11,view,,2026-04-18 06:06:24
477,11,click,,2026-04-18 06:06:50
477,100,view,,2026-04-18 06:07:45
478,0,search,apple,2026-04-15 14:00:12
478,50,view,,2026-04-15 14:00:31
478,50,click,,2026-04-15 14:00:41
478,50,add_to_cart,,2026-04-15 14:01:31
478,11,view,,2026-04-15 14:02:20
478,11,click,,2026-04-15 14:02:50
478,2,view,,2026-04-15 14:03:45
478,2,click,,2026-04-15 14:03:54
478,2,add_to_cart,,2026-04-15 14:04:24
478,2,purchase,,2026-04-15 14:06:24
478,10,view,,2026-04-15 14:07:06
478,10,click,,2026-04-15 14:07:26
479,0,search,algorithms,2026-04-16 00:29:12
479,100,view,,2026-04-16 00:29:24
479,100,click,,2026-04-16 00:29:45
479,3,view,,2026-04-16 00:30:16
479,11,view,,2026-04-16 00:31:01
479,11,click,,2026-04-16 00:31:26
479,11,add_to_cart,,2026-04-16 00:32:06
479,11,purchase,,2026-04-16 00:35:06
480,0,search,fashion,2026-04-19 08:26:12
480,90,view,,2026-04-19 08:26:44
480,90,click,,2026-04-19 08:27:07
480,40,view,,2026-04-19 08:27:17
480,40,click,,2026-04-19 08:27:26
480,1,view,,2026-04-19 08:27:58
480,1,click,,2026-04-19 08:28:21
480,70,view,,2026-04-19 08:28:44
481,0,search,laptop,2026-04-17 19:24:12
481,11,view,,2026-04-17 19:25:07
481,11,click,,2026-04-17 19:25:33
481,11,add_to_cart,,2026-04-17 19:26:56
481,30,view,,2026-04-17 19:27:38
481,70,view,,2026-04-17 19:28:03
481,70,click,,2026-04-17 19:28:20
481,70,add_to_cart,,2026-04-17 19:28:41
481,70,purchase,,2026-04-17 19:33:41
482,0,search,tech,2026-04-17 15:51:12
482,70,view,,2026-04-17 15:51:53
482,70,click,,2026-04-17 15:52:06
482,10,view,,2026-04-17 15:52:42
482,30,view,,2026-04-17 15:53:17
483,0,search,photography,2026-04-16 00:55:12
483,40,view,,2026-04-16 00:55:50
483,40,click,,2026-04-16 00:56:10
483,50,view,,2026-04-16 00:56:24
483,60,view,,2026-04-16 00:57:05
483,60,click,,2026-04-16 00:57:23
483,11,view,,2026-04-16 00:57:50
483,11,click,,2026-04-16 00:58:20
483,11,add_to_cart,,2026-04-16 01:00:00
483,11,purchase,,2026-04-16 01:02:00
484,0,search,photography,2026-04-17 20:27:12
484,10,view,,2026-04-17 20:27:45
484,2,view,,2026-04-17 20:28:24
484,2,click,,2026-04-17 20:28:47
484,30,view,,2026-04-17 20:29:07
484,30,click,,2026-04-17 20:29:13
484,90,view,,2026-04-17 20:29:49
484,90,click,,2026-04-17 20:30:04
484,90,add_to_cart,,2026-04-17 20:30:54
485,0,search,coding,2026-04-19 17:39:12
485,40,view,,2026-04-19 17:39:27
485,40,click,,2026-04-19 17:39:41
485,40,add_to_cart,,2026-04-19 17:40:47
485,30,view,,2026-04-19 17:41:17
485,30,click,,2026-04-19 17:41:22
485,4,view,,2026-04-19 17:41:48
485,10,view,,2026-04-19 17:42:08
485,10,click,,2026-04-19 17:42:16
486,0,search,apple,2026-04-16 08:14:12
486,3,view,,2026-04-16 08:14:52
486,3,click,,2026-04-16 08:15:22
486,4,view,,2026-04-16 08:16:15
486,100,view,,2026-04-16 08:16:39
486,100,click,,2026-04-16 08:17:07
486,100,add_to_cart,,2026-04-16 08:18:27
486,100,purchase,,2026-04-16 08:22:27
487,0,search,algorithms,2026-04-17 00:10:12
487,1,view,,2026-04-17 00:10:52
487,1,click,,2026-04-17 00:10:58
487,100,view,,2026-04-17 00:11:21
487,100,click,,2026-04-17 00:11:51
487,50,view,,2026-04-17 00:12:15
487,50,click,,2026-04-17 00:12:28
487,40,view,,2026-04-17 00:12:44
487,40,click,,2026-04-17 00:12:55
488,0,search,fashion,2026-04-16 15:54:12
488,100,view,,2026-04-16 15:54:48
488,100,click,,2026-04-16 15:55:12
488,11,view,,2026-04-16 15:55:58
488,11,click,,2026-04-16 15:56:04
488,2,view,,2026-04-16 15:56:55
488,40,view,,2026-04-16 15:57:22
488,40,click,,2026-04-16 15:57:33
488,3,view,,2026-04-16 15:58:16
489,0,search,fashion,2026-04-16 05:30:12
489,4,view,,2026-04-16 05:30:58
489,4,click,,2026-04-16 05:31:06
489,100,view,,2026-04-16 05:32:02
489,60,view,,2026-04-16 05:32:32
489,60,click,,2026-04-16 05:32:59
490,0,search,algorithms,2026-04-17 20:09:12
490,60,view,,2026-04-17 20:09:29
490,100,view,,2026-04-17 20:10:06
490,10,view,,2026-04-17 20:10:47
490,10,click,,2026-04-17 20:10:58
491,0,search,laptop,2026-04-19 01:57:12
491,2,view,,2026-04-19 01:57:59
491,2,click,,2026-04-19 01:58:06
491,40,view,,2026-04-19 01:58:29
491,40,click,,2026-04-19 01:58:34
491,50,view,,2026-04-19 01:58:52
491,1,view,,2026-04-19 01:59:04
492,0,search,fashion,2026-04-18 07:01:12
492,60,view,,2026-04-18 07:01:50
492,60,click,,2026-04-18 07:02:06
492,2,view,,2026-04-18 07:02:31
492,2,click,,2026-04-18 07:02:40
492,2,add_to_cart,,2026-04-18 07:03:43
492,2,purchase,,2026-04-18 07:08:43
492,1,view,,2026-04-18 07:09:38
492,80,view,,2026-04-18 07:10:07
492,80,click,,2026-04-18 07:10:21
492,80,add_to_cart,,2026-04-18 07:11:54
492,80,purchase,,2026-04-18 07:16:54
492,50,view,,2026-04-18 07:17:54
492,50,click,,2026-04-18 07:18:01
493,0,search,coding,2026-04-16 11:59:12
493,50,view,,2026-04-16 11:59:51
493,50,click,,2026-04-16 11:59:56
493,50,add_to_cart,,2026-04-16 12:00:31
493,90,view,,2026-04-16 12:01:27
493,80,view,,2026-04-16 12:02:10
493,80,click,,2026-04-16 12:02:24
493,11,view,,2026-04-16 12:02:45
494,0,search,apple,2026-04-17 16:13:12
494,4,view,,2026-04-17 16:13:56
494,4,click,,2026-04-17 16:14:15
494,60,view,,2026-04-17 16:14:30
494,60,click,,2026-04-17 16:14:57
494,60,add_to_cart,,2026-04-17 16:16:29
494,70,view,,2026-04-17 16:17:11
494,70,click,,2026-04-17 16:17:35
495,0,search,laptop,2026-04-15 17:33:12
495,80,view,,2026-04-15 17:34:01
495,1,view,,2026-04-15 17:34:46
495,1,click,,2026-04-15 17:35:14
495,1,add_to_cart,,2026-04-15 17:36:06
495,10,view,,2026-04-15 17:36:24
495,10,click,,2026-04-15 17:36:30
495,10,add_to_cart,,2026-04-15 17:37:56
495,10,purchase,,2026-04-15 17:38:56
496,0,search,photography,2026-04-15 20:08:12
496,2,view,,2026-04-15 20:09:11
496,2,click,,2026-04-15 20:09:37
496,70,view,,2026-04-15 20:10:36
496,70,click,,2026-04-15 20:10:50
496,70,add_to_cart,,2026-04-15 20:11:45
496,50,view,,2026-04-15 20:11:56
496,50,click,,2026-04-15 20:12:11
496,40,view,,2026-04-15 20:12:28
497,0,search,photography,2026-04-19 04:16:12
497,30,view,,2026-04-19 04:17:01
497,30,click,,2026-04-19 04:17:06
497,3,view,,2026-04-19 04:17:22
497,3,click,,2026-04-19 04:17:45
497,50,view,,2026-04-19 04:18:27
497,2,view,,2026-04-19 04:18:54
497,2,click,,2026-04-19 04:19:19
498,0,search,home office,2026-04-17 17:16:12
498,30,view,,2026-04-17 17:16:32
498,30,click,,2026-04-17 17:17:02
498,2,view,,2026-04-17 17:17:50
498,2,click,,2026-04-17 17:18:00
498,1,view,,2026-04-17 17:18:12
498,1,click,,2026-04-17 17:18:42
499,0,search,fashion,2026-04-15 14:11:12
499,30,view,,2026-04-15 14:11:28
499,30,click,,2026-04-15 14:11:42
499,70,view,,2026-04-15 14:12:05
499,70,click,,2026-04-15 14:12:21
499,50,view,,2026-04-15 14:13:07
499,50,click,,2026-04-15 14:13:37
499,50,add_to_cart,,2026-04-15 14:14:14
499,50,purchase,,2026-04-15 14:17:14
499,2,view,,2026-04-15 14:17:28
499,2,click,,2026-04-15 14:17:38
499,2,add_to_cart,,2026-04-15 14:17:59
499,2,purchase,,2026-04-15 14:21:59
500,0,search,coding,2026-04-18 15:43:12
500,40,view,,2026-04-18 15:44:11
500,40,click,,2026-04-18 15:44:29
500,70,view,,2026-04-18 15:44:59
500,70,click,,2026-04-18 15:45:12
500,11,view,,2026-04-18 15:45:46
500,30,view,,2026-04-18 15:45:59
500,30,click,,2026-04-18 15:46:05
500,100,view,,2026-04-18 15:47:04
500,100,click,,2026-04-18 15:47:29
501,0,search,tech,2026-04-19 15:44:12
501,90,view,,2026-04-19 15:44:57
501,90,click,,2026-04-19 15:45:14
501,100,view,,2026-04-19 15:45:31
501,100,click,,2026-04-19 15:45:48
501,30,view,,2026-04-19 15:46:11
501,10,view,,2026-04-19 15:46:36
501,10,click,,2026-04-19 15:46:43
501,50,view,,2026-04-19 15:47:02
502,0,search,tech,2026-04-18 06:31:12
502,60,view,,2026-04-18 06:31:27
502,60,click,,2026-04-18 06:31:38
502,4,view,,2026-04-18 06:31:59
502,4,click,,2026-04-18 06:32:28
502,4,add_to_cart,,2026-04-18 06:33:21
502,3,view,,2026-04-18 06:33:56
502,100,view,,2026-04-18 06:34:08
502,100,click,,2026-04-18 06:34:24
502,100,add_to_cart,,2026-04-18 06:34:49
502,100,purchase,,2026-04-18 06:35:49
503,0,search,algorithms,2026-04-19 12:45:12
503,100,view,,2026-04-19 12:45:48
503,100,click,,2026-04-19 12:46:07
503,3,view,,2026-04-19 12:46:52
503,40,view,,2026-04-19 12:47:28
503,40,click,,2026-04-19 12:47:46
503,70,view,,2026-04-19 12:48:07
504,0,search,photography,2026-04-18 18:57:12
504,60,view,,2026-04-18 18:57:42
504,60,click,,2026-04-18 18:57:57
504,90,view,,2026-04-18 18:58:10
504,40,view,,2026-04-18 18:58:54
504,40,click,,2026-04-18 18:59:15
504,11,view,,2026-04-18 18:59:28
504,11,click,,2026-04-18 18:59:50
504,11,add_to_cart,,2026-04-18 19:00:56
504,11,purchase,,2026-04-18 19:01:56
504,10,view,,2026-04-18 19:02:11
504,10,click,,2026-04-18 19:02:23
504,10,add_to_cart,,2026-04-18 19:03:24
504,10,purchase,,2026-04-18 19:07:24
505,0,search,apple,2026-04-16 15:05:12
505,30,view,,2026-04-16 15:05:36
505,30,click,,2026-04-16 15:05:52
505,90,view,,2026-04-16 15:06:15
505,90,click,,2026-04-16 15:06:44
505,3,view,,2026-04-16 15:07:24
505,60,view,,2026-04-16 15:08:02
505,60,click,,2026-04-16 15:08:31
505,60,add_to_cart,,2026-04-16 15:10:00
505,40,view,,2026-04-16 15:10:47
505,40,click,,2026-04-16 15:11:15
505,40,add_to_cart,,2026-04-16 15:12:48
506,0,search,algorithms,2026-04-15 16:10:12
506,60,view,,2026-04-15 16:10:46
506,60,click,,2026-04-15 16:11:07
506,3,view,,2026-04-15 16:11:52
506,50,view,,2026-04-15 16:12:43
506,50,click,,2026-04-15 16:12:59
506,50,add_to_cart,,2026-04-15 16:14:10
506,30,view,,2026-04-15 16:14:23
506,30,click,,2026-04-15 16:14:43
506,100,view,,2026-04-15 16:15:02
506,100,click,,2026-04-15 16:15:27
507,0,search,coding,2026-04-17 22:08:12
507,40,view,,2026-04-17 22:09:07
507,10,view,,2026-04-17 22:10:00
507,10,click,,2026-04-17 22:10:22
507,10,add_to_cart,,2026-04-17 22:11:40
507,10,purchase,,2026-04-17 22:12:40
507,30,view,,2026-04-17 22:13:40
507,1,view,,2026-04-17 22:14:05
507,1,click,,2026-04-17 22:14:19
507,1,add_to_cart,,2026-04-17 22:15:09
507,70,view,,2026-04-17 22:16:00
507,70,click,,2026-04-17 22:16:15
508,0,search,algorithms,2026-04-17 15:58:12
508,70,view,,2026-04-17 15:59:09
508,70,click,,2026-04-17 15:59:30
508,70,add_to_cart,,2026-04-17 16:01:09
508,70,purchase,,2026-04-17 16:06:09
508,30,view,,2026-04-17 16:06:31
508,30,click,,2026-04-17 16:06:59
508,100,view,,2026-04-17 16:07:36
508,100,click,,2026-04-17 16:08:03
508,60,view,,2026-04-17 16:08:26
508,60,click,,2026-04-17 16:08:48
508,40,view,,2026-04-17 16:09:17
508,40,click,,2026-04-17 16:09:22
509,0,search,laptop,2026-04-19 08:48:12
509,80,view,,2026-04-19 08:48:29
509,80,click,,2026-04-19 08:48:45
509,30,view,,2026-04-19 08:49:36
509,30,click,,2026-04-19 08:49:53
509,30,add_to_cart,,2026-04-19 08:51:31
509,2,view,,2026-04-19 08:52:05
509,2,click,,2026-04-19 08:52:25
509,3,view,,2026-04-19 08:53:22
509,90,view,,2026-04-19 08:53:52
509,90,click,,2026-04-19 08:54:21
510,0,search,photography,2026-04-17 08:20:12
510,1,view,,2026-04-17 08:20:52
510,4,view,,2026-04-17 08:21:22
510,4,click,,2026-04-17 08:21:29
510,30,view,,2026-04-17 08:21:52
510,30,click,,2026-04-17 08:22:17
510,30,add_to_cart,,2026-04-17 08:23:07
510,30,purchase,,2026-04-17 08:25:07
510,90,view,,2026-04-17 08:25:23
511,0,search,fashion,2026-04-15 23:47:12
511,40,view,,2026-04-15 23:47:35
511,90,view,,2026-04-15 23:48:01
511,90,click,,2026-04-15 23:48:31
511,80,view,,2026-04-15 23:48:44
511,80,click,,2026-04-15 23:49:04
512,0,search,home office,2026-04-18 05:50:12
512,3,view,,2026-04-18 05:51:07
512,3,click,,2026-04-18 05:51:27
512,1,view,,2026-04-18 05:51:47
512,1,click,,2026-04-18 05:52:10
512,60,view,,2026-04-18 05:52:34
512,60,click,,2026-04-18 05:52:47
512,60,add_to_cart,,2026-04-18 05:53:21
512,60,purchase,,2026-04-18 05:56:21
513,0,search,photography,2026-04-17 20:44:12
513,90,view,,2026-04-17 20:44:49
513,60,view,,2026-04-17 20:45:43
513,30,view,,2026-04-17 20:46:30
513,30,click,,2026-04-17 20:47:00
513,2,view,,2026-04-17 20:47:55
513,4,view,,2026-04-17 20:48:46
513,4,click,,2026-04-17 20:48:59
514,0,search,home office,2026-04-15 13:11:12
514,11,view,,2026-04-15 13:11:36
514,11,click,,2026-04-15 13:11:56
514,100,view,,2026-04-15 13:12:36
514,100,click,,2026-04-15 13:12:55
514,90,view,,2026-04-15 13:13:46
514,90,click,,2026-04-15 13:13:53
514,90,add_to_cart,,2026-04-15 13:14:48
515,0,search,home office,2026-04-19 10:54:12
515,70,view,,2026-04-19 10:55:04
515,70,click,,2026-04-19 10:55:23
515,100,view,,2026-04-19 10:56:18
515,100,click,,2026-04-19 10:56:31
515,50,view,,2026-04-19 10:57:23
515,50,click,,2026-04-19 10:57:38
515,1,view,,2026-04-19 10:58:37
515,3,view,,2026-04-19 10:59:21
516,0,search,tech,2026-04-18 23:33:12
516,80,view,,2026-04-18 23:33:25
516,1,view,,2026-04-18 23:33:58
516,30,view,,2026-04-18 23:34:13
516,30,click,,2026-04-18 23:34:26
516,90,view,,2026-04-18 23:34:47
516,90,click,,2026-04-18 23:35:12
517,0,search,algorithms,2026-04-15 12:33:12
517,60,view,,2026-04-15 12:33:53
517,60,click,,2026-04-15 12:34:23
517,90,view,,2026-04-15 12:35:05
517,90,click,,2026-04-15 12:35:15
517,100,view,,2026-04-15 12:36:08
517,100,click,,2026-04-15 12:36:13
517,4,view,,2026-04-15 12:36:42
517,11,view,,2026-04-15 12:37:40
517,11,click,,2026-04-15 12:38:00
517,11,add_to_cart,,2026-04-15 12:38:33
518,0,search,algorithms,2026-04-16 23:38:12
518,11,view,,2026-04-16 23:38:39
518,11,click,,2026-04-16 23:38:44
518,11,add_to_cart,,2026-04-16 23:39:29
518,11,purchase,,2026-04-16 23:42:29
518,80,view,,2026-04-16 23:42:59
518,80,click,,2026-04-16 23:43:18
518,4,view,,2026-04-16 23:44:17
518,4,click,,2026-04-16 23:44:38
519,0,search,algorithms,2026-04-17 06:58:12
519,2,view,,2026-04-17 06:58:37
519,3,view,,2026-04-17 06:59:03
519,3,click,,2026-04-17 06:59:11
519,11,view,,2026-04-17 06:59:31
519,11,click,,2026-04-17 06:59:49
519,11,add_to_cart,,2026-04-17 07:00:39
520,0,search,laptop,2026-04-16 23:00:12
520,90,view,,2026-04-16 23:00:48
520,60,view,,2026-04-16 23:01:31
520,60,click,,2026-04-16 23:01:52
520,11,view,,2026-04-16 23:02:03
520,11,click,,2026-04-16 23:02:19
520,11,add_to_cart,,2026-04-16 23:03:27
520,11,purchase,,2026-04-16 23:07:27
520,80,view,,2026-04-16 23:08:22
520,80,click,,2026-04-16 23:08:52
520,80,add_to_cart,,2026-04-16 23:10:12
521,0,search,apple,2026-04-17 00:41:12
521,50,view,,2026-04-17 00:41:29
521,50,click,,2026-04-17 00:41:48
521,30,view,,2026-04-17 00:42:24
521,30,click,,2026-04-17 00:42:38
521,11,view,,2026-04-17 00:43:32
521,11,click,,2026-04-17 00:43:39
521,11,add_to_cart,,2026-04-17 00:45:08
521,11,purchase,,2026-04-17 00:47:08
522,0,search,laptop,2026-04-17 04:00:12
522,2,view,,2026-04-17 04:00:59
522,2,click,,2026-04-17 04:01:09
522,2,add_to_cart,,2026-04-17 04:02:39
522,2,purchase,,2026-04-17 04:05:39
522,11,view,,2026-04-17 04:06:33
522,10,view,,2026-04-17 04:06:48
522,10,click,,2026-04-17 04:07:17
522,10,add_to_cart,,2026-04-17 04:08:24
522,50,view,,2026-04-17 04:08:47
522,50,click,,2026-04-17 04:09:17
522,50,add_to_cart,,2026-04-17 04:10:18
522,50,purchase,,2026-04-17 04:11:18
523,0,search,home office,2026-04-17 06:10:12
523,10,view,,2026-04-17 06:10:25
523,10,click,,2026-04-17 06:10:37
523,10,add_to_cart,,2026-04-17 06:11:25
523,2,view,,2026-04-17 06:12:16
523,2,click,,2026-04-17 06:12:42
523,2,add_to_cart,,2026-04-17 06:14:05
523,80,view,,2026-04-17 06:14:18
523,80,click,,2026-04-17 06:14:25
523,80,add_to_cart,,2026-04-17 06:15:40
523,70,view,,2026-04-17 06:16:31
523,100,view,,2026-04-17 06:16:51
523,100,click,,2026-04-17 06:17:14
523,100,add_to_cart,,2026-04-17 06:18:30
523,100,purchase,,2026-04-17 06:19:30
524,0,search,photography,2026-04-16 10:38:12
524,2,view,,2026-04-16 10:38:46
524,2,click,,2026-04-16 10:39:03
524,4,view,,2026-04-16 10:39:36
524,4,click,,2026-04-16 10:39:46
524,90,view,,2026-04-16 10:40:27
525,0,search,tech,2026-04-17 11:42:12
525,4,view,,2026-04-17 11:43:00
525,2,view,,2026-04-17 11:43:11
525,2,click,,2026-04-17 11:43:40
525,70,view,,2026-04-17 11:44:32
525,70,click,,2026-04-17 11:44:57
525,1,view,,2026-04-17 11:45:37
526,0,search,apple,2026-04-15 03:01:12
526,30,view,,2026-04-15 03:02:10
526,30,click,,2026-04-15 03:02:17
526,1,view,,2026-04-15 03:03:17
526,1,click,,2026-04-15 03:03:41
526,100,view,,2026-04-15 03:04:34
526,90,view,,2026-04-15 03:05:04
526,90,click,,2026-04-15 03:05:15
526,90,add_to_cart,,2026-04-15 03:05:46
527,0,search,home office,2026-04-18 19:43:12
527,90,view,,2026-04-18 19:44:10
527,2,view,,2026-04-18 19:44:57
527,2,click,,2026-04-18 19:45:22
527,4,view,,2026-04-18 19:45:44
527,4,click,,2026-04-18 19:46:13
528,0,search,fashion,2026-04-17 21:45:12
528,30,view,,2026-04-17 21:45:40
528,30,click,,2026-04-17 21:45:58
528,10,view,,2026-04-17 21:46:53
528,10,click,,2026-04-17 21:47:00
528,40,view,,2026-04-17 21:47:34
528,40,click,,2026-04-17 21:47:45
528,40,add_to_cart,,2026-04-17 21:49:22
528,40,purchase,,2026-04-17 21:51:22
528,70,view,,2026-04-17 21:52:09
528,70,click,,2026-04-17 21:52:20
528,3,view,,2026-04-17 21:52:30
528,3,click,,2026-04-17 21:52:43
529,0,search,apple,2026-04-18 21:35:12
529,90,view,,2026-04-18 21:35:23
529,11,view,,2026-04-18 21:36:15
529,11,click,,2026-04-18 21:36:40
529,3,view,,2026-04-18 21:37:29
529,3,click,,2026-04-18 21:37:51
529,70,view,,2026-04-18 21:38:37
529,70,click,,2026-04-18 21:38:49
529,100,view,,2026-04-18 21:39:40
529,100,click,,2026-04-18 21:39:52
530,0,search,laptop,2026-04-17 10:16:12
530,4,view,,2026-04-17 10:17:08
530,4,click,,2026-04-17 10:17:28
530,1,view,,2026-04-17 10:18:10
530,30,view,,2026-04-17 10:18:27
530,3,view,,2026-04-17 10:18:52
531,0,search,fashion,2026-04-18 21:38:12
531,11,view,,2026-04-18 21:39:00
531,11,click,,2026-04-18 21:39:18
531,11,add_to_cart,,2026-04-18 21:40:54
531,10,view,,2026-04-18 21:41:52
531,3,view,,2026-04-18 21:42:14
531,3,click,,2026-04-18 21:42:34
532,0,search,laptop,2026-04-15 22:43:12
532,10,view,,2026-04-15 22:43:26
532,10,click,,2026-04-15 22:43:31
532,40,view,,2026-04-15 22:44:15
532,40,click,,2026-04-15 22:44:27
532,40,add_to_cart,,2026-04-15 22:46:02
532,40,purchase,,2026-04-15 22:50:02
532,1,view,,2026-04-15 22:50:49
532,1,click,,2026-04-15 22:51:17
532,90,view,,2026-04-15 22:51:31
533,0,search,coding,2026-04-17 14:06:12
533,1,view,,2026-04-17 14:07:00
533,30,view,,2026-04-17 14:07:16
533,30,click,,2026-04-17 14:07:23
533,50,view,,2026-04-17 14:07:48
533,50,click,,2026-04-17 14:08:07
533,50,add_to_cart,,2026-04-17 14:09:24
533,50,purchase,,2026-04-17 14:13:24
534,0,search,coding,2026-04-19 04:32:12
534,30,view,,2026-04-19 04:32:54
534,30,click,,2026-04-19 04:33:20
534,30,add_to_cart,,2026-04-19 04:33:46
534,100,view,,2026-04-19 04:34:45
534,1,view,,2026-04-19 04:35:07
534,1,click,,2026-04-19 04:35:33
534,10,view,,2026-04-19 04:35:54
534,2,view,,2026-04-19 04:36:51
535,0,search,photography,2026-04-17 21:02:12
535,100,view,,2026-04-17 21:02:23
535,100,click,,2026-04-17 21:02:40
535,100,add_to_cart,,2026-04-17 21:03:33
535,80,view,,2026-04-17 21:03:57
535,80,click,,2026-04-17 21:04:17
535,50,view,,2026-04-17 21:05:12
535,2,view,,2026-04-17 21:05:55
535,2,click,,2026-04-17 21:06:18
536,0,search,apple,2026-04-15 02:50:12
536,50,view,,2026-04-15 02:50:42
536,40,view,,2026-04-15 02:51:23
536,30,view,,2026-04-15 02:51:40
536,10,view,,2026-04-15 02:52:20
536,10,click,,2026-04-15 02:52:37
537,0,search,home office,2026-04-18 15:36:12
537,3,view,,2026-04-18 15:36:34
537,3,click,,2026-04-18 15:36:46
537,2,view,,2026-04-18 15:37:13
537,1,view,,2026-04-18 15:38:09
537,1,click,,2026-04-18 15:38:38
537,1,add_to_cart,,2026-04-18 15:39:57
538,0,search,home office,2026-04-18 15:12:12
538,3,view,,2026-04-18 15:13:06
538,3,click,,2026-04-18 15:13:12
538,10,view,,2026-04-18 15:13:24
538,10,click,,2026-04-18 15:13:40
538,40,view,,2026-04-18 15:14:00
538,4,view,,2026-04-18 15:14:31
538,60,view,,2026-04-18 15:14:45
539,0,search,fashion,2026-04-15 22:57:12
539,2,view,,2026-04-15 22:57:43
539,100,view,,2026-04-15 22:57:56
539,100,click,,2026-04-15 22:58:23
539,70,view,,2026-04-15 22:59:18
539,70,click,,2026-04-15 22:59:33
539,70,add_to_cart,,2026-04-15 23:00:59
540,0,search,coding,2026-04-17 23:10:12
540,1,view,,2026-04-17 23:10:44
540,1,click,,2026-04-17 23:10:54
540,70,view,,2026-04-17 23:11:13
540,11,view,,2026-04-17 23:12:13
540,11,click,,2026-04-17 23:12:19
540,90,view,,2026-04-17 23:13:07
540,90,click,,2026-04-17 23:13:35
540,90,add_to_cart,,2026-04-17 23:14:44
540,90,purchase,,2026-04-17 23:18:44
541,0,search,algorithms,2026-04-18 16:56:12
541,1,view,,2026-04-18 16:56:27
541,11,view,,2026-04-18 16:56:46
541,11,click,,2026-04-18 16:57:16
541,30,view,,2026-04-18 16:57:58
541,30,click,,2026-04-18 16:58:24
541,70,view,,2026-04-18 16:59:02
541,70,click,,2026-04-18 16:59:29
541,80,view,,2026-04-18 16:59:47
541,80,click,,2026-04-18 17:00:15
542,0,search,coding,2026-04-19 15:10:12
542,3,view,,2026-04-19 15:10:36
542,3,click,,2026-04-19 15:10:57
542,40,view,,2026-04-19 15:11:30
542,40,click,,2026-04-19 15:11:47
542,60,view,,2026-04-19 15:12:43
542,60,click,,2026-04-19 15:13:09
543,0,search,apple,2026-04-16 09:24:12
543,1,view,,2026-04-16 09:24:39
543,40,view,,2026-04-16 09:24:51
543,40,click,,2026-04-16 09:25:03
543,80,view,,2026-04-16 09:25:58
543,80,click,,2026-04-16 09:26:28
543,2,view,,2026-04-16 09:26:46
543,2,click,,2026-04-16 09:27:04
543,60,view,,2026-04-16 09:28:04
543,60,click,,2026-04-16 09:28:09
543,60,add_to_cart,,2026-04-16 09:29:48
543,60,purchase,,2026-04-16 09:34:48
544,0,search,coding,2026-04-17 21:27:12
544,2,view,,2026-04-17 21:27:40
544,2,click,,2026-04-17 21:28:07
544,2,add_to_cart,,2026-04-17 21:29:16
544,1,view,,2026-04-17 21:29:33
544,1,click,,2026-04-17 21:29:55
544,70,view,,2026-04-17 21:30:33
544,70,click,,2026-04-17 21:30:52
544,70,add_to_cart,,2026-04-17 21:31:24
544,60,view,,2026-04-17 21:31:37
544,60,click,,2026-04-17 21:31:43
545,0,search,apple,2026-04-18 11:52:12
545,30,view,,2026-04-18 11:52:32
545,30,click,,2026-04-18 11:52:53
545,3,view,,2026-04-18 11:53:42
545,3,click,,2026-04-18 11:54:09
545,90,view,,2026-04-18 11:54:33
545,90,click,,2026-04-18 11:54:57
545,11,view,,2026-04-18 11:55:25
545,11,click,,2026-04-18 11:55:49
546,0,search,coding,2026-04-16 11:00:12
546,1,view,,2026-04-16 11:00:53
546,1,click,,2026-04-16 11:01:04
546,50,view,,2026-04-16 11:01:14
546,60,view,,2026-04-16 11:01:50
546,30,view,,2026-04-16 11:02:45
546,30,click,,2026-04-16 11:02:55
546,10,view,,2026-04-16 11:03:45
546,10,click,,2026-04-16 11:04:00
547,0,search,photography,2026-04-16 20:41:12
547,4,view,,2026-04-16 20:42:08
547,40,view,,2026-04-16 20:42:44
547,40,click,,2026-04-16 20:43:11
547,80,view,,2026-04-16 20:43:47
547,80,click,,2026-04-16 20:44:13
547,10,view,,2026-04-16 20:44:43
547,10,click,,2026-04-16 20:45:02
547,10,add_to_cart,,2026-04-16 20:45:41
547,10,purchase,,2026-04-16 20:46:41
547,100,view,,2026-04-16 20:47:24
548,0,search,apple,2026-04-17 00:08:12
548,2,view,,2026-04-17 00:09:11
548,2,click,,2026-04-17 00:09:21
548,10,view,,2026-04-17 00:09:35
548,10,click,,2026-04-17 00:09:50
548,1,view,,2026-04-17 00:10:07
549,0,search,algorithms,2026-04-15 00:42:12
549,70,view,,2026-04-15 00:43:08
549,70,click,,2026-04-15 00:43:34
549,10,view,,2026-04-15 00:44:12
549,100,view,,2026-04-15 00:45:05
549,40,view,,2026-04-15 00:45:52
549,40,click,,2026-04-15 00:46:09
550,0,search,apple,2026-04-17 12:01:12
550,10,view,,2026-04-17 12:01:35
550,10,click,,2026-04-17 12:01:59
550,10,add_to_cart,,2026-04-17 12:02:32
550,60,view,,2026-04-17 12:02:49
550,4,view,,2026-04-17 12:03:13
550,70,view,,2026-04-17 12:04:09
550,70,click,,2026-04-17 12:04:16
550,2,view,,2026-04-17 12:04:43
550,2,click,,2026-04-17 12:05:05
551,0,search,laptop,2026-04-16 20:51:12
551,2,view,,2026-04-16 20:52:08
551,2,click,,2026-04-16 20:52:19
551,30,view,,2026-04-16 20:52:35
551,60,view,,2026-04-16 20:53:18
551,60,click,,2026-04-16 20:53:27
551,60,add_to_cart,,2026-04-16 20:54:25
552,0,search,home office,2026-04-15 20:39:12
552,80,view,,2026-04-15 20:40:04
552,10,view,,2026-04-15 20:40:15
552,3,view,,2026-04-15 20:40:46
552,3,click,,2026-04-15 20:41:05
552,90,view,,2026-04-15 20:41:46
552,90,click,,2026-04-15 20:42:16
552,90,add_to_cart,,2026-04-15 20:43:31
552,90,purchase,,2026-04-15 20:44:31
553,0,search,photography,2026-04-18 04:18:12
553,80,view,,2026-04-18 04:18:33
553,80,click,,2026-04-18 04:18:56
553,40,view,,2026-04-18 04:19:11
553,40,click,,2026-04-18 04:19:26
553,100,view,,2026-04-18 04:20:14
553,100,click,,2026-04-18 04:20:20
553,100,add_to_cart,,2026-04-18 04:21:50
554,0,search,fashion,2026-04-18 19:10:12
554,80,view,,2026-04-18 19:10:30
554,100,view,,2026-04-18 19:10:52
554,100,click,,2026-04-18 19:11:11
554,50,view,,2026-04-18 19:11:27
554,50,click,,2026-04-18 19:11:41
554,4,view,,2026-04-18 19:12:27
554,4,click,,2026-04-18 19:12:47
554,4,add_to_cart,,2026-04-18 19:14:03
554,4,purchase,,2026-04-18 19:15:03
554,60,view,,2026-04-18 19:15:15
554,60,click,,2026-04-18 19:15:25
555,0,search,apple,2026-04-16 03:32:12
555,70,view,,2026-04-16 03:33:12
555,70,click,,2026-04-16 03:33:26
555,60,view,,2026-04-16 03:33:45
555,60,click,,2026-04-16 03:34:12
555,60,add_to_cart,,2026-04-16 03:35:27
555,60,purchase,,2026-04-16 03:36:27
555,100,view,,2026-04-16 03:36:50
555,100,click,,2026-04-16 03:36:59
555,100,add_to_cart,,2026-04-16 03:38:30
555,10,view,,2026-04-16 03:38:46
555,10,click,,2026-04-16 03:39:11
555,10,add_to_cart,,2026-04-16 03:40:05
555,1,view,,2026-04-16 03:40:33
556,0,search,tech,2026-04-19 13:33:12
556,1,view,,2026-04-19 13:34:12
556,1,click,,2026-04-19 13:34:28
556,80,view,,2026-04-19 13:35:05
556,70,view,,2026-04-19 13:35:23
556,70,click,,2026-04-19 13:35:49
557,0,search,coding,2026-04-19 17:46:12
557,90,view,,2026-04-19 17:46:40
557,90,click,,2026-04-19 17:47:08
557,70,view,,2026-04-19 17:47:39
557,70,click,,2026-04-19 17:47:50
557,70,add_to_cart,,2026-04-19 17:49:26
557,40,view,,2026-04-19 17:49:44
557,40,click,,2026-04-19 17:50:01
557,40,add_to_cart,,2026-04-19 17:51:24
557,100,view,,2026-04-19 17:51:59
557,100,click,,2026-04-19 17:52:28
558,0,search,fashion,2026-04-18 07:12:12
558,90,view,,2026-04-18 07:13:04
558,90,click,,2026-04-18 07:13:32
558,1,view,,2026-04-18 07:13:50
558,1,click,,2026-04-18 07:14:10
558,4,view,,2026-04-18 07:14:43
558,4,click,,2026-04-18 07:15:07
559,0,search,coding,2026-04-14 23:49:12
559,10,view,,2026-04-14 23:49:29
559,10,click,,2026-04-14 23:49:46
559,2,view,,2026-04-14 23:50:07
559,2,click,,2026-04-14 23:50:24
559,4,view,,2026-04-14 23:50:39
560,0,search,laptop,2026-04-17 19:52:12
560,90,view,,2026-04-17 19:52:32
560,90,click,,2026-04-17 19:52:39
560,2,view,,2026-04-17 19:53:28
560,2,click,,2026-04-17 19:53:47
560,2,add_to_cart,,2026-04-17 19:54:46
560,40,view,,2026-04-17 19:55:41
560,40,click,,2026-04-17 19:55:51
560,40,add_to_cart,,2026-04-17 19:56:49
560,40,purchase,,2026-04-17 20:01:49
561,0,search,home office,2026-04-17 11:32:12
561,100,view,,2026-04-17 11:32:48
561,100,click,,2026-04-17 11:33:10
561,60,view,,2026-04-17 11:33:46
561,60,click,,2026-04-17 11:34:09
561,1,view,,2026-04-17 11:34:53
561,1,click,,2026-04-17 11:34:58
561,4,view,,2026-04-17 11:35:55
561,4,click,,2026-04-17 11:36:21
562,0,search,coding,2026-04-17 02:55:12
562,70,view,,2026-04-17 02:55:40
562,70,click,,2026-04-17 02:55:48
562,70,add_to_cart,,2026-04-17 02:57:09
562,70,purchase,,2026-04-17 03:00:09
562,80,view,,2026-04-17 03:00:39
562,80,click,,2026-04-17 03:00:48
562,50,view,,2026-04-17 03:01:38
562,50,click,,2026-04-17 03:01:52
563,0,search,laptop,2026-04-15 07:58:12
563,70,view,,2026-04-15 07:58:26
563,70,click,,2026-04-15 07:58:42
563,1,view,,2026-04-15 07:59:31
563,80,view,,2026-04-15 08:00:08
563,80,click,,2026-04-15 08:00:27
564,0,search,tech,2026-04-18 21:18:12
564,2,view,,2026-04-18 21:19:06
564,2,click,,2026-04-18 21:19:11
564,2,add_to_cart,,2026-04-18 21:20:09
564,100,view,,2026-04-18 21:21:03
564,100,click,,2026-04-18 21:21:13
564,100,add_to_cart,,2026-04-18 21:21:41
564,100,purchase,,2026-04-18 21:23:41
564,70,view,,2026-04-18 21:24:13
564,70,click,,2026-04-18 21:24:31
564,70,add_to_cart,,2026-04-18 21:25:25
564,70,purchase,,2026-04-18 21:29:25
564,3,view,,2026-04-18 21:30:18
565,0,search,algorithms,2026-04-19 17:00:12
565,11,view,,2026-04-19 17:00:23
565,11,click,,2026-04-19 17:00:30
565,11,add_to_cart,,2026-04-19 17:01:11
565,3,view,,2026-04-19 17:02:03
565,3,click,,2026-04-19 17:02:33
565,100,view,,2026-04-19 17:03:14
565,100,click,,2026-04-19 17:03:36
565,70,view,,2026-04-19 17:04:06
565,70,click,,2026-04-19 17:04:22
565,30,view,,2026-04-19 17:04:38
565,30,click,,2026-04-19 17:04:48
566,0,search,home office,2026-04-18 22:35:12
566,100,view,,2026-04-18 22:35:55
566,100,click,,2026-04-18 22:36:20
566,100,add_to_cart,,2026-04-18 22:36:54
566,4,view,,2026-04-18 22:37:15
566,4,click,,2026-04-18 22:37:44
566,4,add_to_cart,,2026-04-18 22:39:02
566,40,view,,2026-04-18 22:39:30
566,40,click,,2026-04-18 22:39:36
566,60,view,,2026-04-18 22:39:46
567,0,search,photography,2026-04-18 11:02:12
567,1,view,,2026-04-18 11:03:01
567,50,view,,2026-04-18 11:03:57
567,50,click,,2026-04-18 11:04:14
567,100,view,,2026-04-18 11:04:45
567,100,click,,2026-04-18 11:05:01
568,0,search,photography,2026-04-18 03:16:12
568,60,view,,2026-04-18 03:16:26
568,60,click,,2026-04-18 03:16:35
568,60,add_to_cart,,2026-04-18 03:17:44
568,60,purchase,,2026-04-18 03:21:44
568,3,view,,2026-04-18 03:22:09
568,70,view,,2026-04-18 03:22:29
568,70,click,,2026-04-18 03:22:54
568,2,view,,2026-04-18 03:23:47
568,2,click,,2026-04-18 03:24:02
569,0,search,fashion,2026-04-16 18:59:12
569,1,view,,2026-04-16 18:59:56
569,1,click,,2026-04-16 19:00:08
569,100,view,,2026-04-16 19:00:22
569,100,click,,2026-04-16 19:00:36
569,60,view,,2026-04-16 19:01:25
570,0,search,laptop,2026-04-18 14:43:12
570,90,view,,2026-04-18 14:43:30
570,90,click,,2026-04-18 14:43:59
570,90,add_to_cart,,2026-04-18 14:45:31
570,30,view,,2026-04-18 14:46:20
570,30,click,,2026-04-18 14:46:40
570,70,view,,2026-04-18 14:47:33
570,2,view,,2026-04-18 14:48:19
571,0,search,coding,2026-04-15 07:38:12
571,50,view,,2026-04-15 07:38:40
571,50,click,,2026-04-15 07:38:46
571,80,view,,2026-04-15 07:39:26
571,80,click,,2026-04-15 07:39:38
571,80,add_to_cart,,2026-04-15 07:41:14
571,4,view,,2026-04-15 07:41:28
571,4,click,,2026-04-15 07:41:47
571,1,view,,2026-04-15 07:42:43
572,0,search,coding,2026-04-16 21:24:12
572,50,view,,2026-04-16 21:24:27
572,2,view,,2026-04-16 21:25:13
572,2,click,,2026-04-16 21:25:37
572,70,view,,2026-04-16 21:25:49
573,0,search,tech,2026-04-19 18:05:12
573,11,view,,2026-04-19 18:05:41
573,100,view,,2026-04-19 18:06:20
573,100,click,,2026-04-19 18:06:45
573,1,view,,2026-04-19 18:07:03
573,40,view,,2026-04-19 18:07:56
573,40,click,,2026-04-19 18:08:09
573,40,add_to_cart,,2026-04-19 18:09:42
573,60,view,,2026-04-19 18:10:09
573,60,click,,2026-04-19 18:10:26
573,60,add_to_cart,,2026-04-19 18:10:51
573,60,purchase,,2026-04-19 18:12:51
574,0,search,algorithms,2026-04-16 12:07:12
574,70,view,,2026-04-16 12:07:55
574,70,click,,2026-04-16 12:08:06
574,30,view,,2026-04-16 12:09:05
574,30,click,,2026-04-16 12:09:15
574,30,add_to_cart,,2026-04-16 12:10:24
574,30,purchase,,2026-04-16 12:15:24
574,90,view,,2026-04-16 12:16:17
575,0,search,algorithms,2026-04-18 09:53:12
575,30,view,,2026-04-18 09:54:05
575,30,click,,2026-04-18 09:54:11
575,50,view,,2026-04-18 09:54:57
575,50,click,,2026-04-18 09:55:19
575,80,view,,2026-04-18 09:55:51
575,11,view,,2026-04-18 09:56:12
575,11,click,,2026-04-18 09:56:18
576,0,search,algorithms,2026-04-16 07:39:12
576,50,view,,2026-04-16 07:39:27
576,50,click,,2026-04-16 07:39:51
576,4,view,,2026-04-16 07:40:40
576,4,click,,2026-04-16 07:40:52
576,4,add_to_cart,,2026-04-16 07:41:47
576,3,view,,2026-04-16 07:42:18
576,70,view,,2026-04-16 07:42:31
576,70,click,,2026-04-16 07:42:44
577,0,search,photography,2026-04-16 22:10:12
577,60,view,,2026-04-16 22:10:24
577,60,click,,2026-04-16 22:10:30
577,3,view,,2026-04-16 22:11:17
577,90,view,,2026-04-16 22:12:16
577,90,click,,2026-04-16 22:12:37
577,90,add_to_cart,,2026-04-16 22:13:47
577,90,purchase,,2026-04-16 22:15:47
578,0,search,algorithms,2026-04-15 02:21:12
578,60,view,,2026-04-15 02:21:48
578,11,view,,2026-04-15 02:22:25
578,11,click,,2026-04-15 02:22:30
578,90,view,,2026-04-15 02:23:07
578,90,click,,2026-04-15 02:23:20
578,90,add_to_cart,,2026-04-15 02:24:29
579,0,search,home office,2026-04-15 03:16:12
579,50,view,,2026-04-15 03:16:34
579,50,click,,2026-04-15 03:16:53
579,90,view,,2026-04-15 03:17:06
579,90,click,,2026-04-15 03:17:19
579,90,add_to_cart,,2026-04-15 03:18:48
579,90,purchase,,2026-04-15 03:20:48
579,80,view,,2026-04-15 03:21:01
579,30,view,,2026-04-15 03:21:22
579,30,click,,2026-04-15 03:21:27
580,0,search,fashion,2026-04-15 08:13:12
580,1,view,,2026-04-15 08:13:49
580,30,view,,2026-04-15 08:14:13
580,30,click,,2026-04-15 08:14:33
580,30,add_to_cart,,2026-04-15 08:16:11
580,30,purchase,,2026-04-15 08:20:11
580,4,view,,2026-04-15 08:20:39
580,4,click,,2026-04-15 08:20:50
580,60,view,,2026-04-15 08:21:33
580,40,view,,2026-04-15 08:22:05
581,0,search,fashion,2026-04-17 19:37:12
581,80,view,,2026-04-17 19:38:05
581,80,click,,2026-04-17 19:38:27
581,50,view,,2026-04-17 19:38:54
581,70,view,,2026-04-17 19:39:45
581,70,click,,2026-04-17 19:39:53
581,3,view,,2026-04-17 19:40:46
582,0,search,laptop,2026-04-19 07:06:12
582,60,view,,2026-04-19 07:06:42
582,60,click,,2026-04-19 07:06:55
582,3,view,,2026-04-19 07:07:45
582,3,click,,2026-04-19 07:07:56
582,2,view,,2026-04-19 07:08:53
582,1,view,,2026-04-19 07:09:25
582,1,click,,2026-04-19 07:09:38
583,0,search,apple,2026-04-18 05:44:12
583,3,view,,2026-04-18 05:44:40
583,11,view,,2026-04-18 05:45:10
583,11,click,,2026-04-18 05:45:19
583,30,view,,2026-04-18 05:45:50
583,100,view,,2026-04-18 05:46:38
583,100,click,,2026-04-18 05:46:58
584,0,search,algorithms,2026-04-16 22:02:12
584,60,view,,2026-04-16 22:02:50
584,60,click,,2026-04-16 22:02:55
584,60,add_to_cart,,2026-04-16 22:04:07
584,30,view,,2026-04-16 22:04:53
584,30,click,,2026-04-16 22:05:09
584,3,view,,2026-04-16 22:05:19
584,3,click,,2026-04-16 22:05:41
584,10,view,,2026-04-16 22:05:59
585,0,search,coding,2026-04-17 08:08:12
585,30,view,,2026-04-17 08:08:50
585,30,click,,2026-04-17 08:09:19
585,100,view,,2026-04-17 08:10:08
585,100,click,,2026-04-17 08:10:37
585,3,view,,2026-04-17 08:11:09
586,0,search,photography,2026-04-16 20:57:12
586,4,view,,2026-04-16 20:58:06
586,4,click,,2026-04-16 20:58:28
586,30,view,,2026-04-16 20:59:03
586,30,click,,2026-04-16 20:59:13
586,10,view,,2026-04-16 20:59:35
586,50,view,,2026-04-16 21:00:26
587,0,search,algorithms,2026-04-16 07:18:12
587,10,view,,2026-04-16 07:18:47
587,10,click,,2026-04-16 07:19:09
587,10,add_to_cart,,2026-04-16 07:20:34
587,10,purchase,,2026-04-16 07:21:34
587,60,view,,2026-04-16 07:22:34
587,11,view,,2026-04-16 07:23:00
587,11,click,,2026-04-16 07:23:13
587,11,add_to_cart,,2026-04-16 07:24:24
588,0,search,coding,2026-04-17 14:15:12
588,2,view,,2026-04-17 14:15:27
588,2,click,,2026-04-17 14:15:32
588,30,view,,2026-04-17 14:15:54
588,30,click,,2026-04-17 14:16:03
588,11,view,,2026-04-17 14:16:54
588,70,view,,2026-04-17 14:17:33
589,0,search,apple,2026-04-16 16:25:12
589,100,view,,2026-04-16 16:26:04
589,100,click,,2026-04-16 16:26:21
589,2,view,,2026-04-16 16:27:19
589,2,click,,2026-04-16 16:27:36
589,80,view,,2026-04-16 16:28:02
589,1,view,,2026-04-16 16:28:41
589,1,click,,2026-04-16 16:28:56
589,1,add_to_cart,,2026-04-16 16:30:33
589,1,purchase,,2026-04-16 16:31:33
590,0,search,laptop,2026-04-15 11:51:12
590,11,view,,2026-04-15 11:52:11
590,11,click,,2026-04-15 11:52:33
590,10,view,,2026-04-15 11:53:30
590,10,click,,2026-04-15 11:53:49
590,10,add_to_cart,,2026-04-15 11:54:18
590,10,purchase,,2026-04-15 11:55:18
590,4,view,,2026-04-15 11:55:59
590,4,click,,2026-04-15 11:56:06
590,50,view,,2026-04-15 11:56:45
590,50,click,,2026-04-15 11:57:07
590,50,add_to_cart,,2026-04-15 11:58:32
590,50,purchase,,2026-04-15 12:01:32
591,0,search,algorithms,2026-04-17 14:31:12
591,60,view,,2026-04-17 14:31:23
591,60,click,,2026-04-17 14:31:53
591,4,view,,2026-04-17 14:32:29
591,4,click,,2026-04-17 14:32:43
591,11,view,,2026-04-17 14:33:03
591,11,click,,2026-04-17 14:33:32
591,2,view,,2026-04-17 14:34:28
591,2,click,,2026-04-17 14:34:42
592,0,search,tech,2026-04-19 19:53:12
592,11,view,,2026-04-19 19:53:22
592,40,view,,2026-04-19 19:53:39
592,40,click,,2026-04-19 19:53:53
592,3,view,,2026-04-19 19:54:39
592,3,click,,2026-04-19 19:55:07
593,0,search,algorithms,2026-04-18 10:24:12
593,80,view,,2026-04-18 10:24:53
593,90,view,,2026-04-18 10:25:16
593,90,click,,2026-04-18 10:25:31
593,50,view,,2026-04-18 10:25:41
593,50,click,,2026-04-18 10:25:49
593,50,add_to_cart,,2026-04-18 10:26:24
593,50,purchase,,2026-04-18 10:28:24
593,40,view,,2026-04-18 10:29:24
593,40,click,,2026-04-18 10:29:45
593,60,view,,2026-04-18 10:30:05
594,0,search,algorithms,2026-04-18 00:45:12
594,80,view,,2026-04-18 00:45:33
594,80,click,,2026-04-18 00:45:42
594,1,view,,2026-04-18 00:45:53
594,1,click,,2026-04-18 00:46:04
594,10,view,,2026-04-18 00:46:48
594,10,click,,2026-04-18 00:47:04
594,10,add_to_cart,,2026-04-18 00:48:18
594,10,purchase,,2026-04-18 00:50:18
594,70,view,,2026-04-18 00:51:05
594,70,click,,2026-04-18 00:51:29
595,0,search,apple,2026-04-19 05:59:12
595,100,view,,2026-04-19 05:59:25
595,100,click,,2026-04-19 05:59:54
595,100,add_to_cart,,2026-04-19 06:00:59
595,10,view,,2026-04-19 06:01:42
595,10,click,,2026-04-19 06:01:51
595,4,view,,2026-04-19 06:02:40
595,2,view,,2026-04-19 06:03:22
596,0,search,tech,2026-04-15 15:46:12
596,11,view,,2026-04-15 15:46:58
596,30,view,,2026-04-15 15:47:24
596,80,view,,2026-04-15 15:47:50
596,2,view,,2026-04-15 15:48:21
596,2,click,,2026-04-15 15:48:26
596,2,add_to_cart,,2026-04-15 15:49:45
596,40,view,,2026-04-15 15:50:22
596,40,click,,2026-04-15 15:50:45
597,0,search,coding,2026-04-18 20:07:12
597,3,view,,2026-04-18 20:07:32
597,10,view,,2026-04-18 20:08:16
597,10,click,,2026-04-18 20:08:35
597,4,view,,2026-04-18 20:08:57
597,4,click,,2026-04-18 20:09:08
597,4,add_to_cart,,2026-04-18 20:09:57
597,11,view,,2026-04-18 20:10:31
597,11,click,,2026-04-18 20:10:50
597,11,add_to_cart,,2026-04-18 20:12:24
597,11,purchase,,2026-04-18 20:14:24
598,0,search,apple,2026-04-15 12:31:12
598,1,view,,2026-04-15 12:32:12
598,1,click,,2026-04-15 12:32:29
598,1,add_to_cart,,2026-04-15 12:34:01
598,4,view,,2026-04-15 12:34:31
598,4,click,,2026-04-15 12:34:39
598,90,view,,2026-04-15 12:35:06
598,90,click,,2026-04-15 12:35:15
598,90,add_to_cart,,2026-04-15 12:36:05
598,90,purchase,,2026-04-15 12:37:05
598,50,view,,2026-04-15 12:37:17
598,50,click,,2026-04-15 12:37:24
598,50,add_to_cart,,2026-04-15 12:38:29
598,50,purchase,,2026-04-15 12:43:29
598,3,view,,2026-04-15 12:44:14
598,3,click,,2026-04-15 12:44:32
598,3,add_to_cart,,2026-04-15 12:45:16
599,0,search,coding,2026-04-16 00:46:12
599,4,view,,2026-04-16 00:47:03
599,4,click,,2026-04-16 00:47:27
599,40,view,,2026-04-16 00:47:41
599,40,click,,2026-04-16 00:48:01
599,11,view,,2026-04-16 00:48:59
599,11,click,,2026-04-16 00:49:20
599,60,view,,2026-04-16 00:50:01
599,60,click,,2026-04-16 00:50:28