id,category_id,name,description,price,image_url,supplier_id,product_type,attributes,is_active,created_at,updated_at
10034,440901,Casual Fleece Hoodie (ID 10034),High-quality Casual Fleece Hoodie from the Clothing catalog. Serialized product ID: 10034.,55.92,https://images.example.com/products/10034.jpg,101,generic,"{""dataset_item_id"": 10034}",True,2026-06-07 15:13:55,2026-06-07 15:13:55
18309,3351726,Plush Toy Bear (ID 18309),High-quality Plush Toy Bear from the Toys & Games catalog. Serialized product ID: 18309.,74.71,https://images.example.com/products/18309.jpg,101,generic,"{""dataset_item_id"": 18309}",True,2026-06-07 15:13:55,2026-06-07 15:13:55
21762,1622413,Three-Seater Velvet Sofa (ID 21762),High-quality Three-Seater Velvet Sofa from the Furniture catalog. Serialized product ID: 21762.,173.53,https://images.example.com/products/21762.jpg,103,generic,"{""dataset_item_id"": 21762}",True,2026-06-07 15:13:55,2026-06-07 15:13:55
23239,411153,Adjustable Standing Desk (ID 23239),High-quality Adjustable Standing Desk from the Furniture catalog. Serialized product ID: 23239.,122.95,https://images.example.com/products/23239.jpg,103,generic,"{""dataset_item_id"": 23239}",True,2026-06-07 15:13:55,2026-06-07 15:13:55
28356,2885642,The Great Gatsby (ID 28356),High-quality The Great Gatsby from the Books catalog. Serialized product ID: 28356.,35.77,https://images.example.com/products/28356.jpg,101,generic,"{""dataset_item_id"": 28356}",True,2026-06-07 15:13:55,2026-06-07 15:13:55
37314,1875258,Sport Sandals (ID 37314),High-quality Sport Sandals from the Shoes catalog. Serialized product ID: 37314.,104.95,https://images.example.com/products/37314.jpg,101,generic,"{""dataset_item_id"": 37314}",True,2026-06-07 15:13:55,2026-06-07 15:13:55
38891,1859277,Anti-Slip Yoga Mat (ID 38891),High-quality Anti-Slip Yoga Mat from the Sports Equipment catalog. Serialized product ID: 38891.,7.8,https://images.example.com/products/38891.jpg,101,generic,"{""dataset_item_id"": 38891}",True,2026-06-07 15:13:55,2026-06-07 15:13:55
44202,3880463,Three-Seater Velvet Sofa (ID 44202),High-quality Three-Seater Velvet Sofa from the Furniture catalog. Serialized product ID: 44202.,177.48,https://images.example.com/products/44202.jpg,103,generic,"{""dataset_item_id"": 44202}",True,2026-06-07 15:13:55,2026-06-07 15:13:55
49781,3607361,Slim Fit Denim Jeans (ID 49781),High-quality Slim Fit Denim Jeans from the Clothing catalog. Serialized product ID: 49781.,16.7,https://images.example.com/products/49781.jpg,101,generic,"{""dataset_item_id"": 49781}",True,2026-06-07 15:13:55,2026-06-07 15:13:55
64810,4672807,Adjustable Dumbbell Set (ID 64810),High-quality Adjustable Dumbbell Set from the Sports Equipment catalog. Serialized product ID: 64810.,72.31,https://images.example.com/products/64810.jpg,103,generic,"{""dataset_item_id"": 64810}",True,2026-06-07 15:13:55,2026-06-07 15:13:55
81069,4239903,Adjustable Standing Desk (ID 81069),High-quality Adjustable Standing Desk from the Furniture catalog. Serialized product ID: 81069.,308.33,https://images.example.com/products/81069.jpg,101,generic,"{""dataset_item_id"": 81069}",True,2026-06-07 15:13:55,2026-06-07 15:13:55
84698,1132465,Premium Arabica Coffee Beans (ID 84698),High-quality Premium Arabica Coffee Beans from the Food & Groceries catalog. Serialized product ID: 84698.,47.23,https://images.example.com/products/84698.jpg,102,generic,"{""dataset_item_id"": 84698}",True,2026-06-07 15:13:55,2026-06-07 15:13:55
91877,2578647,Heavy-Duty Resistance Bands (ID 91877),High-quality Heavy-Duty Resistance Bands from the Sports Equipment catalog. Serialized product ID: 91877.,81.09,https://images.example.com/products/91877.jpg,101,generic,"{""dataset_item_id"": 91877}",True,2026-06-07 15:13:55,2026-06-07 15:13:55
108408,2355072,Learning Python Development (ID 108408),High-quality Learning Python Development from the Books catalog. Serialized product ID: 108408.,31.76,https://images.example.com/products/108408.jpg,101,generic,"{""dataset_item_id"": 108408}",True,2026-06-07 15:13:55,2026-06-07 15:13:55
116741,983613,Minimalist Wooden Desk (ID 116741),High-quality Minimalist Wooden Desk from the Furniture catalog. Serialized product ID: 116741.,372.52,https://images.example.com/products/116741.jpg,102,generic,"{""dataset_item_id"": 116741}",True,2026-06-07 15:13:55,2026-06-07 15:13:55
122092,2945933,Three-Seater Velvet Sofa (ID 122092),High-quality Three-Seater Velvet Sofa from the Furniture catalog. Serialized product ID: 122092.,196.43,https://images.example.com/products/122092.jpg,101,generic,"{""dataset_item_id"": 122092}",True,2026-06-07 15:13:55,2026-06-07 15:13:55
126664,4736710,Tablet Air (ID 126664),High-quality Tablet Air from the Electronics catalog. Serialized product ID: 126664.,960.53,https://images.example.com/products/126664.jpg,102,generic,"{""dataset_item_id"": 126664}",True,2026-06-07 15:13:55,2026-06-07 15:13:55
127953,3351726,Building Blocks Set (ID 127953),High-quality Building Blocks Set from the Toys & Games catalog. Serialized product ID: 127953.,14.61,https://images.example.com/products/127953.jpg,102,generic,"{""dataset_item_id"": 127953}",True,2026-06-07 15:13:55,2026-06-07 15:13:55
130217,3720767,Heavy-Duty Resistance Bands (ID 130217),High-quality Heavy-Duty Resistance Bands from the Sports Equipment catalog. Serialized product ID: 130217.,14.09,https://images.example.com/products/130217.jpg,102,generic,"{""dataset_item_id"": 130217}",True,2026-06-07 15:13:55,2026-06-07 15:13:55
139496,3175480,Noise Cancelling Headphone (ID 139496),High-quality Noise Cancelling Headphone from the Electronics catalog. Serialized product ID: 139496.,642.75,https://images.example.com/products/139496.jpg,101,generic,"{""dataset_item_id"": 139496}",True,2026-06-07 15:13:55,2026-06-07 15:13:55
140359,1526484,Gentle Cleansing Foam (ID 140359),High-quality Gentle Cleansing Foam from the Cosmetics catalog. Serialized product ID: 140359.,73.59,https://images.example.com/products/140359.jpg,103,generic,"{""dataset_item_id"": 140359}",True,2026-06-07 15:13:55,2026-06-07 15:13:55
143281,4672807,Anti-Slip Yoga Mat (ID 143281),High-quality Anti-Slip Yoga Mat from the Sports Equipment catalog. Serialized product ID: 143281.,16.73,https://images.example.com/products/143281.jpg,102,generic,"{""dataset_item_id"": 143281}",True,2026-06-07 15:13:55,2026-06-07 15:13:55
144409,1320293,Adjustable Standing Desk (ID 144409),High-quality Adjustable Standing Desk from the Furniture catalog. Serialized product ID: 144409.,113.02,https://images.example.com/products/144409.jpg,102,generic,"{""dataset_item_id"": 144409}",True,2026-06-07 15:13:55,2026-06-07 15:13:55
162442,846990,Tablet Air (ID 162442),High-quality Tablet Air from the Electronics catalog. Serialized product ID: 162442.,845.63,https://images.example.com/products/162442.jpg,103,generic,"{""dataset_item_id"": 162442}",True,2026-06-07 15:13:55,2026-06-07 15:13:55
164553,1691699,Premium Sunglasses (ID 164553),High-quality Premium Sunglasses from the Jewelry & Accessories catalog. Serialized product ID: 164553.,88.23,https://images.example.com/products/164553.jpg,102,generic,"{""dataset_item_id"": 164553}",True,2026-06-07 15:13:55,2026-06-07 15:13:55
173040,84264,Hydrating Face Moisturizer (ID 173040),High-quality Hydrating Face Moisturizer from the Cosmetics catalog. Serialized product ID: 173040.,59.27,https://images.example.com/products/173040.jpg,103,generic,"{""dataset_item_id"": 173040}",True,2026-06-07 15:13:55,2026-06-07 15:13:55
174758,4672807,Waterproof Sports Backpack (ID 174758),High-quality Waterproof Sports Backpack from the Sports Equipment catalog. Serialized product ID: 174758.,11.54,https://images.example.com/products/174758.jpg,103,generic,"{""dataset_item_id"": 174758}",True,2026-06-07 15:13:55,2026-06-07 15:13:55
177075,5144469,Sterling Silver Necklace (ID 177075),High-quality Sterling Silver Necklace from the Jewelry & Accessories catalog. Serialized product ID: 177075.,26.42,https://images.example.com/products/177075.jpg,102,generic,"{""dataset_item_id"": 177075}",True,2026-06-07 15:13:55,2026-06-07 15:13:55
177796,2520377,Anti-Slip Yoga Mat (ID 177796),High-quality Anti-Slip Yoga Mat from the Sports Equipment catalog. Serialized product ID: 177796.,97.61,https://images.example.com/products/177796.jpg,101,generic,"{""dataset_item_id"": 177796}",True,2026-06-07 15:13:55,2026-06-07 15:13:55
180342,882707,Heavy-Duty Resistance Bands (ID 180342),High-quality Heavy-Duty Resistance Bands from the Sports Equipment catalog. Serialized product ID: 180342.,86.45,https://images.example.com/products/180342.jpg,102,generic,"{""dataset_item_id"": 180342}",True,2026-06-07 15:13:55,2026-06-07 15:13:55
190148,1008362,Learning Python Development (ID 190148),High-quality Learning Python Development from the Books catalog. Serialized product ID: 190148.,17.34,https://images.example.com/products/190148.jpg,103,generic,"{""dataset_item_id"": 190148}",True,2026-06-07 15:13:55,2026-06-07 15:13:55
191098,1216617,Waterproof Sports Backpack (ID 191098),High-quality Waterproof Sports Backpack from the Sports Equipment catalog. Serialized product ID: 191098.,83.41,https://images.example.com/products/191098.jpg,101,generic,"{""dataset_item_id"": 191098}",True,2026-06-07 15:13:55,2026-06-07 15:13:55
193842,2033408,Casual Canvas Sneakers (ID 193842),High-quality Casual Canvas Sneakers from the Shoes catalog. Serialized product ID: 193842.,80.72,https://images.example.com/products/193842.jpg,101,generic,"{""dataset_item_id"": 193842}",True,2026-06-07 15:13:55,2026-06-07 15:13:55
195056,1449177,Anti-Slip Yoga Mat (ID 195056),High-quality Anti-Slip Yoga Mat from the Sports Equipment catalog. Serialized product ID: 195056.,68.0,https://images.example.com/products/195056.jpg,103,generic,"{""dataset_item_id"": 195056}",True,2026-06-07 15:13:55,2026-06-07 15:13:55
202202,1231891,Winter Woolen Sweater (ID 202202),High-quality Winter Woolen Sweater from the Clothing catalog. Serialized product ID: 202202.,74.95,https://images.example.com/products/202202.jpg,103,generic,"{""dataset_item_id"": 202202}",True,2026-06-07 15:13:55,2026-06-07 15:13:55
203244,4145813,Adjustable Standing Desk (ID 203244),High-quality Adjustable Standing Desk from the Furniture catalog. Serialized product ID: 203244.,109.92,https://images.example.com/products/203244.jpg,103,generic,"{""dataset_item_id"": 203244}",True,2026-06-07 15:13:55,2026-06-07 15:13:55
206508,1505776,Building Blocks Set (ID 206508),High-quality Building Blocks Set from the Toys & Games catalog. Serialized product ID: 206508.,21.09,https://images.example.com/products/206508.jpg,103,generic,"{""dataset_item_id"": 206508}",True,2026-06-07 15:13:55,2026-06-07 15:13:55
212989,3123187,Smart Jump Rope (ID 212989),High-quality Smart Jump Rope from the Sports Equipment catalog. Serialized product ID: 212989.,28.01,https://images.example.com/products/212989.jpg,102,generic,"{""dataset_item_id"": 212989}",True,2026-06-07 15:13:55,2026-06-07 15:13:55
221387,796856,Strategy Board Game (ID 221387),High-quality Strategy Board Game from the Toys & Games catalog. Serialized product ID: 221387.,40.67,https://images.example.com/products/221387.jpg,103,generic,"{""dataset_item_id"": 221387}",True,2026-06-07 15:13:55,2026-06-07 15:13:55
243523,285583,Modern Coffee Table (ID 243523),High-quality Modern Coffee Table from the Furniture catalog. Serialized product ID: 243523.,368.34,https://images.example.com/products/243523.jpg,101,generic,"{""dataset_item_id"": 243523}",True,2026-06-07 15:13:55,2026-06-07 15:13:55
252579,16219,Gold Plated Ring (ID 252579),High-quality Gold Plated Ring from the Jewelry & Accessories catalog. Serialized product ID: 252579.,69.35,https://images.example.com/products/252579.jpg,101,generic,"{""dataset_item_id"": 252579}",True,2026-06-07 15:13:55,2026-06-07 15:13:55
253040,2485713,Ergonomic Office Chair (ID 253040),High-quality Ergonomic Office Chair from the Furniture catalog. Serialized product ID: 253040.,175.97,https://images.example.com/products/253040.jpg,101,generic,"{""dataset_item_id"": 253040}",True,2026-06-07 15:13:55,2026-06-07 15:13:55
260779,1875258,Sport Sandals (ID 260779),High-quality Sport Sandals from the Shoes catalog. Serialized product ID: 260779.,128.56,https://images.example.com/products/260779.jpg,102,generic,"{""dataset_item_id"": 260779}",True,2026-06-07 15:13:55,2026-06-07 15:13:55
282801,285583,Minimalist Wooden Desk (ID 282801),High-quality Minimalist Wooden Desk from the Furniture catalog. Serialized product ID: 282801.,192.18,https://images.example.com/products/282801.jpg,101,generic,"{""dataset_item_id"": 282801}",True,2026-06-07 15:13:55,2026-06-07 15:13:55
287835,2994558,Running Shoes Comfort (ID 287835),High-quality Running Shoes Comfort from the Shoes catalog. Serialized product ID: 287835.,140.44,https://images.example.com/products/287835.jpg,103,generic,"{""dataset_item_id"": 287835}",True,2026-06-07 15:13:55,2026-06-07 15:13:55
296719,2465336,Plush Toy Bear (ID 296719),High-quality Plush Toy Bear from the Toys & Games catalog. Serialized product ID: 296719.,87.38,https://images.example.com/products/296719.jpg,102,generic,"{""dataset_item_id"": 296719}",True,2026-06-07 15:13:55,2026-06-07 15:13:55
300124,4170419,Gold Plated Ring (ID 300124),High-quality Gold Plated Ring from the Jewelry & Accessories catalog. Serialized product ID: 300124.,24.99,https://images.example.com/products/300124.jpg,102,generic,"{""dataset_item_id"": 300124}",True,2026-06-07 15:13:55,2026-06-07 15:13:55
300430,2737340,Tablet Air (ID 300430),High-quality Tablet Air from the Electronics catalog. Serialized product ID: 300430.,455.67,https://images.example.com/products/300430.jpg,103,generic,"{""dataset_item_id"": 300430}",True,2026-06-07 15:13:55,2026-06-07 15:13:55
303794,2640118,Sport Sandals (ID 303794),High-quality Sport Sandals from the Shoes catalog. Serialized product ID: 303794.,90.47,https://images.example.com/products/303794.jpg,102,generic,"{""dataset_item_id"": 303794}",True,2026-06-07 15:13:55,2026-06-07 15:13:55
305317,1834026,Strategy Board Game (ID 305317),High-quality Strategy Board Game from the Toys & Games catalog. Serialized product ID: 305317.,18.13,https://images.example.com/products/305317.jpg,103,generic,"{""dataset_item_id"": 305317}",True,2026-06-07 15:13:55,2026-06-07 15:13:55
305698,1169371,Waterproof Windbreaker Jacket (ID 305698),High-quality Waterproof Windbreaker Jacket from the Clothing catalog. Serialized product ID: 305698.,50.93,https://images.example.com/products/305698.jpg,102,generic,"{""dataset_item_id"": 305698}",True,2026-06-07 15:13:55,2026-06-07 15:13:55
307896,4464320,Smartphone (ID 307896),High-quality Smartphone from the Electronics catalog. Serialized product ID: 307896.,771.57,https://images.example.com/products/307896.jpg,102,generic,"{""dataset_item_id"": 307896}",True,2026-06-07 15:13:55,2026-06-07 15:13:55
321118,339580,Tablet Air (ID 321118),High-quality Tablet Air from the Electronics catalog. Serialized product ID: 321118.,907.14,https://images.example.com/products/321118.jpg,102,generic,"{""dataset_item_id"": 321118}",True,2026-06-07 15:13:55,2026-06-07 15:13:55
325313,3002561,Waterproof Windbreaker Jacket (ID 325313),High-quality Waterproof Windbreaker Jacket from the Clothing catalog. Serialized product ID: 325313.,38.17,https://images.example.com/products/325313.jpg,101,generic,"{""dataset_item_id"": 325313}",True,2026-06-07 15:13:55,2026-06-07 15:13:55
329628,1859277,Waterproof Sports Backpack (ID 329628),High-quality Waterproof Sports Backpack from the Sports Equipment catalog. Serialized product ID: 329628.,52.9,https://images.example.com/products/329628.jpg,101,generic,"{""dataset_item_id"": 329628}",True,2026-06-07 15:13:55,2026-06-07 15:13:55
334615,922189,Sterling Silver Necklace (ID 334615),High-quality Sterling Silver Necklace from the Jewelry & Accessories catalog. Serialized product ID: 334615.,76.04,https://images.example.com/products/334615.jpg,101,generic,"{""dataset_item_id"": 334615}",True,2026-06-07 15:13:55,2026-06-07 15:13:55
347750,411153,Ergonomic Office Chair (ID 347750),High-quality Ergonomic Office Chair from the Furniture catalog. Serialized product ID: 347750.,144.04,https://images.example.com/products/347750.jpg,101,generic,"{""dataset_item_id"": 347750}",True,2026-06-07 15:13:55,2026-06-07 15:13:55
349984,4793839,Gold Plated Ring (ID 349984),High-quality Gold Plated Ring from the Jewelry & Accessories catalog. Serialized product ID: 349984.,79.46,https://images.example.com/products/349984.jpg,102,generic,"{""dataset_item_id"": 349984}",True,2026-06-07 15:13:55,2026-06-07 15:13:55
361294,570735,Natural Honey Jar (ID 361294),High-quality Natural Honey Jar from the Food & Groceries catalog. Serialized product ID: 361294.,61.06,https://images.example.com/products/361294.jpg,102,generic,"{""dataset_item_id"": 361294}",True,2026-06-07 15:13:55,2026-06-07 15:13:55
372144,2640118,Sport Sandals (ID 372144),High-quality Sport Sandals from the Shoes catalog. Serialized product ID: 372144.,81.98,https://images.example.com/products/372144.jpg,102,generic,"{""dataset_item_id"": 372144}",True,2026-06-07 15:13:55,2026-06-07 15:13:55
377345,2342116,1000-Piece Jigsaw Puzzle (ID 377345),High-quality 1000-Piece Jigsaw Puzzle from the Toys & Games catalog. Serialized product ID: 377345.,54.74,https://images.example.com/products/377345.jpg,103,generic,"{""dataset_item_id"": 377345}",True,2026-06-07 15:13:55,2026-06-07 15:13:55
379371,1851156,Remote Control Sports Car (ID 379371),High-quality Remote Control Sports Car from the Toys & Games catalog. Serialized product ID: 379371.,85.91,https://images.example.com/products/379371.jpg,101,generic,"{""dataset_item_id"": 379371}",True,2026-06-07 15:13:55,2026-06-07 15:13:55
398593,2896142,Learning Python Development (ID 398593),High-quality Learning Python Development from the Books catalog. Serialized product ID: 398593.,29.41,https://images.example.com/products/398593.jpg,101,generic,"{""dataset_item_id"": 398593}",True,2026-06-07 15:13:55,2026-06-07 15:13:55
400851,1051370,Bluetooth Speaker (ID 400851),High-quality Bluetooth Speaker from the Electronics catalog. Serialized product ID: 400851.,712.86,https://images.example.com/products/400851.jpg,103,generic,"{""dataset_item_id"": 400851}",True,2026-06-07 15:13:55,2026-06-07 15:13:55
409116,4145813,Minimalist Wooden Desk (ID 409116),High-quality Minimalist Wooden Desk from the Furniture catalog. Serialized product ID: 409116.,394.62,https://images.example.com/products/409116.jpg,103,generic,"{""dataset_item_id"": 409116}",True,2026-06-07 15:13:55,2026-06-07 15:13:55
414825,2640118,Running Shoes Comfort (ID 414825),High-quality Running Shoes Comfort from the Shoes catalog. Serialized product ID: 414825.,77.42,https://images.example.com/products/414825.jpg,102,generic,"{""dataset_item_id"": 414825}",True,2026-06-07 15:13:55,2026-06-07 15:13:55
418390,3100408,Running Shoes Comfort (ID 418390),High-quality Running Shoes Comfort from the Shoes catalog. Serialized product ID: 418390.,87.82,https://images.example.com/products/418390.jpg,102,generic,"{""dataset_item_id"": 418390}",True,2026-06-07 15:13:55,2026-06-07 15:13:55
420144,982926,Plush Toy Bear (ID 420144),High-quality Plush Toy Bear from the Toys & Games catalog. Serialized product ID: 420144.,5.31,https://images.example.com/products/420144.jpg,103,generic,"{""dataset_item_id"": 420144}",True,2026-06-07 15:13:55,2026-06-07 15:13:55
427434,154040,Smartphone (ID 427434),High-quality Smartphone from the Electronics catalog. Serialized product ID: 427434.,887.39,https://images.example.com/products/427434.jpg,102,generic,"{""dataset_item_id"": 427434}",True,2026-06-07 15:13:55,2026-06-07 15:13:55
435998,1884322,Learning Python Development (ID 435998),High-quality Learning Python Development from the Books catalog. Serialized product ID: 435998.,38.16,https://images.example.com/products/435998.jpg,101,generic,"{""dataset_item_id"": 435998}",True,2026-06-07 15:13:55,2026-06-07 15:13:55
442940,1008362,Introduction to Algorithms (ID 442940),High-quality Introduction to Algorithms from the Books catalog. Serialized product ID: 442940.,24.23,https://images.example.com/products/442940.jpg,101,generic,"{""dataset_item_id"": 442940}",True,2026-06-07 15:13:55,2026-06-07 15:13:55
444181,2362370,Laptop Pro (ID 444181),High-quality Laptop Pro from the Electronics catalog. Serialized product ID: 444181.,882.6,https://images.example.com/products/444181.jpg,102,generic,"{""dataset_item_id"": 444181}",True,2026-06-07 15:13:55,2026-06-07 15:13:55
447009,1960675,Natural Honey Jar (ID 447009),High-quality Natural Honey Jar from the Food & Groceries catalog. Serialized product ID: 447009.,84.12,https://images.example.com/products/447009.jpg,103,generic,"{""dataset_item_id"": 447009}",True,2026-06-07 15:13:55,2026-06-07 15:13:55
451286,3795340,Noise Cancelling Headphone (ID 451286),High-quality Noise Cancelling Headphone from the Electronics catalog. Serialized product ID: 451286.,647.46,https://images.example.com/products/451286.jpg,101,generic,"{""dataset_item_id"": 451286}",True,2026-06-07 15:13:55,2026-06-07 15:13:55
454408,4242717,Waterproof Sports Backpack (ID 454408),High-quality Waterproof Sports Backpack from the Sports Equipment catalog. Serialized product ID: 454408.,40.15,https://images.example.com/products/454408.jpg,101,generic,"{""dataset_item_id"": 454408}",True,2026-06-07 15:13:55,2026-06-07 15:13:55
455385,1842993,Ergonomic Office Chair (ID 455385),High-quality Ergonomic Office Chair from the Furniture catalog. Serialized product ID: 455385.,306.0,https://images.example.com/products/455385.jpg,103,generic,"{""dataset_item_id"": 455385}",True,2026-06-07 15:13:55,2026-06-07 15:13:55
460466,724320,Noise Cancelling Headphone (ID 460466),High-quality Noise Cancelling Headphone from the Electronics catalog. Serialized product ID: 460466.,925.73,https://images.example.com/products/460466.jpg,103,generic,"{""dataset_item_id"": 460466}",True,2026-06-07 15:13:55,2026-06-07 15:13:55
461740,1004392,Introduction to Algorithms (ID 461740),High-quality Introduction to Algorithms from the Books catalog. Serialized product ID: 461740.,18.72,https://images.example.com/products/461740.jpg,101,generic,"{""dataset_item_id"": 461740}",True,2026-06-07 15:13:55,2026-06-07 15:13:55
467423,622168,Warm Winter Boots (ID 467423),High-quality Warm Winter Boots from the Shoes catalog. Serialized product ID: 467423.,52.31,https://images.example.com/products/467423.jpg,102,generic,"{""dataset_item_id"": 467423}",True,2026-06-07 15:13:55,2026-06-07 15:13:55
474469,2673821,Casual Fleece Hoodie (ID 474469),High-quality Casual Fleece Hoodie from the Clothing catalog. Serialized product ID: 474469.,71.24,https://images.example.com/products/474469.jpg,102,generic,"{""dataset_item_id"": 474469}",True,2026-06-07 15:13:55,2026-06-07 15:13:55
475913,874415,Premium Arabica Coffee Beans (ID 475913),High-quality Premium Arabica Coffee Beans from the Food & Groceries catalog. Serialized product ID: 475913.,27.51,https://images.example.com/products/475913.jpg,101,generic,"{""dataset_item_id"": 475913}",True,2026-06-07 15:13:55,2026-06-07 15:13:55
479367,3975787,Heavy-Duty Resistance Bands (ID 479367),High-quality Heavy-Duty Resistance Bands from the Sports Equipment catalog. Serialized product ID: 479367.,87.53,https://images.example.com/products/479367.jpg,101,generic,"{""dataset_item_id"": 479367}",True,2026-06-07 15:13:55,2026-06-07 15:13:55
482929,4357323,Adjustable Standing Desk (ID 482929),High-quality Adjustable Standing Desk from the Furniture catalog. Serialized product ID: 482929.,115.89,https://images.example.com/products/482929.jpg,102,generic,"{""dataset_item_id"": 482929}",True,2026-06-07 15:13:55,2026-06-07 15:13:55
487347,3720767,Heavy-Duty Resistance Bands (ID 487347),High-quality Heavy-Duty Resistance Bands from the Sports Equipment catalog. Serialized product ID: 487347.,81.71,https://images.example.com/products/487347.jpg,103,generic,"{""dataset_item_id"": 487347}",True,2026-06-07 15:13:55,2026-06-07 15:13:55
487547,1312642,Clean Code Reference Book (ID 487547),High-quality Clean Code Reference Book from the Books catalog. Serialized product ID: 487547.,31.98,https://images.example.com/products/487547.jpg,101,generic,"{""dataset_item_id"": 487547}",True,2026-06-07 15:13:55,2026-06-07 15:13:55
494417,323851,Winter Woolen Sweater (ID 494417),High-quality Winter Woolen Sweater from the Clothing catalog. Serialized product ID: 494417.,57.22,https://images.example.com/products/494417.jpg,103,generic,"{""dataset_item_id"": 494417}",True,2026-06-07 15:13:55,2026-06-07 15:13:55
500641,411153,Minimalist Wooden Desk (ID 500641),High-quality Minimalist Wooden Desk from the Furniture catalog. Serialized product ID: 500641.,149.19,https://images.example.com/products/500641.jpg,103,generic,"{""dataset_item_id"": 500641}",True,2026-06-07 15:13:55,2026-06-07 15:13:55
506837,3454970,Smartwatch Elite (ID 506837),High-quality Smartwatch Elite from the Electronics catalog. Serialized product ID: 506837.,884.32,https://images.example.com/products/506837.jpg,102,generic,"{""dataset_item_id"": 506837}",True,2026-06-07 15:13:55,2026-06-07 15:13:55
510660,293630,Smartphone (ID 510660),High-quality Smartphone from the Electronics catalog. Serialized product ID: 510660.,966.96,https://images.example.com/products/510660.jpg,103,generic,"{""dataset_item_id"": 510660}",True,2026-06-07 15:13:55,2026-06-07 15:13:55
528426,3323163,Minimalist Wooden Desk (ID 528426),High-quality Minimalist Wooden Desk from the Furniture catalog. Serialized product ID: 528426.,396.46,https://images.example.com/products/528426.jpg,103,generic,"{""dataset_item_id"": 528426}",True,2026-06-07 15:13:55,2026-06-07 15:13:55
530474,2945933,Adjustable Standing Desk (ID 530474),High-quality Adjustable Standing Desk from the Furniture catalog. Serialized product ID: 530474.,164.28,https://images.example.com/products/530474.jpg,102,generic,"{""dataset_item_id"": 530474}",True,2026-06-07 15:13:55,2026-06-07 15:13:55
532145,2158870,Smartwatch Elite (ID 532145),High-quality Smartwatch Elite from the Electronics catalog. Serialized product ID: 532145.,458.69,https://images.example.com/products/532145.jpg,103,generic,"{""dataset_item_id"": 532145}",True,2026-06-07 15:13:55,2026-06-07 15:13:55
532443,2732466,Building Blocks Set (ID 532443),High-quality Building Blocks Set from the Toys & Games catalog. Serialized product ID: 532443.,66.09,https://images.example.com/products/532443.jpg,102,generic,"{""dataset_item_id"": 532443}",True,2026-06-07 15:13:55,2026-06-07 15:13:55
542973,2737340,Bluetooth Speaker (ID 542973),High-quality Bluetooth Speaker from the Electronics catalog. Serialized product ID: 542973.,908.75,https://images.example.com/products/542973.jpg,102,generic,"{""dataset_item_id"": 542973}",True,2026-06-07 15:13:55,2026-06-07 15:13:55
544000,1980111,Classic Cotton T-Shirt (ID 544000),High-quality Classic Cotton T-Shirt from the Clothing catalog. Serialized product ID: 544000.,22.74,https://images.example.com/products/544000.jpg,101,generic,"{""dataset_item_id"": 544000}",True,2026-06-07 15:13:55,2026-06-07 15:13:55
559088,4595718,Warm Winter Boots (ID 559088),High-quality Warm Winter Boots from the Shoes catalog. Serialized product ID: 559088.,47.04,https://images.example.com/products/559088.jpg,101,generic,"{""dataset_item_id"": 559088}",True,2026-06-07 15:13:55,2026-06-07 15:13:55
563665,1231891,Classic Cotton T-Shirt (ID 563665),High-quality Classic Cotton T-Shirt from the Clothing catalog. Serialized product ID: 563665.,52.65,https://images.example.com/products/563665.jpg,101,generic,"{""dataset_item_id"": 563665}",True,2026-06-07 15:13:55,2026-06-07 15:13:55
575683,1868174,Vitamin C Face Serum (ID 575683),High-quality Vitamin C Face Serum from the Cosmetics catalog. Serialized product ID: 575683.,60.31,https://images.example.com/products/575683.jpg,101,generic,"{""dataset_item_id"": 575683}",True,2026-06-07 15:13:55,2026-06-07 15:13:55
585725,4145813,Ergonomic Office Chair (ID 585725),High-quality Ergonomic Office Chair from the Furniture catalog. Serialized product ID: 585725.,109.75,https://images.example.com/products/585725.jpg,103,generic,"{""dataset_item_id"": 585725}",True,2026-06-07 15:13:55,2026-06-07 15:13:55
592124,4069500,Noise Cancelling Headphone (ID 592124),High-quality Noise Cancelling Headphone from the Electronics catalog. Serialized product ID: 592124.,152.93,https://images.example.com/products/592124.jpg,101,generic,"{""dataset_item_id"": 592124}",True,2026-06-07 15:13:55,2026-06-07 15:13:55
602202,3607361,Winter Woolen Sweater (ID 602202),High-quality Winter Woolen Sweater from the Clothing catalog. Serialized product ID: 602202.,72.95,https://images.example.com/products/602202.jpg,102,generic,"{""dataset_item_id"": 602202}",True,2026-06-07 15:13:55,2026-06-07 15:13:55
610505,3231625,Organic Granola Oats (ID 610505),High-quality Organic Granola Oats from the Food & Groceries catalog. Serialized product ID: 610505.,11.66,https://images.example.com/products/610505.jpg,101,generic,"{""dataset_item_id"": 610505}",True,2026-06-07 15:13:55,2026-06-07 15:13:55
621929,2885642,Mindset Shift Audiobook (ID 621929),High-quality Mindset Shift Audiobook from the Books catalog. Serialized product ID: 621929.,17.35,https://images.example.com/products/621929.jpg,102,generic,"{""dataset_item_id"": 621929}",True,2026-06-07 15:13:55,2026-06-07 15:13:55
627476,360294,Organic SPF50 Sunscreen (ID 627476),High-quality Organic SPF50 Sunscreen from the Cosmetics catalog. Serialized product ID: 627476.,25.14,https://images.example.com/products/627476.jpg,101,generic,"{""dataset_item_id"": 627476}",True,2026-06-07 15:13:55,2026-06-07 15:13:55
632660,2786875,Organic Granola Oats (ID 632660),High-quality Organic Granola Oats from the Food & Groceries catalog. Serialized product ID: 632660.,73.0,https://images.example.com/products/632660.jpg,103,generic,"{""dataset_item_id"": 632660}",True,2026-06-07 15:13:55,2026-06-07 15:13:55
634999,245312,Mindset Shift Audiobook (ID 634999),High-quality Mindset Shift Audiobook from the Books catalog. Serialized product ID: 634999.,26.29,https://images.example.com/products/634999.jpg,101,generic,"{""dataset_item_id"": 634999}",True,2026-06-07 15:13:55,2026-06-07 15:13:55
639339,4980533,Adjustable Standing Desk (ID 639339),High-quality Adjustable Standing Desk from the Furniture catalog. Serialized product ID: 639339.,408.76,https://images.example.com/products/639339.jpg,102,generic,"{""dataset_item_id"": 639339}",True,2026-06-07 15:13:55,2026-06-07 15:13:55
641976,4181361,Slim Fit Denim Jeans (ID 641976),High-quality Slim Fit Denim Jeans from the Clothing catalog. Serialized product ID: 641976.,27.19,https://images.example.com/products/641976.jpg,101,generic,"{""dataset_item_id"": 641976}",True,2026-06-07 15:13:55,2026-06-07 15:13:55
644264,1798067,Smart Jump Rope (ID 644264),High-quality Smart Jump Rope from the Sports Equipment catalog. Serialized product ID: 644264.,66.94,https://images.example.com/products/644264.jpg,102,generic,"{""dataset_item_id"": 644264}",True,2026-06-07 15:13:55,2026-06-07 15:13:55
646921,3500710,Laptop Pro (ID 646921),High-quality Laptop Pro from the Electronics catalog. Serialized product ID: 646921.,480.8,https://images.example.com/products/646921.jpg,102,generic,"{""dataset_item_id"": 646921}",True,2026-06-07 15:13:55,2026-06-07 15:13:55
649676,3795340,Noise Cancelling Headphone (ID 649676),High-quality Noise Cancelling Headphone from the Electronics catalog. Serialized product ID: 649676.,876.59,https://images.example.com/products/649676.jpg,101,generic,"{""dataset_item_id"": 649676}",True,2026-06-07 15:13:55,2026-06-07 15:13:55
654710,3299155,Organic Granola Oats (ID 654710),High-quality Organic Granola Oats from the Food & Groceries catalog. Serialized product ID: 654710.,68.3,https://images.example.com/products/654710.jpg,103,generic,"{""dataset_item_id"": 654710}",True,2026-06-07 15:13:55,2026-06-07 15:13:55
656911,2735466,Remote Control Sports Car (ID 656911),High-quality Remote Control Sports Car from the Toys & Games catalog. Serialized product ID: 656911.,14.25,https://images.example.com/products/656911.jpg,102,generic,"{""dataset_item_id"": 656911}",True,2026-06-07 15:13:55,2026-06-07 15:13:55
658010,1265358,Running Shoes Comfort (ID 658010),High-quality Running Shoes Comfort from the Shoes catalog. Serialized product ID: 658010.,120.1,https://images.example.com/products/658010.jpg,101,generic,"{""dataset_item_id"": 658010}",True,2026-06-07 15:13:55,2026-06-07 15:13:55
662524,1051370,Tablet Air (ID 662524),High-quality Tablet Air from the Electronics catalog. Serialized product ID: 662524.,323.54,https://images.example.com/products/662524.jpg,101,generic,"{""dataset_item_id"": 662524}",True,2026-06-07 15:13:55,2026-06-07 15:13:55
672767,411153,Three-Seater Velvet Sofa (ID 672767),High-quality Three-Seater Velvet Sofa from the Furniture catalog. Serialized product ID: 672767.,304.7,https://images.example.com/products/672767.jpg,101,generic,"{""dataset_item_id"": 672767}",True,2026-06-07 15:13:55,2026-06-07 15:13:55
682079,3674154,Gentle Cleansing Foam (ID 682079),High-quality Gentle Cleansing Foam from the Cosmetics catalog. Serialized product ID: 682079.,44.66,https://images.example.com/products/682079.jpg,102,generic,"{""dataset_item_id"": 682079}",True,2026-06-07 15:13:55,2026-06-07 15:13:55
687309,2558244,Gentle Cleansing Foam (ID 687309),High-quality Gentle Cleansing Foam from the Cosmetics catalog. Serialized product ID: 687309.,48.49,https://images.example.com/products/687309.jpg,101,generic,"{""dataset_item_id"": 687309}",True,2026-06-07 15:13:55,2026-06-07 15:13:55
687624,1265358,Sport Sandals (ID 687624),High-quality Sport Sandals from the Shoes catalog. Serialized product ID: 687624.,88.74,https://images.example.com/products/687624.jpg,103,generic,"{""dataset_item_id"": 687624}",True,2026-06-07 15:13:55,2026-06-07 15:13:55
689042,1872294,Matte Red Lipstick (ID 689042),High-quality Matte Red Lipstick from the Cosmetics catalog. Serialized product ID: 689042.,14.2,https://images.example.com/products/689042.jpg,103,generic,"{""dataset_item_id"": 689042}",True,2026-06-07 15:13:55,2026-06-07 15:13:55
693206,982926,Remote Control Sports Car (ID 693206),High-quality Remote Control Sports Car from the Toys & Games catalog. Serialized product ID: 693206.,98.93,https://images.example.com/products/693206.jpg,101,generic,"{""dataset_item_id"": 693206}",True,2026-06-07 15:13:55,2026-06-07 15:13:55
697305,903809,Sterling Silver Necklace (ID 697305),High-quality Sterling Silver Necklace from the Jewelry & Accessories catalog. Serialized product ID: 697305.,96.09,https://images.example.com/products/697305.jpg,101,generic,"{""dataset_item_id"": 697305}",True,2026-06-07 15:13:55,2026-06-07 15:13:55
701097,2572604,Matte Red Lipstick (ID 701097),High-quality Matte Red Lipstick from the Cosmetics catalog. Serialized product ID: 701097.,20.63,https://images.example.com/products/701097.jpg,102,generic,"{""dataset_item_id"": 701097}",True,2026-06-07 15:13:55,2026-06-07 15:13:55
703963,2314022,Learning Python Development (ID 703963),High-quality Learning Python Development from the Books catalog. Serialized product ID: 703963.,23.44,https://images.example.com/products/703963.jpg,102,generic,"{""dataset_item_id"": 703963}",True,2026-06-07 15:13:55,2026-06-07 15:13:55
705046,3962843,Minimalist Wooden Desk (ID 705046),High-quality Minimalist Wooden Desk from the Furniture catalog. Serialized product ID: 705046.,458.12,https://images.example.com/products/705046.jpg,101,generic,"{""dataset_item_id"": 705046}",True,2026-06-07 15:13:55,2026-06-07 15:13:55
706065,4082778,Running Shoes Comfort (ID 706065),High-quality Running Shoes Comfort from the Shoes catalog. Serialized product ID: 706065.,81.69,https://images.example.com/products/706065.jpg,102,generic,"{""dataset_item_id"": 706065}",True,2026-06-07 15:13:55,2026-06-07 15:13:55
716219,1689624,Gentle Cleansing Foam (ID 716219),High-quality Gentle Cleansing Foam from the Cosmetics catalog. Serialized product ID: 716219.,29.93,https://images.example.com/products/716219.jpg,102,generic,"{""dataset_item_id"": 716219}",True,2026-06-07 15:13:55,2026-06-07 15:13:55
718985,4801426,1000-Piece Jigsaw Puzzle (ID 718985),High-quality 1000-Piece Jigsaw Puzzle from the Toys & Games catalog. Serialized product ID: 718985.,31.81,https://images.example.com/products/718985.jpg,103,generic,"{""dataset_item_id"": 718985}",True,2026-06-07 15:13:55,2026-06-07 15:13:55
724626,1973012,The Great Gatsby (ID 724626),High-quality The Great Gatsby from the Books catalog. Serialized product ID: 724626.,37.72,https://images.example.com/products/724626.jpg,103,generic,"{""dataset_item_id"": 724626}",True,2026-06-07 15:13:55,2026-06-07 15:13:55
725164,2158079,Gold Plated Ring (ID 725164),High-quality Gold Plated Ring from the Jewelry & Accessories catalog. Serialized product ID: 725164.,67.22,https://images.example.com/products/725164.jpg,102,generic,"{""dataset_item_id"": 725164}",True,2026-06-07 15:13:55,2026-06-07 15:13:55
725452,2733371,Winter Woolen Sweater (ID 725452),High-quality Winter Woolen Sweater from the Clothing catalog. Serialized product ID: 725452.,24.91,https://images.example.com/products/725452.jpg,102,generic,"{""dataset_item_id"": 725452}",True,2026-06-07 15:13:55,2026-06-07 15:13:55
729577,2201685,Dark Chocolate Bar 80% (ID 729577),High-quality Dark Chocolate Bar 80% from the Food & Groceries catalog. Serialized product ID: 729577.,25.46,https://images.example.com/products/729577.jpg,101,generic,"{""dataset_item_id"": 729577}",True,2026-06-07 15:13:55,2026-06-07 15:13:55
731783,866301,Waterproof Windbreaker Jacket (ID 731783),High-quality Waterproof Windbreaker Jacket from the Clothing catalog. Serialized product ID: 731783.,52.07,https://images.example.com/products/731783.jpg,103,generic,"{""dataset_item_id"": 731783}",True,2026-06-07 15:13:55,2026-06-07 15:13:55
735415,4756105,Organic Granola Oats (ID 735415),High-quality Organic Granola Oats from the Food & Groceries catalog. Serialized product ID: 735415.,10.73,https://images.example.com/products/735415.jpg,102,generic,"{""dataset_item_id"": 735415}",True,2026-06-07 15:13:55,2026-06-07 15:13:55
738249,1505776,Plush Toy Bear (ID 738249),High-quality Plush Toy Bear from the Toys & Games catalog. Serialized product ID: 738249.,10.37,https://images.example.com/products/738249.jpg,103,generic,"{""dataset_item_id"": 738249}",True,2026-06-07 15:13:55,2026-06-07 15:13:55
743052,1217732,Clean Code Reference Book (ID 743052),High-quality Clean Code Reference Book from the Books catalog. Serialized product ID: 743052.,23.3,https://images.example.com/products/743052.jpg,103,generic,"{""dataset_item_id"": 743052}",True,2026-06-07 15:13:55,2026-06-07 15:13:55
743380,3158249,Sterling Silver Necklace (ID 743380),High-quality Sterling Silver Necklace from the Jewelry & Accessories catalog. Serialized product ID: 743380.,19.8,https://images.example.com/products/743380.jpg,103,generic,"{""dataset_item_id"": 743380}",True,2026-06-07 15:13:55,2026-06-07 15:13:55
744823,2520377,Waterproof Sports Backpack (ID 744823),High-quality Waterproof Sports Backpack from the Sports Equipment catalog. Serialized product ID: 744823.,12.53,https://images.example.com/products/744823.jpg,101,generic,"{""dataset_item_id"": 744823}",True,2026-06-07 15:13:55,2026-06-07 15:13:55
755870,2247880,Noise Cancelling Headphone (ID 755870),High-quality Noise Cancelling Headphone from the Electronics catalog. Serialized product ID: 755870.,161.6,https://images.example.com/products/755870.jpg,101,generic,"{""dataset_item_id"": 755870}",True,2026-06-07 15:13:55,2026-06-07 15:13:55
758425,4138583,Ergonomic Office Chair (ID 758425),High-quality Ergonomic Office Chair from the Furniture catalog. Serialized product ID: 758425.,362.91,https://images.example.com/products/758425.jpg,101,generic,"{""dataset_item_id"": 758425}",True,2026-06-07 15:13:55,2026-06-07 15:13:55
762383,3796207,Waterproof Sports Backpack (ID 762383),High-quality Waterproof Sports Backpack from the Sports Equipment catalog. Serialized product ID: 762383.,42.95,https://images.example.com/products/762383.jpg,103,generic,"{""dataset_item_id"": 762383}",True,2026-06-07 15:13:55,2026-06-07 15:13:55
764670,4145813,Ergonomic Office Chair (ID 764670),High-quality Ergonomic Office Chair from the Furniture catalog. Serialized product ID: 764670.,183.16,https://images.example.com/products/764670.jpg,103,generic,"{""dataset_item_id"": 764670}",True,2026-06-07 15:13:55,2026-06-07 15:13:55
765808,4138583,Modern Coffee Table (ID 765808),High-quality Modern Coffee Table from the Furniture catalog. Serialized product ID: 765808.,96.65,https://images.example.com/products/765808.jpg,101,generic,"{""dataset_item_id"": 765808}",True,2026-06-07 15:13:55,2026-06-07 15:13:55
767464,815311,Casual Fleece Hoodie (ID 767464),High-quality Casual Fleece Hoodie from the Clothing catalog. Serialized product ID: 767464.,41.83,https://images.example.com/products/767464.jpg,103,generic,"{""dataset_item_id"": 767464}",True,2026-06-07 15:13:55,2026-06-07 15:13:55
768295,4145813,Ergonomic Office Chair (ID 768295),High-quality Ergonomic Office Chair from the Furniture catalog. Serialized product ID: 768295.,316.83,https://images.example.com/products/768295.jpg,102,generic,"{""dataset_item_id"": 768295}",True,2026-06-07 15:13:55,2026-06-07 15:13:55
771558,1686309,Premium Sunglasses (ID 771558),High-quality Premium Sunglasses from the Jewelry & Accessories catalog. Serialized product ID: 771558.,92.86,https://images.example.com/products/771558.jpg,101,generic,"{""dataset_item_id"": 771558}",True,2026-06-07 15:13:55,2026-06-07 15:13:55
771853,84264,Vitamin C Face Serum (ID 771853),High-quality Vitamin C Face Serum from the Cosmetics catalog. Serialized product ID: 771853.,67.95,https://images.example.com/products/771853.jpg,102,generic,"{""dataset_item_id"": 771853}",True,2026-06-07 15:13:55,2026-06-07 15:13:55
773321,4211233,Minimalist Wooden Desk (ID 773321),High-quality Minimalist Wooden Desk from the Furniture catalog. Serialized product ID: 773321.,180.01,https://images.example.com/products/773321.jpg,102,generic,"{""dataset_item_id"": 773321}",True,2026-06-07 15:13:55,2026-06-07 15:13:55
779670,2465336,1000-Piece Jigsaw Puzzle (ID 779670),High-quality 1000-Piece Jigsaw Puzzle from the Toys & Games catalog. Serialized product ID: 779670.,17.3,https://images.example.com/products/779670.jpg,103,generic,"{""dataset_item_id"": 779670}",True,2026-06-07 15:13:55,2026-06-07 15:13:55
783373,3654707,Waterproof Sports Backpack (ID 783373),High-quality Waterproof Sports Backpack from the Sports Equipment catalog. Serialized product ID: 783373.,33.2,https://images.example.com/products/783373.jpg,102,generic,"{""dataset_item_id"": 783373}",True,2026-06-07 15:13:55,2026-06-07 15:13:55
785193,1061857,Waterproof Sports Backpack (ID 785193),High-quality Waterproof Sports Backpack from the Sports Equipment catalog. Serialized product ID: 785193.,92.33,https://images.example.com/products/785193.jpg,101,generic,"{""dataset_item_id"": 785193}",True,2026-06-07 15:13:55,2026-06-07 15:13:55
786458,2737340,Noise Cancelling Headphone (ID 786458),High-quality Noise Cancelling Headphone from the Electronics catalog. Serialized product ID: 786458.,108.37,https://images.example.com/products/786458.jpg,103,generic,"{""dataset_item_id"": 786458}",True,2026-06-07 15:13:55,2026-06-07 15:13:55
791770,411153,Ergonomic Office Chair (ID 791770),High-quality Ergonomic Office Chair from the Furniture catalog. Serialized product ID: 791770.,498.35,https://images.example.com/products/791770.jpg,101,generic,"{""dataset_item_id"": 791770}",True,2026-06-07 15:13:55,2026-06-07 15:13:55
800445,285583,Ergonomic Office Chair (ID 800445),High-quality Ergonomic Office Chair from the Furniture catalog. Serialized product ID: 800445.,110.7,https://images.example.com/products/800445.jpg,101,generic,"{""dataset_item_id"": 800445}",True,2026-06-07 15:13:55,2026-06-07 15:13:55
810022,5101104,Matte Red Lipstick (ID 810022),High-quality Matte Red Lipstick from the Cosmetics catalog. Serialized product ID: 810022.,52.55,https://images.example.com/products/810022.jpg,101,generic,"{""dataset_item_id"": 810022}",True,2026-06-07 15:13:55,2026-06-07 15:13:55
816139,3876855,Natural Honey Jar (ID 816139),High-quality Natural Honey Jar from the Food & Groceries catalog. Serialized product ID: 816139.,92.73,https://images.example.com/products/816139.jpg,101,generic,"{""dataset_item_id"": 816139}",True,2026-06-07 15:13:55,2026-06-07 15:13:55
818466,4217906,Remote Control Sports Car (ID 818466),High-quality Remote Control Sports Car from the Toys & Games catalog. Serialized product ID: 818466.,87.65,https://images.example.com/products/818466.jpg,102,generic,"{""dataset_item_id"": 818466}",True,2026-06-07 15:13:55,2026-06-07 15:13:55
832994,1505776,Plush Toy Bear (ID 832994),High-quality Plush Toy Bear from the Toys & Games catalog. Serialized product ID: 832994.,31.79,https://images.example.com/products/832994.jpg,102,generic,"{""dataset_item_id"": 832994}",True,2026-06-07 15:13:55,2026-06-07 15:13:55
838793,3740459,Premium Sunglasses (ID 838793),High-quality Premium Sunglasses from the Jewelry & Accessories catalog. Serialized product ID: 838793.,83.37,https://images.example.com/products/838793.jpg,103,generic,"{""dataset_item_id"": 838793}",True,2026-06-07 15:13:55,2026-06-07 15:13:55
845822,3607361,Winter Woolen Sweater (ID 845822),High-quality Winter Woolen Sweater from the Clothing catalog. Serialized product ID: 845822.,34.36,https://images.example.com/products/845822.jpg,103,generic,"{""dataset_item_id"": 845822}",True,2026-06-07 15:13:55,2026-06-07 15:13:55
849843,3231625,Premium Arabica Coffee Beans (ID 849843),High-quality Premium Arabica Coffee Beans from the Food & Groceries catalog. Serialized product ID: 849843.,54.72,https://images.example.com/products/849843.jpg,103,generic,"{""dataset_item_id"": 849843}",True,2026-06-07 15:13:55,2026-06-07 15:13:55
855191,238434,Organic SPF50 Sunscreen (ID 855191),High-quality Organic SPF50 Sunscreen from the Cosmetics catalog. Serialized product ID: 855191.,81.81,https://images.example.com/products/855191.jpg,102,generic,"{""dataset_item_id"": 855191}",True,2026-06-07 15:13:55,2026-06-07 15:13:55
856297,4130426,Strategy Board Game (ID 856297),High-quality Strategy Board Game from the Toys & Games catalog. Serialized product ID: 856297.,92.59,https://images.example.com/products/856297.jpg,101,generic,"{""dataset_item_id"": 856297}",True,2026-06-07 15:13:55,2026-06-07 15:13:55
869209,1765288,Sport Sandals (ID 869209),High-quality Sport Sandals from the Shoes catalog. Serialized product ID: 869209.,143.28,https://images.example.com/products/869209.jpg,101,generic,"{""dataset_item_id"": 869209}",True,2026-06-07 15:13:55,2026-06-07 15:13:55
870086,4145813,Minimalist Wooden Desk (ID 870086),High-quality Minimalist Wooden Desk from the Furniture catalog. Serialized product ID: 870086.,190.81,https://images.example.com/products/870086.jpg,101,generic,"{""dataset_item_id"": 870086}",True,2026-06-07 15:13:55,2026-06-07 15:13:55
870595,2355072,Introduction to Algorithms (ID 870595),High-quality Introduction to Algorithms from the Books catalog. Serialized product ID: 870595.,31.27,https://images.example.com/products/870595.jpg,101,generic,"{""dataset_item_id"": 870595}",True,2026-06-07 15:13:55,2026-06-07 15:13:55
872404,194806,Plush Toy Bear (ID 872404),High-quality Plush Toy Bear from the Toys & Games catalog. Serialized product ID: 872404.,30.6,https://images.example.com/products/872404.jpg,103,generic,"{""dataset_item_id"": 872404}",True,2026-06-07 15:13:55,2026-06-07 15:13:55
873997,1568197,Heavy-Duty Resistance Bands (ID 873997),High-quality Heavy-Duty Resistance Bands from the Sports Equipment catalog. Serialized product ID: 873997.,24.8,https://images.example.com/products/873997.jpg,102,generic,"{""dataset_item_id"": 873997}",True,2026-06-07 15:13:55,2026-06-07 15:13:55
904672,2062239,Anti-Blue Light Glasses (ID 904672),High-quality Anti-Blue Light Glasses from the Jewelry & Accessories catalog. Serialized product ID: 904672.,24.14,https://images.example.com/products/904672.jpg,103,generic,"{""dataset_item_id"": 904672}",True,2026-06-07 15:13:55,2026-06-07 15:13:55
905677,1879194,Matte Red Lipstick (ID 905677),High-quality Matte Red Lipstick from the Cosmetics catalog. Serialized product ID: 905677.,85.17,https://images.example.com/products/905677.jpg,103,generic,"{""dataset_item_id"": 905677}",True,2026-06-07 15:13:55,2026-06-07 15:13:55
905943,2131531,Waterproof Windbreaker Jacket (ID 905943),High-quality Waterproof Windbreaker Jacket from the Clothing catalog. Serialized product ID: 905943.,46.27,https://images.example.com/products/905943.jpg,101,generic,"{""dataset_item_id"": 905943}",True,2026-06-07 15:13:55,2026-06-07 15:13:55
906282,634390,Smartphone (ID 906282),High-quality Smartphone from the Electronics catalog. Serialized product ID: 906282.,182.98,https://images.example.com/products/906282.jpg,102,generic,"{""dataset_item_id"": 906282}",True,2026-06-07 15:13:55,2026-06-07 15:13:55
907841,1051370,Smartwatch Elite (ID 907841),High-quality Smartwatch Elite from the Electronics catalog. Serialized product ID: 907841.,845.58,https://images.example.com/products/907841.jpg,101,generic,"{""dataset_item_id"": 907841}",True,2026-06-07 15:13:55,2026-06-07 15:13:55
920480,3645362,Introduction to Algorithms (ID 920480),High-quality Introduction to Algorithms from the Books catalog. Serialized product ID: 920480.,9.11,https://images.example.com/products/920480.jpg,101,generic,"{""dataset_item_id"": 920480}",True,2026-06-07 15:13:55,2026-06-07 15:13:55
925671,1275696,Remote Control Sports Car (ID 925671),High-quality Remote Control Sports Car from the Toys & Games catalog. Serialized product ID: 925671.,64.89,https://images.example.com/products/925671.jpg,102,generic,"{""dataset_item_id"": 925671}",True,2026-06-07 15:13:55,2026-06-07 15:13:55
929641,4173315,Extra Virgin Olive Oil (ID 929641),High-quality Extra Virgin Olive Oil from the Food & Groceries catalog. Serialized product ID: 929641.,20.19,https://images.example.com/products/929641.jpg,102,generic,"{""dataset_item_id"": 929641}",True,2026-06-07 15:13:55,2026-06-07 15:13:55
931229,85955,Natural Honey Jar (ID 931229),High-quality Natural Honey Jar from the Food & Groceries catalog. Serialized product ID: 931229.,56.86,https://images.example.com/products/931229.jpg,102,generic,"{""dataset_item_id"": 931229}",True,2026-06-07 15:13:55,2026-06-07 15:13:55
931499,3002561,Casual Fleece Hoodie (ID 931499),High-quality Casual Fleece Hoodie from the Clothing catalog. Serialized product ID: 931499.,50.9,https://images.example.com/products/931499.jpg,101,generic,"{""dataset_item_id"": 931499}",True,2026-06-07 15:13:55,2026-06-07 15:13:55
934383,4672807,Waterproof Sports Backpack (ID 934383),High-quality Waterproof Sports Backpack from the Sports Equipment catalog. Serialized product ID: 934383.,12.07,https://images.example.com/products/934383.jpg,103,generic,"{""dataset_item_id"": 934383}",True,2026-06-07 15:13:55,2026-06-07 15:13:55
936197,703487,Heavy-Duty Resistance Bands (ID 936197),High-quality Heavy-Duty Resistance Bands from the Sports Equipment catalog. Serialized product ID: 936197.,89.97,https://images.example.com/products/936197.jpg,103,generic,"{""dataset_item_id"": 936197}",True,2026-06-07 15:13:55,2026-06-07 15:13:55
938062,411153,Three-Seater Velvet Sofa (ID 938062),High-quality Three-Seater Velvet Sofa from the Furniture catalog. Serialized product ID: 938062.,95.1,https://images.example.com/products/938062.jpg,102,generic,"{""dataset_item_id"": 938062}",True,2026-06-07 15:13:55,2026-06-07 15:13:55
939688,1626599,Premium Sunglasses (ID 939688),High-quality Premium Sunglasses from the Jewelry & Accessories catalog. Serialized product ID: 939688.,59.76,https://images.example.com/products/939688.jpg,101,generic,"{""dataset_item_id"": 939688}",True,2026-06-07 15:13:55,2026-06-07 15:13:55
947168,3999977,Waterproof Sports Backpack (ID 947168),High-quality Waterproof Sports Backpack from the Sports Equipment catalog. Serialized product ID: 947168.,45.4,https://images.example.com/products/947168.jpg,101,generic,"{""dataset_item_id"": 947168}",True,2026-06-07 15:13:55,2026-06-07 15:13:55
954365,2085893,Ergonomic Office Chair (ID 954365),High-quality Ergonomic Office Chair from the Furniture catalog. Serialized product ID: 954365.,209.16,https://images.example.com/products/954365.jpg,101,generic,"{""dataset_item_id"": 954365}",True,2026-06-07 15:13:55,2026-06-07 15:13:55
955365,4170419,Sterling Silver Necklace (ID 955365),High-quality Sterling Silver Necklace from the Jewelry & Accessories catalog. Serialized product ID: 955365.,89.5,https://images.example.com/products/955365.jpg,101,generic,"{""dataset_item_id"": 955365}",True,2026-06-07 15:13:55,2026-06-07 15:13:55
961958,4756105,Premium Arabica Coffee Beans (ID 961958),High-quality Premium Arabica Coffee Beans from the Food & Groceries catalog. Serialized product ID: 961958.,69.11,https://images.example.com/products/961958.jpg,103,generic,"{""dataset_item_id"": 961958}",True,2026-06-07 15:13:55,2026-06-07 15:13:55
965798,2672762,Learning Python Development (ID 965798),High-quality Learning Python Development from the Books catalog. Serialized product ID: 965798.,12.08,https://images.example.com/products/965798.jpg,103,generic,"{""dataset_item_id"": 965798}",True,2026-06-07 15:13:55,2026-06-07 15:13:55
970425,4069500,Bluetooth Speaker (ID 970425),High-quality Bluetooth Speaker from the Electronics catalog. Serialized product ID: 970425.,894.84,https://images.example.com/products/970425.jpg,102,generic,"{""dataset_item_id"": 970425}",True,2026-06-07 15:13:55,2026-06-07 15:13:55
975226,1943989,Classic Leather Wallet (ID 975226),High-quality Classic Leather Wallet from the Jewelry & Accessories catalog. Serialized product ID: 975226.,96.54,https://images.example.com/products/975226.jpg,103,generic,"{""dataset_item_id"": 975226}",True,2026-06-07 15:13:55,2026-06-07 15:13:55
981566,1029459,Classic Leather Wallet (ID 981566),High-quality Classic Leather Wallet from the Jewelry & Accessories catalog. Serialized product ID: 981566.,19.53,https://images.example.com/products/981566.jpg,101,generic,"{""dataset_item_id"": 981566}",True,2026-06-07 15:13:55,2026-06-07 15:13:55
987677,1080785,Dark Chocolate Bar 80% (ID 987677),High-quality Dark Chocolate Bar 80% from the Food & Groceries catalog. Serialized product ID: 987677.,86.27,https://images.example.com/products/987677.jpg,101,generic,"{""dataset_item_id"": 987677}",True,2026-06-07 15:13:55,2026-06-07 15:13:55
995550,2578647,Adjustable Dumbbell Set (ID 995550),High-quality Adjustable Dumbbell Set from the Sports Equipment catalog. Serialized product ID: 995550.,87.85,https://images.example.com/products/995550.jpg,101,generic,"{""dataset_item_id"": 995550}",True,2026-06-07 15:13:55,2026-06-07 15:13:55
997154,982926,Plush Toy Bear (ID 997154),High-quality Plush Toy Bear from the Toys & Games catalog. Serialized product ID: 997154.,21.86,https://images.example.com/products/997154.jpg,102,generic,"{""dataset_item_id"": 997154}",True,2026-06-07 15:13:55,2026-06-07 15:13:55
1001675,2640118,Running Shoes Comfort (ID 1001675),High-quality Running Shoes Comfort from the Shoes catalog. Serialized product ID: 1001675.,126.06,https://images.example.com/products/1001675.jpg,102,generic,"{""dataset_item_id"": 1001675}",True,2026-06-07 15:13:55,2026-06-07 15:13:55
1007312,3579754,Matte Red Lipstick (ID 1007312),High-quality Matte Red Lipstick from the Cosmetics catalog. Serialized product ID: 1007312.,80.41,https://images.example.com/products/1007312.jpg,103,generic,"{""dataset_item_id"": 1007312}",True,2026-06-07 15:13:55,2026-06-07 15:13:55
1008152,4339722,Clean Code Reference Book (ID 1008152),High-quality Clean Code Reference Book from the Books catalog. Serialized product ID: 1008152.,33.32,https://images.example.com/products/1008152.jpg,102,generic,"{""dataset_item_id"": 1008152}",True,2026-06-07 15:13:55,2026-06-07 15:13:55
1008330,4756105,Organic Granola Oats (ID 1008330),High-quality Organic Granola Oats from the Food & Groceries catalog. Serialized product ID: 1008330.,19.96,https://images.example.com/products/1008330.jpg,103,generic,"{""dataset_item_id"": 1008330}",True,2026-06-07 15:13:55,2026-06-07 15:13:55
1014292,854059,Anti-Blue Light Glasses (ID 1014292),High-quality Anti-Blue Light Glasses from the Jewelry & Accessories catalog. Serialized product ID: 1014292.,15.16,https://images.example.com/products/1014292.jpg,101,generic,"{""dataset_item_id"": 1014292}",True,2026-06-07 15:13:55,2026-06-07 15:13:55
1014296,2736436,Remote Control Sports Car (ID 1014296),High-quality Remote Control Sports Car from the Toys & Games catalog. Serialized product ID: 1014296.,85.71,https://images.example.com/products/1014296.jpg,101,generic,"{""dataset_item_id"": 1014296}",True,2026-06-07 15:13:55,2026-06-07 15:13:55
1024622,1051370,Noise Cancelling Headphone (ID 1024622),High-quality Noise Cancelling Headphone from the Electronics catalog. Serialized product ID: 1024622.,279.42,https://images.example.com/products/1024622.jpg,102,generic,"{""dataset_item_id"": 1024622}",True,2026-06-07 15:13:55,2026-06-07 15:13:55
1024736,1320293,Minimalist Wooden Desk (ID 1024736),High-quality Minimalist Wooden Desk from the Furniture catalog. Serialized product ID: 1024736.,226.51,https://images.example.com/products/1024736.jpg,101,generic,"{""dataset_item_id"": 1024736}",True,2026-06-07 15:13:55,2026-06-07 15:13:55
1053132,1948588,Casual Canvas Sneakers (ID 1053132),High-quality Casual Canvas Sneakers from the Shoes catalog. Serialized product ID: 1053132.,64.52,https://images.example.com/products/1053132.jpg,103,generic,"{""dataset_item_id"": 1053132}",True,2026-06-07 15:13:55,2026-06-07 15:13:55
1077547,4756105,Dark Chocolate Bar 80% (ID 1077547),High-quality Dark Chocolate Bar 80% from the Food & Groceries catalog. Serialized product ID: 1077547.,23.15,https://images.example.com/products/1077547.jpg,102,generic,"{""dataset_item_id"": 1077547}",True,2026-06-07 15:13:55,2026-06-07 15:13:55
1089711,1457367,Anti-Slip Yoga Mat (ID 1089711),High-quality Anti-Slip Yoga Mat from the Sports Equipment catalog. Serialized product ID: 1089711.,31.19,https://images.example.com/products/1089711.jpg,101,generic,"{""dataset_item_id"": 1089711}",True,2026-06-07 15:13:55,2026-06-07 15:13:55
1096863,2355072,Learning Python Development (ID 1096863),High-quality Learning Python Development from the Books catalog. Serialized product ID: 1096863.,38.01,https://images.example.com/products/1096863.jpg,102,generic,"{""dataset_item_id"": 1096863}",True,2026-06-07 15:13:55,2026-06-07 15:13:55
1106837,4145813,Three-Seater Velvet Sofa (ID 1106837),High-quality Three-Seater Velvet Sofa from the Furniture catalog. Serialized product ID: 1106837.,227.13,https://images.example.com/products/1106837.jpg,103,generic,"{""dataset_item_id"": 1106837}",True,2026-06-07 15:13:55,2026-06-07 15:13:55
1112818,865039,Premium Sunglasses (ID 1112818),High-quality Premium Sunglasses from the Jewelry & Accessories catalog. Serialized product ID: 1112818.,42.57,https://images.example.com/products/1112818.jpg,103,generic,"{""dataset_item_id"": 1112818}",True,2026-06-07 15:13:55,2026-06-07 15:13:55
1113979,1320293,Adjustable Standing Desk (ID 1113979),High-quality Adjustable Standing Desk from the Furniture catalog. Serialized product ID: 1113979.,218.75,https://images.example.com/products/1113979.jpg,101,generic,"{""dataset_item_id"": 1113979}",True,2026-06-07 15:13:55,2026-06-07 15:13:55
1115643,3898483,Modern Coffee Table (ID 1115643),High-quality Modern Coffee Table from the Furniture catalog. Serialized product ID: 1115643.,128.33,https://images.example.com/products/1115643.jpg,102,generic,"{""dataset_item_id"": 1115643}",True,2026-06-07 15:13:55,2026-06-07 15:13:55
1127932,4338287,Heavy-Duty Resistance Bands (ID 1127932),High-quality Heavy-Duty Resistance Bands from the Sports Equipment catalog. Serialized product ID: 1127932.,21.79,https://images.example.com/products/1127932.jpg,102,generic,"{""dataset_item_id"": 1127932}",True,2026-06-07 15:13:55,2026-06-07 15:13:55
1132150,4801426,1000-Piece Jigsaw Puzzle (ID 1132150),High-quality 1000-Piece Jigsaw Puzzle from the Toys & Games catalog. Serialized product ID: 1132150.,8.6,https://images.example.com/products/1132150.jpg,103,generic,"{""dataset_item_id"": 1132150}",True,2026-06-07 15:13:55,2026-06-07 15:13:55
1134646,3607361,Slim Fit Denim Jeans (ID 1134646),High-quality Slim Fit Denim Jeans from the Clothing catalog. Serialized product ID: 1134646.,42.81,https://images.example.com/products/1134646.jpg,103,generic,"{""dataset_item_id"": 1134646}",True,2026-06-07 15:13:55,2026-06-07 15:13:55
1140218,2465336,Building Blocks Set (ID 1140218),High-quality Building Blocks Set from the Toys & Games catalog. Serialized product ID: 1140218.,78.92,https://images.example.com/products/1140218.jpg,102,generic,"{""dataset_item_id"": 1140218}",True,2026-06-07 15:13:55,2026-06-07 15:13:55
1147995,3171095,Organic Granola Oats (ID 1147995),High-quality Organic Granola Oats from the Food & Groceries catalog. Serialized product ID: 1147995.,61.98,https://images.example.com/products/1147995.jpg,103,generic,"{""dataset_item_id"": 1147995}",True,2026-06-07 15:13:55,2026-06-07 15:13:55
1149771,2158870,Bluetooth Speaker (ID 1149771),High-quality Bluetooth Speaker from the Electronics catalog. Serialized product ID: 1149771.,203.97,https://images.example.com/products/1149771.jpg,103,generic,"{""dataset_item_id"": 1149771}",True,2026-06-07 15:13:55,2026-06-07 15:13:55
1151537,3351726,Strategy Board Game (ID 1151537),High-quality Strategy Board Game from the Toys & Games catalog. Serialized product ID: 1151537.,22.87,https://images.example.com/products/1151537.jpg,101,generic,"{""dataset_item_id"": 1151537}",True,2026-06-07 15:13:55,2026-06-07 15:13:55
1152335,1842993,Ergonomic Office Chair (ID 1152335),High-quality Ergonomic Office Chair from the Furniture catalog. Serialized product ID: 1152335.,376.98,https://images.example.com/products/1152335.jpg,101,generic,"{""dataset_item_id"": 1152335}",True,2026-06-07 15:13:55,2026-06-07 15:13:55
1164412,3248072,Clean Code Reference Book (ID 1164412),High-quality Clean Code Reference Book from the Books catalog. Serialized product ID: 1164412.,24.6,https://images.example.com/products/1164412.jpg,103,generic,"{""dataset_item_id"": 1164412}",True,2026-06-07 15:13:55,2026-06-07 15:13:55
1168346,4331400,Noise Cancelling Headphone (ID 1168346),High-quality Noise Cancelling Headphone from the Electronics catalog. Serialized product ID: 1168346.,717.48,https://images.example.com/products/1168346.jpg,103,generic,"{""dataset_item_id"": 1168346}",True,2026-06-07 15:13:55,2026-06-07 15:13:55
1169469,285583,Adjustable Standing Desk (ID 1169469),High-quality Adjustable Standing Desk from the Furniture catalog. Serialized product ID: 1169469.,388.82,https://images.example.com/products/1169469.jpg,101,generic,"{""dataset_item_id"": 1169469}",True,2026-06-07 15:13:55,2026-06-07 15:13:55
1185201,1275696,Remote Control Sports Car (ID 1185201),High-quality Remote Control Sports Car from the Toys & Games catalog. Serialized product ID: 1185201.,39.24,https://images.example.com/products/1185201.jpg,101,generic,"{""dataset_item_id"": 1185201}",True,2026-06-07 15:13:55,2026-06-07 15:13:55
1188579,2895013,Adjustable Standing Desk (ID 1188579),High-quality Adjustable Standing Desk from the Furniture catalog. Serialized product ID: 1188579.,477.58,https://images.example.com/products/1188579.jpg,102,generic,"{""dataset_item_id"": 1188579}",True,2026-06-07 15:13:55,2026-06-07 15:13:55
1188838,4170419,Premium Sunglasses (ID 1188838),High-quality Premium Sunglasses from the Jewelry & Accessories catalog. Serialized product ID: 1188838.,63.58,https://images.example.com/products/1188838.jpg,103,generic,"{""dataset_item_id"": 1188838}",True,2026-06-07 15:13:55,2026-06-07 15:13:55
1200627,3607361,Winter Woolen Sweater (ID 1200627),High-quality Winter Woolen Sweater from the Clothing catalog. Serialized product ID: 1200627.,69.27,https://images.example.com/products/1200627.jpg,103,generic,"{""dataset_item_id"": 1200627}",True,2026-06-07 15:13:55,2026-06-07 15:13:55
1214228,4756105,Premium Arabica Coffee Beans (ID 1214228),High-quality Premium Arabica Coffee Beans from the Food & Groceries catalog. Serialized product ID: 1214228.,89.6,https://images.example.com/products/1214228.jpg,103,generic,"{""dataset_item_id"": 1214228}",True,2026-06-07 15:13:55,2026-06-07 15:13:55
1217213,1020087,Waterproof Sports Backpack (ID 1217213),High-quality Waterproof Sports Backpack from the Sports Equipment catalog. Serialized product ID: 1217213.,34.07,https://images.example.com/products/1217213.jpg,102,generic,"{""dataset_item_id"": 1217213}",True,2026-06-07 15:13:55,2026-06-07 15:13:55
1225298,2033408,Warm Winter Boots (ID 1225298),High-quality Warm Winter Boots from the Shoes catalog. Serialized product ID: 1225298.,75.88,https://images.example.com/products/1225298.jpg,103,generic,"{""dataset_item_id"": 1225298}",True,2026-06-07 15:13:55,2026-06-07 15:13:55
1240933,1451041,Waterproof Windbreaker Jacket (ID 1240933),High-quality Waterproof Windbreaker Jacket from the Clothing catalog. Serialized product ID: 1240933.,33.92,https://images.example.com/products/1240933.jpg,101,generic,"{""dataset_item_id"": 1240933}",True,2026-06-07 15:13:55,2026-06-07 15:13:55
1241301,4339722,The Great Gatsby (ID 1241301),High-quality The Great Gatsby from the Books catalog. Serialized product ID: 1241301.,14.76,https://images.example.com/products/1241301.jpg,103,generic,"{""dataset_item_id"": 1241301}",True,2026-06-07 15:13:55,2026-06-07 15:13:55
1254527,815311,Winter Woolen Sweater (ID 1254527),High-quality Winter Woolen Sweater from the Clothing catalog. Serialized product ID: 1254527.,75.18,https://images.example.com/products/1254527.jpg,103,generic,"{""dataset_item_id"": 1254527}",True,2026-06-07 15:13:55,2026-06-07 15:13:55
1257002,3604509,Anti-Blue Light Glasses (ID 1257002),High-quality Anti-Blue Light Glasses from the Jewelry & Accessories catalog. Serialized product ID: 1257002.,75.32,https://images.example.com/products/1257002.jpg,101,generic,"{""dataset_item_id"": 1257002}",True,2026-06-07 15:13:55,2026-06-07 15:13:55
1266437,642223,Three-Seater Velvet Sofa (ID 1266437),High-quality Three-Seater Velvet Sofa from the Furniture catalog. Serialized product ID: 1266437.,337.9,https://images.example.com/products/1266437.jpg,102,generic,"{""dataset_item_id"": 1266437}",True,2026-06-07 15:13:55,2026-06-07 15:13:55
1273440,2994558,Running Shoes Comfort (ID 1273440),High-quality Running Shoes Comfort from the Shoes catalog. Serialized product ID: 1273440.,84.67,https://images.example.com/products/1273440.jpg,101,generic,"{""dataset_item_id"": 1273440}",True,2026-06-07 15:13:55,2026-06-07 15:13:55
1275059,245312,Mindset Shift Audiobook (ID 1275059),High-quality Mindset Shift Audiobook from the Books catalog. Serialized product ID: 1275059.,18.12,https://images.example.com/products/1275059.jpg,101,generic,"{""dataset_item_id"": 1275059}",True,2026-06-07 15:13:55,2026-06-07 15:13:55
1279406,2945933,Minimalist Wooden Desk (ID 1279406),High-quality Minimalist Wooden Desk from the Furniture catalog. Serialized product ID: 1279406.,260.12,https://images.example.com/products/1279406.jpg,103,generic,"{""dataset_item_id"": 1279406}",True,2026-06-07 15:13:55,2026-06-07 15:13:55
1286844,3975787,Smart Jump Rope (ID 1286844),High-quality Smart Jump Rope from the Sports Equipment catalog. Serialized product ID: 1286844.,62.03,https://images.example.com/products/1286844.jpg,102,generic,"{""dataset_item_id"": 1286844}",True,2026-06-07 15:13:55,2026-06-07 15:13:55
1290730,2419332,Introduction to Algorithms (ID 1290730),High-quality Introduction to Algorithms from the Books catalog. Serialized product ID: 1290730.,22.95,https://images.example.com/products/1290730.jpg,102,generic,"{""dataset_item_id"": 1290730}",True,2026-06-07 15:13:55,2026-06-07 15:13:55
1292323,1449177,Waterproof Sports Backpack (ID 1292323),High-quality Waterproof Sports Backpack from the Sports Equipment catalog. Serialized product ID: 1292323.,68.51,https://images.example.com/products/1292323.jpg,103,generic,"{""dataset_item_id"": 1292323}",True,2026-06-07 15:13:55,2026-06-07 15:13:55
1292667,4700878,Casual Canvas Sneakers (ID 1292667),High-quality Casual Canvas Sneakers from the Shoes catalog. Serialized product ID: 1292667.,92.05,https://images.example.com/products/1292667.jpg,103,generic,"{""dataset_item_id"": 1292667}",True,2026-06-07 15:13:55,2026-06-07 15:13:55
1299608,3500710,Noise Cancelling Headphone (ID 1299608),High-quality Noise Cancelling Headphone from the Electronics catalog. Serialized product ID: 1299608.,252.55,https://images.example.com/products/1299608.jpg,101,generic,"{""dataset_item_id"": 1299608}",True,2026-06-07 15:13:55,2026-06-07 15:13:55
1304452,4339722,Clean Code Reference Book (ID 1304452),High-quality Clean Code Reference Book from the Books catalog. Serialized product ID: 1304452.,17.51,https://images.example.com/products/1304452.jpg,103,generic,"{""dataset_item_id"": 1304452}",True,2026-06-07 15:13:55,2026-06-07 15:13:55
1312452,3059103,Three-Seater Velvet Sofa (ID 1312452),High-quality Three-Seater Velvet Sofa from the Furniture catalog. Serialized product ID: 1312452.,345.2,https://images.example.com/products/1312452.jpg,102,generic,"{""dataset_item_id"": 1312452}",True,2026-06-07 15:13:55,2026-06-07 15:13:55
1327049,1792277,Smart Jump Rope (ID 1327049),High-quality Smart Jump Rope from the Sports Equipment catalog. Serialized product ID: 1327049.,13.78,https://images.example.com/products/1327049.jpg,101,generic,"{""dataset_item_id"": 1327049}",True,2026-06-07 15:13:55,2026-06-07 15:13:55
1335684,4756105,Natural Honey Jar (ID 1335684),High-quality Natural Honey Jar from the Food & Groceries catalog. Serialized product ID: 1335684.,68.24,https://images.example.com/products/1335684.jpg,101,generic,"{""dataset_item_id"": 1335684}",True,2026-06-07 15:13:55,2026-06-07 15:13:55
1338355,4181361,Classic Cotton T-Shirt (ID 1338355),High-quality Classic Cotton T-Shirt from the Clothing catalog. Serialized product ID: 1338355.,66.62,https://images.example.com/products/1338355.jpg,101,generic,"{""dataset_item_id"": 1338355}",True,2026-06-07 15:13:55,2026-06-07 15:13:55
1339786,690811,Slim Fit Denim Jeans (ID 1339786),High-quality Slim Fit Denim Jeans from the Clothing catalog. Serialized product ID: 1339786.,16.56,https://images.example.com/products/1339786.jpg,101,generic,"{""dataset_item_id"": 1339786}",True,2026-06-07 15:13:55,2026-06-07 15:13:55
1340397,4022701,Winter Woolen Sweater (ID 1340397),High-quality Winter Woolen Sweater from the Clothing catalog. Serialized product ID: 1340397.,77.97,https://images.example.com/products/1340397.jpg,103,generic,"{""dataset_item_id"": 1340397}",True,2026-06-07 15:13:55,2026-06-07 15:13:55
1341755,2735466,1000-Piece Jigsaw Puzzle (ID 1341755),High-quality 1000-Piece Jigsaw Puzzle from the Toys & Games catalog. Serialized product ID: 1341755.,84.88,https://images.example.com/products/1341755.jpg,101,generic,"{""dataset_item_id"": 1341755}",True,2026-06-07 15:13:55,2026-06-07 15:13:55
1347509,4700878,Sport Sandals (ID 1347509),High-quality Sport Sandals from the Shoes catalog. Serialized product ID: 1347509.,90.1,https://images.example.com/products/1347509.jpg,103,generic,"{""dataset_item_id"": 1347509}",True,2026-06-07 15:13:55,2026-06-07 15:13:55
1348316,2579035,Extra Virgin Olive Oil (ID 1348316),High-quality Extra Virgin Olive Oil from the Food & Groceries catalog. Serialized product ID: 1348316.,59.11,https://images.example.com/products/1348316.jpg,103,generic,"{""dataset_item_id"": 1348316}",True,2026-06-07 15:13:55,2026-06-07 15:13:55
1349892,2241047,Heavy-Duty Resistance Bands (ID 1349892),High-quality Heavy-Duty Resistance Bands from the Sports Equipment catalog. Serialized product ID: 1349892.,70.46,https://images.example.com/products/1349892.jpg,102,generic,"{""dataset_item_id"": 1349892}",True,2026-06-07 15:13:55,2026-06-07 15:13:55
1357617,1973012,Clean Code Reference Book (ID 1357617),High-quality Clean Code Reference Book from the Books catalog. Serialized product ID: 1357617.,20.99,https://images.example.com/products/1357617.jpg,101,generic,"{""dataset_item_id"": 1357617}",True,2026-06-07 15:13:55,2026-06-07 15:13:55
1357688,1008362,Learning Python Development (ID 1357688),High-quality Learning Python Development from the Books catalog. Serialized product ID: 1357688.,28.68,https://images.example.com/products/1357688.jpg,101,generic,"{""dataset_item_id"": 1357688}",True,2026-06-07 15:13:55,2026-06-07 15:13:55
1358583,3002561,Waterproof Windbreaker Jacket (ID 1358583),High-quality Waterproof Windbreaker Jacket from the Clothing catalog. Serialized product ID: 1358583.,72.13,https://images.example.com/products/1358583.jpg,101,generic,"{""dataset_item_id"": 1358583}",True,2026-06-07 15:13:55,2026-06-07 15:13:55
1365115,4242717,Adjustable Dumbbell Set (ID 1365115),High-quality Adjustable Dumbbell Set from the Sports Equipment catalog. Serialized product ID: 1365115.,78.17,https://images.example.com/products/1365115.jpg,101,generic,"{""dataset_item_id"": 1365115}",True,2026-06-07 15:13:55,2026-06-07 15:13:55
1366286,1320293,Minimalist Wooden Desk (ID 1366286),High-quality Minimalist Wooden Desk from the Furniture catalog. Serialized product ID: 1366286.,153.7,https://images.example.com/products/1366286.jpg,103,generic,"{""dataset_item_id"": 1366286}",True,2026-06-07 15:13:55,2026-06-07 15:13:55
1369597,3673049,Anti-Blue Light Glasses (ID 1369597),High-quality Anti-Blue Light Glasses from the Jewelry & Accessories catalog. Serialized product ID: 1369597.,53.69,https://images.example.com/products/1369597.jpg,101,generic,"{""dataset_item_id"": 1369597}",True,2026-06-07 15:13:55,2026-06-07 15:13:55
1370564,399287,Smart Jump Rope (ID 1370564),High-quality Smart Jump Rope from the Sports Equipment catalog. Serialized product ID: 1370564.,57.4,https://images.example.com/products/1370564.jpg,101,generic,"{""dataset_item_id"": 1370564}",True,2026-06-07 15:13:55,2026-06-07 15:13:55
1370770,4719814,Hydrating Face Moisturizer (ID 1370770),High-quality Hydrating Face Moisturizer from the Cosmetics catalog. Serialized product ID: 1370770.,47.91,https://images.example.com/products/1370770.jpg,102,generic,"{""dataset_item_id"": 1370770}",True,2026-06-07 15:13:55,2026-06-07 15:13:55
1370806,3194735,Extra Virgin Olive Oil (ID 1370806),High-quality Extra Virgin Olive Oil from the Food & Groceries catalog. Serialized product ID: 1370806.,67.75,https://images.example.com/products/1370806.jpg,103,generic,"{""dataset_item_id"": 1370806}",True,2026-06-07 15:13:55,2026-06-07 15:13:55
1370842,1575622,Clean Code Reference Book (ID 1370842),High-quality Clean Code Reference Book from the Books catalog. Serialized product ID: 1370842.,26.86,https://images.example.com/products/1370842.jpg,102,generic,"{""dataset_item_id"": 1370842}",True,2026-06-07 15:13:55,2026-06-07 15:13:55
1372769,2735466,Plush Toy Bear (ID 1372769),High-quality Plush Toy Bear from the Toys & Games catalog. Serialized product ID: 1372769.,62.59,https://images.example.com/products/1372769.jpg,103,generic,"{""dataset_item_id"": 1372769}",True,2026-06-07 15:13:55,2026-06-07 15:13:55
1381037,620409,Anti-Blue Light Glasses (ID 1381037),High-quality Anti-Blue Light Glasses from the Jewelry & Accessories catalog. Serialized product ID: 1381037.,88.85,https://images.example.com/products/1381037.jpg,102,generic,"{""dataset_item_id"": 1381037}",True,2026-06-07 15:13:55,2026-06-07 15:13:55
1389713,564681,Waterproof Windbreaker Jacket (ID 1389713),High-quality Waterproof Windbreaker Jacket from the Clothing catalog. Serialized product ID: 1389713.,68.16,https://images.example.com/products/1389713.jpg,103,generic,"{""dataset_item_id"": 1389713}",True,2026-06-07 15:13:55,2026-06-07 15:13:55
1413154,3624696,Plush Toy Bear (ID 1413154),High-quality Plush Toy Bear from the Toys & Games catalog. Serialized product ID: 1413154.,46.92,https://images.example.com/products/1413154.jpg,101,generic,"{""dataset_item_id"": 1413154}",True,2026-06-07 15:13:55,2026-06-07 15:13:55
1413966,3607361,Slim Fit Denim Jeans (ID 1413966),High-quality Slim Fit Denim Jeans from the Clothing catalog. Serialized product ID: 1413966.,62.59,https://images.example.com/products/1413966.jpg,102,generic,"{""dataset_item_id"": 1413966}",True,2026-06-07 15:13:55,2026-06-07 15:13:55
1415285,4868797,Adjustable Dumbbell Set (ID 1415285),High-quality Adjustable Dumbbell Set from the Sports Equipment catalog. Serialized product ID: 1415285.,47.31,https://images.example.com/products/1415285.jpg,101,generic,"{""dataset_item_id"": 1415285}",True,2026-06-07 15:13:55,2026-06-07 15:13:55
1420923,2939262,Learning Python Development (ID 1420923),High-quality Learning Python Development from the Books catalog. Serialized product ID: 1420923.,34.2,https://images.example.com/products/1420923.jpg,102,generic,"{""dataset_item_id"": 1420923}",True,2026-06-07 15:13:55,2026-06-07 15:13:55
1422728,2640118,Warm Winter Boots (ID 1422728),High-quality Warm Winter Boots from the Shoes catalog. Serialized product ID: 1422728.,124.24,https://images.example.com/products/1422728.jpg,103,generic,"{""dataset_item_id"": 1422728}",True,2026-06-07 15:13:55,2026-06-07 15:13:55
1432656,149192,The Great Gatsby (ID 1432656),High-quality The Great Gatsby from the Books catalog. Serialized product ID: 1432656.,23.54,https://images.example.com/products/1432656.jpg,101,generic,"{""dataset_item_id"": 1432656}",True,2026-06-07 15:13:55,2026-06-07 15:13:55
1443114,4602841,Casual Fleece Hoodie (ID 1443114),High-quality Casual Fleece Hoodie from the Clothing catalog. Serialized product ID: 1443114.,32.57,https://images.example.com/products/1443114.jpg,101,generic,"{""dataset_item_id"": 1443114}",True,2026-06-07 15:13:55,2026-06-07 15:13:55
1443490,3755957,Adjustable Dumbbell Set (ID 1443490),High-quality Adjustable Dumbbell Set from the Sports Equipment catalog. Serialized product ID: 1443490.,72.07,https://images.example.com/products/1443490.jpg,101,generic,"{""dataset_item_id"": 1443490}",True,2026-06-07 15:13:55,2026-06-07 15:13:55
1447844,4181361,Casual Fleece Hoodie (ID 1447844),High-quality Casual Fleece Hoodie from the Clothing catalog. Serialized product ID: 1447844.,32.39,https://images.example.com/products/1447844.jpg,102,generic,"{""dataset_item_id"": 1447844}",True,2026-06-07 15:13:55,2026-06-07 15:13:55
1447850,4181361,Classic Cotton T-Shirt (ID 1447850),High-quality Classic Cotton T-Shirt from the Clothing catalog. Serialized product ID: 1447850.,72.15,https://images.example.com/products/1447850.jpg,101,generic,"{""dataset_item_id"": 1447850}",True,2026-06-07 15:13:55,2026-06-07 15:13:55
1462679,2885642,Mindset Shift Audiobook (ID 1462679),High-quality Mindset Shift Audiobook from the Books catalog. Serialized product ID: 1462679.,13.15,https://images.example.com/products/1462679.jpg,101,generic,"{""dataset_item_id"": 1462679}",True,2026-06-07 15:13:55,2026-06-07 15:13:55
1464478,1320293,Modern Coffee Table (ID 1464478),High-quality Modern Coffee Table from the Furniture catalog. Serialized product ID: 1464478.,240.49,https://images.example.com/products/1464478.jpg,101,generic,"{""dataset_item_id"": 1464478}",True,2026-06-07 15:13:55,2026-06-07 15:13:55
1483161,2572604,Organic SPF50 Sunscreen (ID 1483161),High-quality Organic SPF50 Sunscreen from the Cosmetics catalog. Serialized product ID: 1483161.,71.4,https://images.example.com/products/1483161.jpg,101,generic,"{""dataset_item_id"": 1483161}",True,2026-06-07 15:13:55,2026-06-07 15:13:55
1489724,2994558,Sport Sandals (ID 1489724),High-quality Sport Sandals from the Shoes catalog. Serialized product ID: 1489724.,85.64,https://images.example.com/products/1489724.jpg,102,generic,"{""dataset_item_id"": 1489724}",True,2026-06-07 15:13:55,2026-06-07 15:13:55
1501733,940822,Learning Python Development (ID 1501733),High-quality Learning Python Development from the Books catalog. Serialized product ID: 1501733.,25.28,https://images.example.com/products/1501733.jpg,102,generic,"{""dataset_item_id"": 1501733}",True,2026-06-07 15:13:55,2026-06-07 15:13:55
1505876,2578647,Anti-Slip Yoga Mat (ID 1505876),High-quality Anti-Slip Yoga Mat from the Sports Equipment catalog. Serialized product ID: 1505876.,10.85,https://images.example.com/products/1505876.jpg,102,generic,"{""dataset_item_id"": 1505876}",True,2026-06-07 15:13:55,2026-06-07 15:13:55
1509041,4223012,The Great Gatsby (ID 1509041),High-quality The Great Gatsby from the Books catalog. Serialized product ID: 1509041.,20.68,https://images.example.com/products/1509041.jpg,103,generic,"{""dataset_item_id"": 1509041}",True,2026-06-07 15:13:55,2026-06-07 15:13:55
1526737,4684862,Clean Code Reference Book (ID 1526737),High-quality Clean Code Reference Book from the Books catalog. Serialized product ID: 1526737.,37.38,https://images.example.com/products/1526737.jpg,101,generic,"{""dataset_item_id"": 1526737}",True,2026-06-07 15:13:55,2026-06-07 15:13:55
1533647,2948269,Anti-Blue Light Glasses (ID 1533647),High-quality Anti-Blue Light Glasses from the Jewelry & Accessories catalog. Serialized product ID: 1533647.,85.53,https://images.example.com/products/1533647.jpg,103,generic,"{""dataset_item_id"": 1533647}",True,2026-06-07 15:13:55,2026-06-07 15:13:55
1545024,1216617,Smart Jump Rope (ID 1545024),High-quality Smart Jump Rope from the Sports Equipment catalog. Serialized product ID: 1545024.,40.76,https://images.example.com/products/1545024.jpg,101,generic,"{""dataset_item_id"": 1545024}",True,2026-06-07 15:13:55,2026-06-07 15:13:55
1551966,4069500,Smartphone (ID 1551966),High-quality Smartphone from the Electronics catalog. Serialized product ID: 1551966.,947.52,https://images.example.com/products/1551966.jpg,102,generic,"{""dataset_item_id"": 1551966}",True,2026-06-07 15:13:55,2026-06-07 15:13:55
1556593,1127566,Building Blocks Set (ID 1556593),High-quality Building Blocks Set from the Toys & Games catalog. Serialized product ID: 1556593.,75.83,https://images.example.com/products/1556593.jpg,102,generic,"{""dataset_item_id"": 1556593}",True,2026-06-07 15:13:55,2026-06-07 15:13:55
1559384,3002561,Casual Fleece Hoodie (ID 1559384),High-quality Casual Fleece Hoodie from the Clothing catalog. Serialized product ID: 1559384.,49.45,https://images.example.com/products/1559384.jpg,103,generic,"{""dataset_item_id"": 1559384}",True,2026-06-07 15:13:55,2026-06-07 15:13:55
1565910,2355072,Introduction to Algorithms (ID 1565910),High-quality Introduction to Algorithms from the Books catalog. Serialized product ID: 1565910.,25.38,https://images.example.com/products/1565910.jpg,103,generic,"{""dataset_item_id"": 1565910}",True,2026-06-07 15:13:55,2026-06-07 15:13:55
1572510,285583,Ergonomic Office Chair (ID 1572510),High-quality Ergonomic Office Chair from the Furniture catalog. Serialized product ID: 1572510.,456.18,https://images.example.com/products/1572510.jpg,102,generic,"{""dataset_item_id"": 1572510}",True,2026-06-07 15:13:55,2026-06-07 15:13:55
1576207,154040,Laptop Pro (ID 1576207),High-quality Laptop Pro from the Electronics catalog. Serialized product ID: 1576207.,297.26,https://images.example.com/products/1576207.jpg,102,generic,"{""dataset_item_id"": 1576207}",True,2026-06-07 15:13:55,2026-06-07 15:13:55
1582775,3416804,Hydrating Face Moisturizer (ID 1582775),High-quality Hydrating Face Moisturizer from the Cosmetics catalog. Serialized product ID: 1582775.,50.65,https://images.example.com/products/1582775.jpg,102,generic,"{""dataset_item_id"": 1582775}",True,2026-06-07 15:13:55,2026-06-07 15:13:55
1589561,2495340,Smartwatch Elite (ID 1589561),High-quality Smartwatch Elite from the Electronics catalog. Serialized product ID: 1589561.,402.18,https://images.example.com/products/1589561.jpg,103,generic,"{""dataset_item_id"": 1589561}",True,2026-06-07 15:13:55,2026-06-07 15:13:55
1616429,4254099,Gold Plated Ring (ID 1616429),High-quality Gold Plated Ring from the Jewelry & Accessories catalog. Serialized product ID: 1616429.,80.03,https://images.example.com/products/1616429.jpg,103,generic,"{""dataset_item_id"": 1616429}",True,2026-06-07 15:13:55,2026-06-07 15:13:55
1624837,866301,Winter Woolen Sweater (ID 1624837),High-quality Winter Woolen Sweater from the Clothing catalog. Serialized product ID: 1624837.,25.56,https://images.example.com/products/1624837.jpg,102,generic,"{""dataset_item_id"": 1624837}",True,2026-06-07 15:13:55,2026-06-07 15:13:55
1632677,4643350,Smartwatch Elite (ID 1632677),High-quality Smartwatch Elite from the Electronics catalog. Serialized product ID: 1632677.,926.67,https://images.example.com/products/1632677.jpg,103,generic,"{""dataset_item_id"": 1632677}",True,2026-06-07 15:13:55,2026-06-07 15:13:55
1632783,2212343,Modern Coffee Table (ID 1632783),High-quality Modern Coffee Table from the Furniture catalog. Serialized product ID: 1632783.,303.8,https://images.example.com/products/1632783.jpg,102,generic,"{""dataset_item_id"": 1632783}",True,2026-06-07 15:13:55,2026-06-07 15:13:55
1636223,3343095,Premium Arabica Coffee Beans (ID 1636223),High-quality Premium Arabica Coffee Beans from the Food & Groceries catalog. Serialized product ID: 1636223.,60.64,https://images.example.com/products/1636223.jpg,103,generic,"{""dataset_item_id"": 1636223}",True,2026-06-07 15:13:55,2026-06-07 15:13:55
1657754,285583,Adjustable Standing Desk (ID 1657754),High-quality Adjustable Standing Desk from the Furniture catalog. Serialized product ID: 1657754.,91.36,https://images.example.com/products/1657754.jpg,103,generic,"{""dataset_item_id"": 1657754}",True,2026-06-07 15:13:55,2026-06-07 15:13:55
1659199,4756105,Natural Honey Jar (ID 1659199),High-quality Natural Honey Jar from the Food & Groceries catalog. Serialized product ID: 1659199.,45.29,https://images.example.com/products/1659199.jpg,102,generic,"{""dataset_item_id"": 1659199}",True,2026-06-07 15:13:55,2026-06-07 15:13:55
1679779,2466971,Casual Fleece Hoodie (ID 1679779),High-quality Casual Fleece Hoodie from the Clothing catalog. Serialized product ID: 1679779.,26.63,https://images.example.com/products/1679779.jpg,102,generic,"{""dataset_item_id"": 1679779}",True,2026-06-07 15:13:55,2026-06-07 15:13:55
1685244,2440364,Gentle Cleansing Foam (ID 1685244),High-quality Gentle Cleansing Foam from the Cosmetics catalog. Serialized product ID: 1685244.,40.64,https://images.example.com/products/1685244.jpg,101,generic,"{""dataset_item_id"": 1685244}",True,2026-06-07 15:13:55,2026-06-07 15:13:55
1697078,1573465,Premium Arabica Coffee Beans (ID 1697078),High-quality Premium Arabica Coffee Beans from the Food & Groceries catalog. Serialized product ID: 1697078.,47.74,https://images.example.com/products/1697078.jpg,102,generic,"{""dataset_item_id"": 1697078}",True,2026-06-07 15:13:55,2026-06-07 15:13:55
1699399,1691699,Gold Plated Ring (ID 1699399),High-quality Gold Plated Ring from the Jewelry & Accessories catalog. Serialized product ID: 1699399.,76.56,https://images.example.com/products/1699399.jpg,102,generic,"{""dataset_item_id"": 1699399}",True,2026-06-07 15:13:55,2026-06-07 15:13:55
1701914,4643350,Noise Cancelling Headphone (ID 1701914),High-quality Noise Cancelling Headphone from the Electronics catalog. Serialized product ID: 1701914.,350.15,https://images.example.com/products/1701914.jpg,102,generic,"{""dataset_item_id"": 1701914}",True,2026-06-07 15:13:55,2026-06-07 15:13:55
1703317,3779369,Anti-Blue Light Glasses (ID 1703317),High-quality Anti-Blue Light Glasses from the Jewelry & Accessories catalog. Serialized product ID: 1703317.,28.71,https://images.example.com/products/1703317.jpg,101,generic,"{""dataset_item_id"": 1703317}",True,2026-06-07 15:13:55,2026-06-07 15:13:55
1708839,3351726,Plush Toy Bear (ID 1708839),High-quality Plush Toy Bear from the Toys & Games catalog. Serialized product ID: 1708839.,49.21,https://images.example.com/products/1708839.jpg,103,generic,"{""dataset_item_id"": 1708839}",True,2026-06-07 15:13:55,2026-06-07 15:13:55
1714664,550660,Noise Cancelling Headphone (ID 1714664),High-quality Noise Cancelling Headphone from the Electronics catalog. Serialized product ID: 1714664.,584.94,https://images.example.com/products/1714664.jpg,102,generic,"{""dataset_item_id"": 1714664}",True,2026-06-07 15:13:55,2026-06-07 15:13:55
1723753,3880463,Modern Coffee Table (ID 1723753),High-quality Modern Coffee Table from the Furniture catalog. Serialized product ID: 1723753.,173.95,https://images.example.com/products/1723753.jpg,101,generic,"{""dataset_item_id"": 1723753}",True,2026-06-07 15:13:55,2026-06-07 15:13:55
1727986,3371868,Formal Leather Shoes (ID 1727986),High-quality Formal Leather Shoes from the Shoes catalog. Serialized product ID: 1727986.,125.94,https://images.example.com/products/1727986.jpg,103,generic,"{""dataset_item_id"": 1727986}",True,2026-06-07 15:13:55,2026-06-07 15:13:55
1728241,1973012,The Great Gatsby (ID 1728241),High-quality The Great Gatsby from the Books catalog. Serialized product ID: 1728241.,10.21,https://images.example.com/products/1728241.jpg,101,generic,"{""dataset_item_id"": 1728241}",True,2026-06-07 15:13:55,2026-06-07 15:13:55
1735206,4022701,Slim Fit Denim Jeans (ID 1735206),High-quality Slim Fit Denim Jeans from the Clothing catalog. Serialized product ID: 1735206.,75.78,https://images.example.com/products/1735206.jpg,101,generic,"{""dataset_item_id"": 1735206}",True,2026-06-07 15:13:55,2026-06-07 15:13:55
1757094,2982027,Smart Jump Rope (ID 1757094),High-quality Smart Jump Rope from the Sports Equipment catalog. Serialized product ID: 1757094.,83.89,https://images.example.com/products/1757094.jpg,103,generic,"{""dataset_item_id"": 1757094}",True,2026-06-07 15:13:55,2026-06-07 15:13:55
1762506,477292,The Great Gatsby (ID 1762506),High-quality The Great Gatsby from the Books catalog. Serialized product ID: 1762506.,13.57,https://images.example.com/products/1762506.jpg,101,generic,"{""dataset_item_id"": 1762506}",True,2026-06-07 15:13:55,2026-06-07 15:13:55
1764042,174239,Anti-Blue Light Glasses (ID 1764042),High-quality Anti-Blue Light Glasses from the Jewelry & Accessories catalog. Serialized product ID: 1764042.,49.51,https://images.example.com/products/1764042.jpg,101,generic,"{""dataset_item_id"": 1764042}",True,2026-06-07 15:13:55,2026-06-07 15:13:55
1766214,3102419,Gold Plated Ring (ID 1766214),High-quality Gold Plated Ring from the Jewelry & Accessories catalog. Serialized product ID: 1766214.,58.01,https://images.example.com/products/1766214.jpg,101,generic,"{""dataset_item_id"": 1766214}",True,2026-06-07 15:13:55,2026-06-07 15:13:55
1773417,3738615,Dark Chocolate Bar 80% (ID 1773417),High-quality Dark Chocolate Bar 80% from the Food & Groceries catalog. Serialized product ID: 1773417.,48.71,https://images.example.com/products/1773417.jpg,102,generic,"{""dataset_item_id"": 1773417}",True,2026-06-07 15:13:55,2026-06-07 15:13:55
1779897,1051370,Bluetooth Speaker (ID 1779897),High-quality Bluetooth Speaker from the Electronics catalog. Serialized product ID: 1779897.,789.44,https://images.example.com/products/1779897.jpg,101,generic,"{""dataset_item_id"": 1779897}",True,2026-06-07 15:13:55,2026-06-07 15:13:55
1780583,401357,Waterproof Sports Backpack (ID 1780583),High-quality Waterproof Sports Backpack from the Sports Equipment catalog. Serialized product ID: 1780583.,61.95,https://images.example.com/products/1780583.jpg,103,generic,"{""dataset_item_id"": 1780583}",True,2026-06-07 15:13:55,2026-06-07 15:13:55
1783613,3369736,Building Blocks Set (ID 1783613),High-quality Building Blocks Set from the Toys & Games catalog. Serialized product ID: 1783613.,72.53,https://images.example.com/products/1783613.jpg,101,generic,"{""dataset_item_id"": 1783613}",True,2026-06-07 15:13:55,2026-06-07 15:13:55
1785183,2672762,Learning Python Development (ID 1785183),High-quality Learning Python Development from the Books catalog. Serialized product ID: 1785183.,37.94,https://images.example.com/products/1785183.jpg,101,generic,"{""dataset_item_id"": 1785183}",True,2026-06-07 15:13:55,2026-06-07 15:13:55
1788471,4181361,Slim Fit Denim Jeans (ID 1788471),High-quality Slim Fit Denim Jeans from the Clothing catalog. Serialized product ID: 1788471.,52.04,https://images.example.com/products/1788471.jpg,102,generic,"{""dataset_item_id"": 1788471}",True,2026-06-07 15:13:55,2026-06-07 15:13:55
1791424,440901,Casual Fleece Hoodie (ID 1791424),High-quality Casual Fleece Hoodie from the Clothing catalog. Serialized product ID: 1791424.,51.85,https://images.example.com/products/1791424.jpg,102,generic,"{""dataset_item_id"": 1791424}",True,2026-06-07 15:13:55,2026-06-07 15:13:55
1795031,3947630,Smartwatch Elite (ID 1795031),High-quality Smartwatch Elite from the Electronics catalog. Serialized product ID: 1795031.,456.59,https://images.example.com/products/1795031.jpg,103,generic,"{""dataset_item_id"": 1795031}",True,2026-06-07 15:13:55,2026-06-07 15:13:55
1795671,1216617,Anti-Slip Yoga Mat (ID 1795671),High-quality Anti-Slip Yoga Mat from the Sports Equipment catalog. Serialized product ID: 1795671.,23.64,https://images.example.com/products/1795671.jpg,103,generic,"{""dataset_item_id"": 1795671}",True,2026-06-07 15:13:55,2026-06-07 15:13:55
1802878,381850,Tablet Air (ID 1802878),High-quality Tablet Air from the Electronics catalog. Serialized product ID: 1802878.,720.86,https://images.example.com/products/1802878.jpg,103,generic,"{""dataset_item_id"": 1802878}",True,2026-06-07 15:13:55,2026-06-07 15:13:55
1804513,3002561,Waterproof Windbreaker Jacket (ID 1804513),High-quality Waterproof Windbreaker Jacket from the Clothing catalog. Serialized product ID: 1804513.,30.54,https://images.example.com/products/1804513.jpg,103,generic,"{""dataset_item_id"": 1804513}",True,2026-06-07 15:13:55,2026-06-07 15:13:55
1808592,902556,Strategy Board Game (ID 1808592),High-quality Strategy Board Game from the Toys & Games catalog. Serialized product ID: 1808592.,77.61,https://images.example.com/products/1808592.jpg,103,generic,"{""dataset_item_id"": 1808592}",True,2026-06-07 15:13:55,2026-06-07 15:13:55
1814314,4339722,Mindset Shift Audiobook (ID 1814314),High-quality Mindset Shift Audiobook from the Books catalog. Serialized product ID: 1814314.,27.01,https://images.example.com/products/1814314.jpg,101,generic,"{""dataset_item_id"": 1814314}",True,2026-06-07 15:13:55,2026-06-07 15:13:55
1815456,1575622,The Great Gatsby (ID 1815456),High-quality The Great Gatsby from the Books catalog. Serialized product ID: 1815456.,32.89,https://images.example.com/products/1815456.jpg,103,generic,"{""dataset_item_id"": 1815456}",True,2026-06-07 15:13:55,2026-06-07 15:13:55
1818928,4756105,Premium Arabica Coffee Beans (ID 1818928),High-quality Premium Arabica Coffee Beans from the Food & Groceries catalog. Serialized product ID: 1818928.,78.57,https://images.example.com/products/1818928.jpg,102,generic,"{""dataset_item_id"": 1818928}",True,2026-06-07 15:13:55,2026-06-07 15:13:55
1826559,634390,Bluetooth Speaker (ID 1826559),High-quality Bluetooth Speaker from the Electronics catalog. Serialized product ID: 1826559.,578.94,https://images.example.com/products/1826559.jpg,103,generic,"{""dataset_item_id"": 1826559}",True,2026-06-07 15:13:55,2026-06-07 15:13:55
1831836,721664,Organic SPF50 Sunscreen (ID 1831836),High-quality Organic SPF50 Sunscreen from the Cosmetics catalog. Serialized product ID: 1831836.,39.83,https://images.example.com/products/1831836.jpg,103,generic,"{""dataset_item_id"": 1831836}",True,2026-06-07 15:13:55,2026-06-07 15:13:55
1833783,1694669,Premium Sunglasses (ID 1833783),High-quality Premium Sunglasses from the Jewelry & Accessories catalog. Serialized product ID: 1833783.,65.87,https://images.example.com/products/1833783.jpg,101,generic,"{""dataset_item_id"": 1833783}",True,2026-06-07 15:13:55,2026-06-07 15:13:55
1839074,1672186,Plush Toy Bear (ID 1839074),High-quality Plush Toy Bear from the Toys & Games catalog. Serialized product ID: 1839074.,84.86,https://images.example.com/products/1839074.jpg,102,generic,"{""dataset_item_id"": 1839074}",True,2026-06-07 15:13:55,2026-06-07 15:13:55
1843392,2735466,Strategy Board Game (ID 1843392),High-quality Strategy Board Game from the Toys & Games catalog. Serialized product ID: 1843392.,14.92,https://images.example.com/products/1843392.jpg,102,generic,"{""dataset_item_id"": 1843392}",True,2026-06-07 15:13:55,2026-06-07 15:13:55
1849180,1414043,Ergonomic Office Chair (ID 1849180),High-quality Ergonomic Office Chair from the Furniture catalog. Serialized product ID: 1849180.,346.31,https://images.example.com/products/1849180.jpg,102,generic,"{""dataset_item_id"": 1849180}",True,2026-06-07 15:13:55,2026-06-07 15:13:55
1855491,1299190,Bluetooth Speaker (ID 1855491),High-quality Bluetooth Speaker from the Electronics catalog. Serialized product ID: 1855491.,735.87,https://images.example.com/products/1855491.jpg,102,generic,"{""dataset_item_id"": 1855491}",True,2026-06-07 15:13:55,2026-06-07 15:13:55
1857391,722797,Anti-Slip Yoga Mat (ID 1857391),High-quality Anti-Slip Yoga Mat from the Sports Equipment catalog. Serialized product ID: 1857391.,21.56,https://images.example.com/products/1857391.jpg,103,generic,"{""dataset_item_id"": 1857391}",True,2026-06-07 15:13:55,2026-06-07 15:13:55
1864005,1299190,Bluetooth Speaker (ID 1864005),High-quality Bluetooth Speaker from the Electronics catalog. Serialized product ID: 1864005.,967.96,https://images.example.com/products/1864005.jpg,102,generic,"{""dataset_item_id"": 1864005}",True,2026-06-07 15:13:55,2026-06-07 15:13:55
1870386,4145813,Minimalist Wooden Desk (ID 1870386),High-quality Minimalist Wooden Desk from the Furniture catalog. Serialized product ID: 1870386.,338.07,https://images.example.com/products/1870386.jpg,103,generic,"{""dataset_item_id"": 1870386}",True,2026-06-07 15:13:55,2026-06-07 15:13:55
1871881,411153,Minimalist Wooden Desk (ID 1871881),High-quality Minimalist Wooden Desk from the Furniture catalog. Serialized product ID: 1871881.,404.57,https://images.example.com/products/1871881.jpg,102,generic,"{""dataset_item_id"": 1871881}",True,2026-06-07 15:13:55,2026-06-07 15:13:55
1880571,3378887,Anti-Slip Yoga Mat (ID 1880571),High-quality Anti-Slip Yoga Mat from the Sports Equipment catalog. Serialized product ID: 1880571.,45.94,https://images.example.com/products/1880571.jpg,103,generic,"{""dataset_item_id"": 1880571}",True,2026-06-07 15:13:55,2026-06-07 15:13:55
1885579,381850,Laptop Pro (ID 1885579),High-quality Laptop Pro from the Electronics catalog. Serialized product ID: 1885579.,632.63,https://images.example.com/products/1885579.jpg,102,generic,"{""dataset_item_id"": 1885579}",True,2026-06-07 15:13:55,2026-06-07 15:13:55
1892802,4868797,Heavy-Duty Resistance Bands (ID 1892802),High-quality Heavy-Duty Resistance Bands from the Sports Equipment catalog. Serialized product ID: 1892802.,85.06,https://images.example.com/products/1892802.jpg,101,generic,"{""dataset_item_id"": 1892802}",True,2026-06-07 15:13:55,2026-06-07 15:13:55
1892817,553365,Dark Chocolate Bar 80% (ID 1892817),High-quality Dark Chocolate Bar 80% from the Food & Groceries catalog. Serialized product ID: 1892817.,31.22,https://images.example.com/products/1892817.jpg,102,generic,"{""dataset_item_id"": 1892817}",True,2026-06-07 15:13:55,2026-06-07 15:13:55
1893423,154040,Bluetooth Speaker (ID 1893423),High-quality Bluetooth Speaker from the Electronics catalog. Serialized product ID: 1893423.,319.23,https://images.example.com/products/1893423.jpg,102,generic,"{""dataset_item_id"": 1893423}",True,2026-06-07 15:13:55,2026-06-07 15:13:55
1898034,362750,Smartphone (ID 1898034),High-quality Smartphone from the Electronics catalog. Serialized product ID: 1898034.,612.29,https://images.example.com/products/1898034.jpg,103,generic,"{""dataset_item_id"": 1898034}",True,2026-06-07 15:13:55,2026-06-07 15:13:55
1905948,1132465,Premium Arabica Coffee Beans (ID 1905948),High-quality Premium Arabica Coffee Beans from the Food & Groceries catalog. Serialized product ID: 1905948.,40.62,https://images.example.com/products/1905948.jpg,101,generic,"{""dataset_item_id"": 1905948}",True,2026-06-07 15:13:55,2026-06-07 15:13:55
1931272,339124,Matte Red Lipstick (ID 1931272),High-quality Matte Red Lipstick from the Cosmetics catalog. Serialized product ID: 1931272.,51.46,https://images.example.com/products/1931272.jpg,102,generic,"{""dataset_item_id"": 1931272}",True,2026-06-07 15:13:55,2026-06-07 15:13:55
1941452,3002561,Winter Woolen Sweater (ID 1941452),High-quality Winter Woolen Sweater from the Clothing catalog. Serialized product ID: 1941452.,26.64,https://images.example.com/products/1941452.jpg,101,generic,"{""dataset_item_id"": 1941452}",True,2026-06-07 15:13:55,2026-06-07 15:13:55
1944257,846990,Smartwatch Elite (ID 1944257),High-quality Smartwatch Elite from the Electronics catalog. Serialized product ID: 1944257.,418.99,https://images.example.com/products/1944257.jpg,102,generic,"{""dataset_item_id"": 1944257}",True,2026-06-07 15:13:55,2026-06-07 15:13:55
1944561,3231625,Extra Virgin Olive Oil (ID 1944561),High-quality Extra Virgin Olive Oil from the Food & Groceries catalog. Serialized product ID: 1944561.,36.99,https://images.example.com/products/1944561.jpg,103,generic,"{""dataset_item_id"": 1944561}",True,2026-06-07 15:13:55,2026-06-07 15:13:55
1951985,2735466,1000-Piece Jigsaw Puzzle (ID 1951985),High-quality 1000-Piece Jigsaw Puzzle from the Toys & Games catalog. Serialized product ID: 1951985.,70.91,https://images.example.com/products/1951985.jpg,102,generic,"{""dataset_item_id"": 1951985}",True,2026-06-07 15:13:55,2026-06-07 15:13:55
1954667,1320293,Three-Seater Velvet Sofa (ID 1954667),High-quality Three-Seater Velvet Sofa from the Furniture catalog. Serialized product ID: 1954667.,312.88,https://images.example.com/products/1954667.jpg,103,generic,"{""dataset_item_id"": 1954667}",True,2026-06-07 15:13:55,2026-06-07 15:13:55
1955639,4145813,Adjustable Standing Desk (ID 1955639),High-quality Adjustable Standing Desk from the Furniture catalog. Serialized product ID: 1955639.,477.24,https://images.example.com/products/1955639.jpg,101,generic,"{""dataset_item_id"": 1955639}",True,2026-06-07 15:13:55,2026-06-07 15:13:55
1957949,338646,Plush Toy Bear (ID 1957949),High-quality Plush Toy Bear from the Toys & Games catalog. Serialized product ID: 1957949.,27.69,https://images.example.com/products/1957949.jpg,102,generic,"{""dataset_item_id"": 1957949}",True,2026-06-07 15:13:55,2026-06-07 15:13:55
1958270,2157356,1000-Piece Jigsaw Puzzle (ID 1958270),High-quality 1000-Piece Jigsaw Puzzle from the Toys & Games catalog. Serialized product ID: 1958270.,50.93,https://images.example.com/products/1958270.jpg,101,generic,"{""dataset_item_id"": 1958270}",True,2026-06-07 15:13:55,2026-06-07 15:13:55
1959091,2945933,Minimalist Wooden Desk (ID 1959091),High-quality Minimalist Wooden Desk from the Furniture catalog. Serialized product ID: 1959091.,369.37,https://images.example.com/products/1959091.jpg,103,generic,"{""dataset_item_id"": 1959091}",True,2026-06-07 15:13:55,2026-06-07 15:13:55
1960493,2736436,Building Blocks Set (ID 1960493),High-quality Building Blocks Set from the Toys & Games catalog. Serialized product ID: 1960493.,71.91,https://images.example.com/products/1960493.jpg,102,generic,"{""dataset_item_id"": 1960493}",True,2026-06-07 15:13:55,2026-06-07 15:13:55
1963858,1807416,Building Blocks Set (ID 1963858),High-quality Building Blocks Set from the Toys & Games catalog. Serialized product ID: 1963858.,79.54,https://images.example.com/products/1963858.jpg,101,generic,"{""dataset_item_id"": 1963858}",True,2026-06-07 15:13:55,2026-06-07 15:13:55
1968023,1276979,Premium Sunglasses (ID 1968023),High-quality Premium Sunglasses from the Jewelry & Accessories catalog. Serialized product ID: 1968023.,32.66,https://images.example.com/products/1968023.jpg,102,generic,"{""dataset_item_id"": 1968023}",True,2026-06-07 15:13:55,2026-06-07 15:13:55
1971928,1299190,Tablet Air (ID 1971928),High-quality Tablet Air from the Electronics catalog. Serialized product ID: 1971928.,721.92,https://images.example.com/products/1971928.jpg,102,generic,"{""dataset_item_id"": 1971928}",True,2026-06-07 15:13:55,2026-06-07 15:13:55
1972511,2367907,Anti-Slip Yoga Mat (ID 1972511),High-quality Anti-Slip Yoga Mat from the Sports Equipment catalog. Serialized product ID: 1972511.,67.41,https://images.example.com/products/1972511.jpg,102,generic,"{""dataset_item_id"": 1972511}",True,2026-06-07 15:13:55,2026-06-07 15:13:55
1972955,2652700,Smartwatch Elite (ID 1972955),High-quality Smartwatch Elite from the Electronics catalog. Serialized product ID: 1972955.,525.46,https://images.example.com/products/1972955.jpg,103,generic,"{""dataset_item_id"": 1972955}",True,2026-06-07 15:13:55,2026-06-07 15:13:55
1973512,982926,Strategy Board Game (ID 1973512),High-quality Strategy Board Game from the Toys & Games catalog. Serialized product ID: 1973512.,37.31,https://images.example.com/products/1973512.jpg,103,generic,"{""dataset_item_id"": 1973512}",True,2026-06-07 15:13:55,2026-06-07 15:13:55
1986707,4339722,Clean Code Reference Book (ID 1986707),High-quality Clean Code Reference Book from the Books catalog. Serialized product ID: 1986707.,25.51,https://images.example.com/products/1986707.jpg,102,generic,"{""dataset_item_id"": 1986707}",True,2026-06-07 15:13:55,2026-06-07 15:13:55
1986867,3378887,Heavy-Duty Resistance Bands (ID 1986867),High-quality Heavy-Duty Resistance Bands from the Sports Equipment catalog. Serialized product ID: 1986867.,71.07,https://images.example.com/products/1986867.jpg,102,generic,"{""dataset_item_id"": 1986867}",True,2026-06-07 15:13:55,2026-06-07 15:13:55
1993958,2321836,Building Blocks Set (ID 1993958),High-quality Building Blocks Set from the Toys & Games catalog. Serialized product ID: 1993958.,33.82,https://images.example.com/products/1993958.jpg,101,generic,"{""dataset_item_id"": 1993958}",True,2026-06-07 15:13:55,2026-06-07 15:13:55
1999063,2926020,Laptop Pro (ID 1999063),High-quality Laptop Pro from the Electronics catalog. Serialized product ID: 1999063.,208.47,https://images.example.com/products/1999063.jpg,101,generic,"{""dataset_item_id"": 1999063}",True,2026-06-07 15:13:55,2026-06-07 15:13:55
2010880,2355072,Introduction to Algorithms (ID 2010880),High-quality Introduction to Algorithms from the Books catalog. Serialized product ID: 2010880.,18.47,https://images.example.com/products/2010880.jpg,103,generic,"{""dataset_item_id"": 2010880}",True,2026-06-07 15:13:55,2026-06-07 15:13:55
2013888,149192,Learning Python Development (ID 2013888),High-quality Learning Python Development from the Books catalog. Serialized product ID: 2013888.,25.08,https://images.example.com/products/2013888.jpg,103,generic,"{""dataset_item_id"": 2013888}",True,2026-06-07 15:13:55,2026-06-07 15:13:55
2028434,4801426,Plush Toy Bear (ID 2028434),High-quality Plush Toy Bear from the Toys & Games catalog. Serialized product ID: 2028434.,22.4,https://images.example.com/products/2028434.jpg,101,generic,"{""dataset_item_id"": 2028434}",True,2026-06-07 15:13:55,2026-06-07 15:13:55
2032855,1474371,Classic Cotton T-Shirt (ID 2032855),High-quality Classic Cotton T-Shirt from the Clothing catalog. Serialized product ID: 2032855.,62.27,https://images.example.com/products/2032855.jpg,102,generic,"{""dataset_item_id"": 2032855}",True,2026-06-07 15:13:55,2026-06-07 15:13:55
2033793,3189162,Learning Python Development (ID 2033793),High-quality Learning Python Development from the Books catalog. Serialized product ID: 2033793.,30.74,https://images.example.com/products/2033793.jpg,103,generic,"{""dataset_item_id"": 2033793}",True,2026-06-07 15:13:55,2026-06-07 15:13:55
2040053,2304296,Building Blocks Set (ID 2040053),High-quality Building Blocks Set from the Toys & Games catalog. Serialized product ID: 2040053.,61.1,https://images.example.com/products/2040053.jpg,101,generic,"{""dataset_item_id"": 2040053}",True,2026-06-07 15:13:55,2026-06-07 15:13:55
2040621,285583,Minimalist Wooden Desk (ID 2040621),High-quality Minimalist Wooden Desk from the Furniture catalog. Serialized product ID: 2040621.,428.87,https://images.example.com/products/2040621.jpg,102,generic,"{""dataset_item_id"": 2040621}",True,2026-06-07 15:13:55,2026-06-07 15:13:55
2041725,4339722,Introduction to Algorithms (ID 2041725),High-quality Introduction to Algorithms from the Books catalog. Serialized product ID: 2041725.,15.82,https://images.example.com/products/2041725.jpg,101,generic,"{""dataset_item_id"": 2041725}",True,2026-06-07 15:13:55,2026-06-07 15:13:55
2044299,4767457,Smart Jump Rope (ID 2044299),High-quality Smart Jump Rope from the Sports Equipment catalog. Serialized product ID: 2044299.,33.41,https://images.example.com/products/2044299.jpg,103,generic,"{""dataset_item_id"": 2044299}",True,2026-06-07 15:13:55,2026-06-07 15:13:55
2044528,2640118,Warm Winter Boots (ID 2044528),High-quality Warm Winter Boots from the Shoes catalog. Serialized product ID: 2044528.,98.75,https://images.example.com/products/2044528.jpg,102,generic,"{""dataset_item_id"": 2044528}",True,2026-06-07 15:13:55,2026-06-07 15:13:55
2061909,3002561,Casual Fleece Hoodie (ID 2061909),High-quality Casual Fleece Hoodie from the Clothing catalog. Serialized product ID: 2061909.,17.91,https://images.example.com/products/2061909.jpg,101,generic,"{""dataset_item_id"": 2061909}",True,2026-06-07 15:13:55,2026-06-07 15:13:55
2068780,1859277,Adjustable Dumbbell Set (ID 2068780),High-quality Adjustable Dumbbell Set from the Sports Equipment catalog. Serialized product ID: 2068780.,57.02,https://images.example.com/products/2068780.jpg,103,generic,"{""dataset_item_id"": 2068780}",True,2026-06-07 15:13:55,2026-06-07 15:13:55
2075326,3222818,Formal Leather Shoes (ID 2075326),High-quality Formal Leather Shoes from the Shoes catalog. Serialized product ID: 2075326.,143.85,https://images.example.com/products/2075326.jpg,103,generic,"{""dataset_item_id"": 2075326}",True,2026-06-07 15:13:55,2026-06-07 15:13:55
2075893,2578647,Waterproof Sports Backpack (ID 2075893),High-quality Waterproof Sports Backpack from the Sports Equipment catalog. Serialized product ID: 2075893.,86.64,https://images.example.com/products/2075893.jpg,102,generic,"{""dataset_item_id"": 2075893}",True,2026-06-07 15:13:55,2026-06-07 15:13:55
2078526,3621778,Formal Leather Shoes (ID 2078526),High-quality Formal Leather Shoes from the Shoes catalog. Serialized product ID: 2078526.,51.28,https://images.example.com/products/2078526.jpg,101,generic,"{""dataset_item_id"": 2078526}",True,2026-06-07 15:13:55,2026-06-07 15:13:55
2087115,200278,Running Shoes Comfort (ID 2087115),High-quality Running Shoes Comfort from the Shoes catalog. Serialized product ID: 2087115.,103.15,https://images.example.com/products/2087115.jpg,102,generic,"{""dataset_item_id"": 2087115}",True,2026-06-07 15:13:55,2026-06-07 15:13:55
2103782,2885642,Clean Code Reference Book (ID 2103782),High-quality Clean Code Reference Book from the Books catalog. Serialized product ID: 2103782.,23.36,https://images.example.com/products/2103782.jpg,102,generic,"{""dataset_item_id"": 2103782}",True,2026-06-07 15:13:55,2026-06-07 15:13:55
2105259,358773,Adjustable Standing Desk (ID 2105259),High-quality Adjustable Standing Desk from the Furniture catalog. Serialized product ID: 2105259.,157.25,https://images.example.com/products/2105259.jpg,101,generic,"{""dataset_item_id"": 2105259}",True,2026-06-07 15:13:55,2026-06-07 15:13:55
2119408,2572604,Vitamin C Face Serum (ID 2119408),High-quality Vitamin C Face Serum from the Cosmetics catalog. Serialized product ID: 2119408.,28.73,https://images.example.com/products/2119408.jpg,102,generic,"{""dataset_item_id"": 2119408}",True,2026-06-07 15:13:55,2026-06-07 15:13:55
2127636,2520377,Anti-Slip Yoga Mat (ID 2127636),High-quality Anti-Slip Yoga Mat from the Sports Equipment catalog. Serialized product ID: 2127636.,15.72,https://images.example.com/products/2127636.jpg,101,generic,"{""dataset_item_id"": 2127636}",True,2026-06-07 15:13:55,2026-06-07 15:13:55
2127965,1691699,Sterling Silver Necklace (ID 2127965),High-quality Sterling Silver Necklace from the Jewelry & Accessories catalog. Serialized product ID: 2127965.,42.67,https://images.example.com/products/2127965.jpg,101,generic,"{""dataset_item_id"": 2127965}",True,2026-06-07 15:13:55,2026-06-07 15:13:55
2128740,3231625,Organic Granola Oats (ID 2128740),High-quality Organic Granola Oats from the Food & Groceries catalog. Serialized product ID: 2128740.,59.24,https://images.example.com/products/2128740.jpg,103,generic,"{""dataset_item_id"": 2128740}",True,2026-06-07 15:13:55,2026-06-07 15:13:55
2129777,200278,Casual Canvas Sneakers (ID 2129777),High-quality Casual Canvas Sneakers from the Shoes catalog. Serialized product ID: 2129777.,45.9,https://images.example.com/products/2129777.jpg,101,generic,"{""dataset_item_id"": 2129777}",True,2026-06-07 15:13:55,2026-06-07 15:13:55
2137013,3624696,Building Blocks Set (ID 2137013),High-quality Building Blocks Set from the Toys & Games catalog. Serialized product ID: 2137013.,81.25,https://images.example.com/products/2137013.jpg,102,generic,"{""dataset_item_id"": 2137013}",True,2026-06-07 15:13:55,2026-06-07 15:13:55
2137370,4267003,Ergonomic Office Chair (ID 2137370),High-quality Ergonomic Office Chair from the Furniture catalog. Serialized product ID: 2137370.,115.69,https://images.example.com/products/2137370.jpg,101,generic,"{""dataset_item_id"": 2137370}",True,2026-06-07 15:13:55,2026-06-07 15:13:55
2138013,4145813,Modern Coffee Table (ID 2138013),High-quality Modern Coffee Table from the Furniture catalog. Serialized product ID: 2138013.,129.63,https://images.example.com/products/2138013.jpg,102,generic,"{""dataset_item_id"": 2138013}",True,2026-06-07 15:13:55,2026-06-07 15:13:55
2139942,1689624,Matte Red Lipstick (ID 2139942),High-quality Matte Red Lipstick from the Cosmetics catalog. Serialized product ID: 2139942.,61.99,https://images.example.com/products/2139942.jpg,103,generic,"{""dataset_item_id"": 2139942}",True,2026-06-07 15:13:55,2026-06-07 15:13:55
2140034,4145813,Adjustable Standing Desk (ID 2140034),High-quality Adjustable Standing Desk from the Furniture catalog. Serialized product ID: 2140034.,174.56,https://images.example.com/products/2140034.jpg,103,generic,"{""dataset_item_id"": 2140034}",True,2026-06-07 15:13:55,2026-06-07 15:13:55
2158725,2735466,1000-Piece Jigsaw Puzzle (ID 2158725),High-quality 1000-Piece Jigsaw Puzzle from the Toys & Games catalog. Serialized product ID: 2158725.,40.76,https://images.example.com/products/2158725.jpg,102,generic,"{""dataset_item_id"": 2158725}",True,2026-06-07 15:13:55,2026-06-07 15:13:55
2160688,2862512,Learning Python Development (ID 2160688),High-quality Learning Python Development from the Books catalog. Serialized product ID: 2160688.,17.92,https://images.example.com/products/2160688.jpg,103,generic,"{""dataset_item_id"": 2160688}",True,2026-06-07 15:13:55,2026-06-07 15:13:55
2164892,3865465,Dark Chocolate Bar 80% (ID 2164892),High-quality Dark Chocolate Bar 80% from the Food & Groceries catalog. Serialized product ID: 2164892.,98.06,https://images.example.com/products/2164892.jpg,102,generic,"{""dataset_item_id"": 2164892}",True,2026-06-07 15:13:55,2026-06-07 15:13:55
2180798,2355072,Learning Python Development (ID 2180798),High-quality Learning Python Development from the Books catalog. Serialized product ID: 2180798.,26.06,https://images.example.com/products/2180798.jpg,101,generic,"{""dataset_item_id"": 2180798}",True,2026-06-07 15:13:55,2026-06-07 15:13:55
2184170,3312150,Noise Cancelling Headphone (ID 2184170),High-quality Noise Cancelling Headphone from the Electronics catalog. Serialized product ID: 2184170.,648.06,https://images.example.com/products/2184170.jpg,103,generic,"{""dataset_item_id"": 2184170}",True,2026-06-07 15:13:55,2026-06-07 15:13:55
2186668,883960,Tablet Air (ID 2186668),High-quality Tablet Air from the Electronics catalog. Serialized product ID: 2186668.,189.21,https://images.example.com/products/2186668.jpg,101,generic,"{""dataset_item_id"": 2186668}",True,2026-06-07 15:13:55,2026-06-07 15:13:55
2187255,3439012,Introduction to Algorithms (ID 2187255),High-quality Introduction to Algorithms from the Books catalog. Serialized product ID: 2187255.,27.77,https://images.example.com/products/2187255.jpg,102,generic,"{""dataset_item_id"": 2187255}",True,2026-06-07 15:13:55,2026-06-07 15:13:55
2190257,119741,Winter Woolen Sweater (ID 2190257),High-quality Winter Woolen Sweater from the Clothing catalog. Serialized product ID: 2190257.,57.27,https://images.example.com/products/2190257.jpg,101,generic,"{""dataset_item_id"": 2190257}",True,2026-06-07 15:13:55,2026-06-07 15:13:55
2192947,285583,Three-Seater Velvet Sofa (ID 2192947),High-quality Three-Seater Velvet Sofa from the Furniture catalog. Serialized product ID: 2192947.,180.5,https://images.example.com/products/2192947.jpg,103,generic,"{""dataset_item_id"": 2192947}",True,2026-06-07 15:13:55,2026-06-07 15:13:55
2193689,4889820,Smartwatch Elite (ID 2193689),High-quality Smartwatch Elite from the Electronics catalog. Serialized product ID: 2193689.,167.48,https://images.example.com/products/2193689.jpg,101,generic,"{""dataset_item_id"": 2193689}",True,2026-06-07 15:13:55,2026-06-07 15:13:55
2199692,3015852,Clean Code Reference Book (ID 2199692),High-quality Clean Code Reference Book from the Books catalog. Serialized product ID: 2199692.,21.26,https://images.example.com/products/2199692.jpg,103,generic,"{""dataset_item_id"": 2199692}",True,2026-06-07 15:13:55,2026-06-07 15:13:55
2204051,4756105,Extra Virgin Olive Oil (ID 2204051),High-quality Extra Virgin Olive Oil from the Food & Groceries catalog. Serialized product ID: 2204051.,60.82,https://images.example.com/products/2204051.jpg,102,generic,"{""dataset_item_id"": 2204051}",True,2026-06-07 15:13:55,2026-06-07 15:13:55
2210978,1299190,Noise Cancelling Headphone (ID 2210978),High-quality Noise Cancelling Headphone from the Electronics catalog. Serialized product ID: 2210978.,129.34,https://images.example.com/products/2210978.jpg,102,generic,"{""dataset_item_id"": 2210978}",True,2026-06-07 15:13:55,2026-06-07 15:13:55
2219674,4476428,Sport Sandals (ID 2219674),High-quality Sport Sandals from the Shoes catalog. Serialized product ID: 2219674.,117.77,https://images.example.com/products/2219674.jpg,103,generic,"{""dataset_item_id"": 2219674}",True,2026-06-07 15:13:55,2026-06-07 15:13:55
2220235,1973012,Introduction to Algorithms (ID 2220235),High-quality Introduction to Algorithms from the Books catalog. Serialized product ID: 2220235.,34.79,https://images.example.com/products/2220235.jpg,101,generic,"{""dataset_item_id"": 2220235}",True,2026-06-07 15:13:55,2026-06-07 15:13:55
2242453,1471163,Modern Coffee Table (ID 2242453),High-quality Modern Coffee Table from the Furniture catalog. Serialized product ID: 2242453.,368.01,https://images.example.com/products/2242453.jpg,102,generic,"{""dataset_item_id"": 2242453}",True,2026-06-07 15:13:55,2026-06-07 15:13:55
2250923,4602841,Waterproof Windbreaker Jacket (ID 2250923),High-quality Waterproof Windbreaker Jacket from the Clothing catalog. Serialized product ID: 2250923.,65.42,https://images.example.com/products/2250923.jpg,103,generic,"{""dataset_item_id"": 2250923}",True,2026-06-07 15:13:55,2026-06-07 15:13:55
2251060,2465336,1000-Piece Jigsaw Puzzle (ID 2251060),High-quality 1000-Piece Jigsaw Puzzle from the Toys & Games catalog. Serialized product ID: 2251060.,60.44,https://images.example.com/products/2251060.jpg,101,generic,"{""dataset_item_id"": 2251060}",True,2026-06-07 15:13:55,2026-06-07 15:13:55
2255678,4145813,Modern Coffee Table (ID 2255678),High-quality Modern Coffee Table from the Furniture catalog. Serialized product ID: 2255678.,258.13,https://images.example.com/products/2255678.jpg,103,generic,"{""dataset_item_id"": 2255678}",True,2026-06-07 15:13:55,2026-06-07 15:13:55
2256042,383749,Anti-Blue Light Glasses (ID 2256042),High-quality Anti-Blue Light Glasses from the Jewelry & Accessories catalog. Serialized product ID: 2256042.,26.13,https://images.example.com/products/2256042.jpg,101,generic,"{""dataset_item_id"": 2256042}",True,2026-06-07 15:13:55,2026-06-07 15:13:55
2256962,1611144,Matte Red Lipstick (ID 2256962),High-quality Matte Red Lipstick from the Cosmetics catalog. Serialized product ID: 2256962.,90.39,https://images.example.com/products/2256962.jpg,101,generic,"{""dataset_item_id"": 2256962}",True,2026-06-07 15:13:55,2026-06-07 15:13:55
2275422,2355072,Clean Code Reference Book (ID 2275422),High-quality Clean Code Reference Book from the Books catalog. Serialized product ID: 2275422.,11.14,https://images.example.com/products/2275422.jpg,101,generic,"{""dataset_item_id"": 2275422}",True,2026-06-07 15:13:55,2026-06-07 15:13:55
2279108,4672807,Waterproof Sports Backpack (ID 2279108),High-quality Waterproof Sports Backpack from the Sports Equipment catalog. Serialized product ID: 2279108.,79.51,https://images.example.com/products/2279108.jpg,103,generic,"{""dataset_item_id"": 2279108}",True,2026-06-07 15:13:55,2026-06-07 15:13:55
2285833,4339722,Learning Python Development (ID 2285833),High-quality Learning Python Development from the Books catalog. Serialized product ID: 2285833.,31.47,https://images.example.com/products/2285833.jpg,103,generic,"{""dataset_item_id"": 2285833}",True,2026-06-07 15:13:55,2026-06-07 15:13:55
2290512,2736436,Strategy Board Game (ID 2290512),High-quality Strategy Board Game from the Toys & Games catalog. Serialized product ID: 2290512.,91.59,https://images.example.com/products/2290512.jpg,102,generic,"{""dataset_item_id"": 2290512}",True,2026-06-07 15:13:55,2026-06-07 15:13:55
2292668,1275696,Building Blocks Set (ID 2292668),High-quality Building Blocks Set from the Toys & Games catalog. Serialized product ID: 2292668.,16.69,https://images.example.com/products/2292668.jpg,103,generic,"{""dataset_item_id"": 2292668}",True,2026-06-07 15:13:55,2026-06-07 15:13:55
2295206,2042400,Noise Cancelling Headphone (ID 2295206),High-quality Noise Cancelling Headphone from the Electronics catalog. Serialized product ID: 2295206.,373.38,https://images.example.com/products/2295206.jpg,102,generic,"{""dataset_item_id"": 2295206}",True,2026-06-07 15:13:55,2026-06-07 15:13:55
2299965,866301,Classic Cotton T-Shirt (ID 2299965),High-quality Classic Cotton T-Shirt from the Clothing catalog. Serialized product ID: 2299965.,75.33,https://images.example.com/products/2299965.jpg,103,generic,"{""dataset_item_id"": 2299965}",True,2026-06-07 15:13:55,2026-06-07 15:13:55
2300846,929749,Classic Leather Wallet (ID 2300846),High-quality Classic Leather Wallet from the Jewelry & Accessories catalog. Serialized product ID: 2300846.,55.76,https://images.example.com/products/2300846.jpg,102,generic,"{""dataset_item_id"": 2300846}",True,2026-06-07 15:13:55,2026-06-07 15:13:55
2301519,3323163,Adjustable Standing Desk (ID 2301519),High-quality Adjustable Standing Desk from the Furniture catalog. Serialized product ID: 2301519.,113.71,https://images.example.com/products/2301519.jpg,101,generic,"{""dataset_item_id"": 2301519}",True,2026-06-07 15:13:55,2026-06-07 15:13:55
2304016,3500710,Tablet Air (ID 2304016),High-quality Tablet Air from the Electronics catalog. Serialized product ID: 2304016.,899.59,https://images.example.com/products/2304016.jpg,103,generic,"{""dataset_item_id"": 2304016}",True,2026-06-07 15:13:55,2026-06-07 15:13:55
2305096,84264,Organic SPF50 Sunscreen (ID 2305096),High-quality Organic SPF50 Sunscreen from the Cosmetics catalog. Serialized product ID: 2305096.,35.3,https://images.example.com/products/2305096.jpg,102,generic,"{""dataset_item_id"": 2305096}",True,2026-06-07 15:13:55,2026-06-07 15:13:55
2308420,3194735,Organic Granola Oats (ID 2308420),High-quality Organic Granola Oats from the Food & Groceries catalog. Serialized product ID: 2308420.,7.43,https://images.example.com/products/2308420.jpg,101,generic,"{""dataset_item_id"": 2308420}",True,2026-06-07 15:13:55,2026-06-07 15:13:55
2322529,1029459,Gold Plated Ring (ID 2322529),High-quality Gold Plated Ring from the Jewelry & Accessories catalog. Serialized product ID: 2322529.,95.42,https://images.example.com/products/2322529.jpg,103,generic,"{""dataset_item_id"": 2322529}",True,2026-06-07 15:13:55,2026-06-07 15:13:55
2331370,3607361,Classic Cotton T-Shirt (ID 2331370),High-quality Classic Cotton T-Shirt from the Clothing catalog. Serialized product ID: 2331370.,52.58,https://images.example.com/products/2331370.jpg,101,generic,"{""dataset_item_id"": 2331370}",True,2026-06-07 15:13:55,2026-06-07 15:13:55
2332631,1451783,Minimalist Wooden Desk (ID 2332631),High-quality Minimalist Wooden Desk from the Furniture catalog. Serialized product ID: 2332631.,498.82,https://images.example.com/products/2332631.jpg,103,generic,"{""dataset_item_id"": 2332631}",True,2026-06-07 15:13:55,2026-06-07 15:13:55
2334611,4700878,Formal Leather Shoes (ID 2334611),High-quality Formal Leather Shoes from the Shoes catalog. Serialized product ID: 2334611.,130.36,https://images.example.com/products/2334611.jpg,103,generic,"{""dataset_item_id"": 2334611}",True,2026-06-07 15:13:55,2026-06-07 15:13:55
2335179,2355072,Mindset Shift Audiobook (ID 2335179),High-quality Mindset Shift Audiobook from the Books catalog. Serialized product ID: 2335179.,10.21,https://images.example.com/products/2335179.jpg,101,generic,"{""dataset_item_id"": 2335179}",True,2026-06-07 15:13:55,2026-06-07 15:13:55
2356958,4170419,Premium Sunglasses (ID 2356958),High-quality Premium Sunglasses from the Jewelry & Accessories catalog. Serialized product ID: 2356958.,49.23,https://images.example.com/products/2356958.jpg,103,generic,"{""dataset_item_id"": 2356958}",True,2026-06-07 15:13:55,2026-06-07 15:13:55
2360940,2640118,Running Shoes Comfort (ID 2360940),High-quality Running Shoes Comfort from the Shoes catalog. Serialized product ID: 2360940.,88.65,https://images.example.com/products/2360940.jpg,102,generic,"{""dataset_item_id"": 2360940}",True,2026-06-07 15:13:55,2026-06-07 15:13:55
2364679,4756105,Natural Honey Jar (ID 2364679),High-quality Natural Honey Jar from the Food & Groceries catalog. Serialized product ID: 2364679.,22.06,https://images.example.com/products/2364679.jpg,103,generic,"{""dataset_item_id"": 2364679}",True,2026-06-07 15:13:55,2026-06-07 15:13:55
2381943,4242717,Waterproof Sports Backpack (ID 2381943),High-quality Waterproof Sports Backpack from the Sports Equipment catalog. Serialized product ID: 2381943.,45.97,https://images.example.com/products/2381943.jpg,102,generic,"{""dataset_item_id"": 2381943}",True,2026-06-07 15:13:55,2026-06-07 15:13:55
2382901,245312,The Great Gatsby (ID 2382901),High-quality The Great Gatsby from the Books catalog. Serialized product ID: 2382901.,38.07,https://images.example.com/products/2382901.jpg,102,generic,"{""dataset_item_id"": 2382901}",True,2026-06-07 15:13:55,2026-06-07 15:13:55
2383163,4321796,Building Blocks Set (ID 2383163),High-quality Building Blocks Set from the Toys & Games catalog. Serialized product ID: 2383163.,37.71,https://images.example.com/products/2383163.jpg,102,generic,"{""dataset_item_id"": 2383163}",True,2026-06-07 15:13:55,2026-06-07 15:13:55
2384108,982926,Building Blocks Set (ID 2384108),High-quality Building Blocks Set from the Toys & Games catalog. Serialized product ID: 2384108.,35.18,https://images.example.com/products/2384108.jpg,101,generic,"{""dataset_item_id"": 2384108}",True,2026-06-07 15:13:55,2026-06-07 15:13:55
2385268,2737340,Tablet Air (ID 2385268),High-quality Tablet Air from the Electronics catalog. Serialized product ID: 2385268.,871.1,https://images.example.com/products/2385268.jpg,102,generic,"{""dataset_item_id"": 2385268}",True,2026-06-07 15:13:55,2026-06-07 15:13:55
2393831,1249923,Minimalist Wooden Desk (ID 2393831),High-quality Minimalist Wooden Desk from the Furniture catalog. Serialized product ID: 2393831.,252.48,https://images.example.com/products/2393831.jpg,102,generic,"{""dataset_item_id"": 2393831}",True,2026-06-07 15:13:55,2026-06-07 15:13:55
2397544,2355072,Mindset Shift Audiobook (ID 2397544),High-quality Mindset Shift Audiobook from the Books catalog. Serialized product ID: 2397544.,17.65,https://images.example.com/products/2397544.jpg,102,generic,"{""dataset_item_id"": 2397544}",True,2026-06-07 15:13:55,2026-06-07 15:13:55
2405091,2736436,Remote Control Sports Car (ID 2405091),High-quality Remote Control Sports Car from the Toys & Games catalog. Serialized product ID: 2405091.,81.48,https://images.example.com/products/2405091.jpg,103,generic,"{""dataset_item_id"": 2405091}",True,2026-06-07 15:13:55,2026-06-07 15:13:55
2407084,3250334,Gentle Cleansing Foam (ID 2407084),High-quality Gentle Cleansing Foam from the Cosmetics catalog. Serialized product ID: 2407084.,8.45,https://images.example.com/products/2407084.jpg,101,generic,"{""dataset_item_id"": 2407084}",True,2026-06-07 15:13:55,2026-06-07 15:13:55
2410985,3323023,Ergonomic Office Chair (ID 2410985),High-quality Ergonomic Office Chair from the Furniture catalog. Serialized product ID: 2410985.,211.78,https://images.example.com/products/2410985.jpg,102,generic,"{""dataset_item_id"": 2410985}",True,2026-06-07 15:13:55,2026-06-07 15:13:55
2413573,1274818,Warm Winter Boots (ID 2413573),High-quality Warm Winter Boots from the Shoes catalog. Serialized product ID: 2413573.,52.75,https://images.example.com/products/2413573.jpg,102,generic,"{""dataset_item_id"": 2413573}",True,2026-06-07 15:13:55,2026-06-07 15:13:55
2425522,2666911,Winter Woolen Sweater (ID 2425522),High-quality Winter Woolen Sweater from the Clothing catalog. Serialized product ID: 2425522.,70.35,https://images.example.com/products/2425522.jpg,101,generic,"{""dataset_item_id"": 2425522}",True,2026-06-07 15:13:55,2026-06-07 15:13:55
2438523,2640118,Warm Winter Boots (ID 2438523),High-quality Warm Winter Boots from the Shoes catalog. Serialized product ID: 2438523.,112.34,https://images.example.com/products/2438523.jpg,103,generic,"{""dataset_item_id"": 2438523}",True,2026-06-07 15:13:55,2026-06-07 15:13:55
2441285,4801426,1000-Piece Jigsaw Puzzle (ID 2441285),High-quality 1000-Piece Jigsaw Puzzle from the Toys & Games catalog. Serialized product ID: 2441285.,48.43,https://images.example.com/products/2441285.jpg,101,generic,"{""dataset_item_id"": 2441285}",True,2026-06-07 15:13:55,2026-06-07 15:13:55
2448944,1299190,Noise Cancelling Headphone (ID 2448944),High-quality Noise Cancelling Headphone from the Electronics catalog. Serialized product ID: 2448944.,268.64,https://images.example.com/products/2448944.jpg,102,generic,"{""dataset_item_id"": 2448944}",True,2026-06-07 15:13:55,2026-06-07 15:13:55
2452738,2476560,Tablet Air (ID 2452738),High-quality Tablet Air from the Electronics catalog. Serialized product ID: 2452738.,659.75,https://images.example.com/products/2452738.jpg,102,generic,"{""dataset_item_id"": 2452738}",True,2026-06-07 15:13:55,2026-06-07 15:13:55
2453685,3664107,Adjustable Dumbbell Set (ID 2453685),High-quality Adjustable Dumbbell Set from the Sports Equipment catalog. Serialized product ID: 2453685.,63.79,https://images.example.com/products/2453685.jpg,101,generic,"{""dataset_item_id"": 2453685}",True,2026-06-07 15:13:55,2026-06-07 15:13:55
2453991,882707,Anti-Slip Yoga Mat (ID 2453991),High-quality Anti-Slip Yoga Mat from the Sports Equipment catalog. Serialized product ID: 2453991.,24.13,https://images.example.com/products/2453991.jpg,103,generic,"{""dataset_item_id"": 2453991}",True,2026-06-07 15:13:55,2026-06-07 15:13:55
2457004,2217187,Smart Jump Rope (ID 2457004),High-quality Smart Jump Rope from the Sports Equipment catalog. Serialized product ID: 2457004.,17.32,https://images.example.com/products/2457004.jpg,102,generic,"{""dataset_item_id"": 2457004}",True,2026-06-07 15:13:55,2026-06-07 15:13:55
2472136,4339722,The Great Gatsby (ID 2472136),High-quality The Great Gatsby from the Books catalog. Serialized product ID: 2472136.,22.14,https://images.example.com/products/2472136.jpg,103,generic,"{""dataset_item_id"": 2472136}",True,2026-06-07 15:13:55,2026-06-07 15:13:55
2497205,1457367,Adjustable Dumbbell Set (ID 2497205),High-quality Adjustable Dumbbell Set from the Sports Equipment catalog. Serialized product ID: 2497205.,50.56,https://images.example.com/products/2497205.jpg,101,generic,"{""dataset_item_id"": 2497205}",True,2026-06-07 15:13:55,2026-06-07 15:13:55
2499287,4874492,Clean Code Reference Book (ID 2499287),High-quality Clean Code Reference Book from the Books catalog. Serialized product ID: 2499287.,38.19,https://images.example.com/products/2499287.jpg,103,generic,"{""dataset_item_id"": 2499287}",True,2026-06-07 15:13:55,2026-06-07 15:13:55
2505118,794153,Modern Coffee Table (ID 2505118),High-quality Modern Coffee Table from the Furniture catalog. Serialized product ID: 2505118.,414.91,https://images.example.com/products/2505118.jpg,103,generic,"{""dataset_item_id"": 2505118}",True,2026-06-07 15:13:55,2026-06-07 15:13:55
2517919,3604509,Gold Plated Ring (ID 2517919),High-quality Gold Plated Ring from the Jewelry & Accessories catalog. Serialized product ID: 2517919.,19.89,https://images.example.com/products/2517919.jpg,103,generic,"{""dataset_item_id"": 2517919}",True,2026-06-07 15:13:55,2026-06-07 15:13:55
2521933,1873826,Building Blocks Set (ID 2521933),High-quality Building Blocks Set from the Toys & Games catalog. Serialized product ID: 2521933.,6.29,https://images.example.com/products/2521933.jpg,102,generic,"{""dataset_item_id"": 2521933}",True,2026-06-07 15:13:55,2026-06-07 15:13:55
2526892,2465336,Strategy Board Game (ID 2526892),High-quality Strategy Board Game from the Toys & Games catalog. Serialized product ID: 2526892.,13.76,https://images.example.com/products/2526892.jpg,101,generic,"{""dataset_item_id"": 2526892}",True,2026-06-07 15:13:55,2026-06-07 15:13:55
2528039,4801426,Plush Toy Bear (ID 2528039),High-quality Plush Toy Bear from the Toys & Games catalog. Serialized product ID: 2528039.,48.38,https://images.example.com/products/2528039.jpg,101,generic,"{""dataset_item_id"": 2528039}",True,2026-06-07 15:13:55,2026-06-07 15:13:55
2550378,4339722,Learning Python Development (ID 2550378),High-quality Learning Python Development from the Books catalog. Serialized product ID: 2550378.,28.43,https://images.example.com/products/2550378.jpg,101,generic,"{""dataset_item_id"": 2550378}",True,2026-06-07 15:13:55,2026-06-07 15:13:55
2552942,4563628,Casual Canvas Sneakers (ID 2552942),High-quality Casual Canvas Sneakers from the Shoes catalog. Serialized product ID: 2552942.,94.82,https://images.example.com/products/2552942.jpg,103,generic,"{""dataset_item_id"": 2552942}",True,2026-06-07 15:13:55,2026-06-07 15:13:55
2553889,2221749,Gold Plated Ring (ID 2553889),High-quality Gold Plated Ring from the Jewelry & Accessories catalog. Serialized product ID: 2553889.,32.43,https://images.example.com/products/2553889.jpg,103,generic,"{""dataset_item_id"": 2553889}",True,2026-06-07 15:13:55,2026-06-07 15:13:55
2557785,2579035,Organic Granola Oats (ID 2557785),High-quality Organic Granola Oats from the Food & Groceries catalog. Serialized product ID: 2557785.,30.7,https://images.example.com/products/2557785.jpg,102,generic,"{""dataset_item_id"": 2557785}",True,2026-06-07 15:13:55,2026-06-07 15:13:55
2579386,3231625,Extra Virgin Olive Oil (ID 2579386),High-quality Extra Virgin Olive Oil from the Food & Groceries catalog. Serialized product ID: 2579386.,97.14,https://images.example.com/products/2579386.jpg,101,generic,"{""dataset_item_id"": 2579386}",True,2026-06-07 15:13:55,2026-06-07 15:13:55
2580972,4181361,Winter Woolen Sweater (ID 2580972),High-quality Winter Woolen Sweater from the Clothing catalog. Serialized product ID: 2580972.,44.23,https://images.example.com/products/2580972.jpg,101,generic,"{""dataset_item_id"": 2580972}",True,2026-06-07 15:13:55,2026-06-07 15:13:55
2583697,2033408,Casual Canvas Sneakers (ID 2583697),High-quality Casual Canvas Sneakers from the Shoes catalog. Serialized product ID: 2583697.,82.19,https://images.example.com/products/2583697.jpg,103,generic,"{""dataset_item_id"": 2583697}",True,2026-06-07 15:13:55,2026-06-07 15:13:55
2592122,1249761,Winter Woolen Sweater (ID 2592122),High-quality Winter Woolen Sweater from the Clothing catalog. Serialized product ID: 2592122.,47.53,https://images.example.com/products/2592122.jpg,101,generic,"{""dataset_item_id"": 2592122}",True,2026-06-07 15:13:55,2026-06-07 15:13:55
2604550,285583,Ergonomic Office Chair (ID 2604550),High-quality Ergonomic Office Chair from the Furniture catalog. Serialized product ID: 2604550.,442.03,https://images.example.com/products/2604550.jpg,102,generic,"{""dataset_item_id"": 2604550}",True,2026-06-07 15:13:55,2026-06-07 15:13:55
2615507,2732466,Strategy Board Game (ID 2615507),High-quality Strategy Board Game from the Toys & Games catalog. Serialized product ID: 2615507.,77.63,https://images.example.com/products/2615507.jpg,102,generic,"{""dataset_item_id"": 2615507}",True,2026-06-07 15:13:55,2026-06-07 15:13:55
2618435,2939262,Introduction to Algorithms (ID 2618435),High-quality Introduction to Algorithms from the Books catalog. Serialized product ID: 2618435.,19.2,https://images.example.com/products/2618435.jpg,103,generic,"{""dataset_item_id"": 2618435}",True,2026-06-07 15:13:55,2026-06-07 15:13:55
2622294,4294583,Adjustable Standing Desk (ID 2622294),High-quality Adjustable Standing Desk from the Furniture catalog. Serialized product ID: 2622294.,191.95,https://images.example.com/products/2622294.jpg,101,generic,"{""dataset_item_id"": 2622294}",True,2026-06-07 15:13:55,2026-06-07 15:13:55
2624906,1331853,Minimalist Wooden Desk (ID 2624906),High-quality Minimalist Wooden Desk from the Furniture catalog. Serialized product ID: 2624906.,198.51,https://images.example.com/products/2624906.jpg,102,generic,"{""dataset_item_id"": 2624906}",True,2026-06-07 15:13:55,2026-06-07 15:13:55
2629212,1859277,Heavy-Duty Resistance Bands (ID 2629212),High-quality Heavy-Duty Resistance Bands from the Sports Equipment catalog. Serialized product ID: 2629212.,83.72,https://images.example.com/products/2629212.jpg,103,generic,"{""dataset_item_id"": 2629212}",True,2026-06-07 15:13:55,2026-06-07 15:13:55
2629948,4581579,Premium Sunglasses (ID 2629948),High-quality Premium Sunglasses from the Jewelry & Accessories catalog. Serialized product ID: 2629948.,98.9,https://images.example.com/products/2629948.jpg,102,generic,"{""dataset_item_id"": 2629948}",True,2026-06-07 15:13:55,2026-06-07 15:13:55
2633450,2344159,Sterling Silver Necklace (ID 2633450),High-quality Sterling Silver Necklace from the Jewelry & Accessories catalog. Serialized product ID: 2633450.,86.33,https://images.example.com/products/2633450.jpg,102,generic,"{""dataset_item_id"": 2633450}",True,2026-06-07 15:13:55,2026-06-07 15:13:55
2635102,3214361,Winter Woolen Sweater (ID 2635102),High-quality Winter Woolen Sweater from the Clothing catalog. Serialized product ID: 2635102.,49.47,https://images.example.com/products/2635102.jpg,102,generic,"{""dataset_item_id"": 2635102}",True,2026-06-07 15:13:55,2026-06-07 15:13:55
2635552,64179,Anti-Blue Light Glasses (ID 2635552),High-quality Anti-Blue Light Glasses from the Jewelry & Accessories catalog. Serialized product ID: 2635552.,36.25,https://images.example.com/products/2635552.jpg,103,generic,"{""dataset_item_id"": 2635552}",True,2026-06-07 15:13:55,2026-06-07 15:13:55
2643848,2465336,Building Blocks Set (ID 2643848),High-quality Building Blocks Set from the Toys & Games catalog. Serialized product ID: 2643848.,40.46,https://images.example.com/products/2643848.jpg,102,generic,"{""dataset_item_id"": 2643848}",True,2026-06-07 15:13:55,2026-06-07 15:13:55
2651113,3002561,Waterproof Windbreaker Jacket (ID 2651113),High-quality Waterproof Windbreaker Jacket from the Clothing catalog. Serialized product ID: 2651113.,70.65,https://images.example.com/products/2651113.jpg,103,generic,"{""dataset_item_id"": 2651113}",True,2026-06-07 15:13:55,2026-06-07 15:13:55
2657502,4181361,Winter Woolen Sweater (ID 2657502),High-quality Winter Woolen Sweater from the Clothing catalog. Serialized product ID: 2657502.,30.28,https://images.example.com/products/2657502.jpg,102,generic,"{""dataset_item_id"": 2657502}",True,2026-06-07 15:13:55,2026-06-07 15:13:55
2658989,3795340,Smartwatch Elite (ID 2658989),High-quality Smartwatch Elite from the Electronics catalog. Serialized product ID: 2658989.,309.97,https://images.example.com/products/2658989.jpg,102,generic,"{""dataset_item_id"": 2658989}",True,2026-06-07 15:13:55,2026-06-07 15:13:55
2659396,1457367,Anti-Slip Yoga Mat (ID 2659396),High-quality Anti-Slip Yoga Mat from the Sports Equipment catalog. Serialized product ID: 2659396.,9.1,https://images.example.com/products/2659396.jpg,103,generic,"{""dataset_item_id"": 2659396}",True,2026-06-07 15:13:55,2026-06-07 15:13:55
2667082,4583654,Matte Red Lipstick (ID 2667082),High-quality Matte Red Lipstick from the Cosmetics catalog. Serialized product ID: 2667082.,49.46,https://images.example.com/products/2667082.jpg,102,generic,"{""dataset_item_id"": 2667082}",True,2026-06-07 15:13:55,2026-06-07 15:13:55
2671601,3123784,Organic SPF50 Sunscreen (ID 2671601),High-quality Organic SPF50 Sunscreen from the Cosmetics catalog. Serialized product ID: 2671601.,41.29,https://images.example.com/products/2671601.jpg,103,generic,"{""dataset_item_id"": 2671601}",True,2026-06-07 15:13:55,2026-06-07 15:13:55
2672445,3999977,Adjustable Dumbbell Set (ID 2672445),High-quality Adjustable Dumbbell Set from the Sports Equipment catalog. Serialized product ID: 2672445.,79.49,https://images.example.com/products/2672445.jpg,103,generic,"{""dataset_item_id"": 2672445}",True,2026-06-07 15:13:55,2026-06-07 15:13:55
2673053,3371868,Warm Winter Boots (ID 2673053),High-quality Warm Winter Boots from the Shoes catalog. Serialized product ID: 2673053.,147.89,https://images.example.com/products/2673053.jpg,102,generic,"{""dataset_item_id"": 2673053}",True,2026-06-07 15:13:55,2026-06-07 15:13:55
2674960,1884568,Running Shoes Comfort (ID 2674960),High-quality Running Shoes Comfort from the Shoes catalog. Serialized product ID: 2674960.,146.13,https://images.example.com/products/2674960.jpg,101,generic,"{""dataset_item_id"": 2674960}",True,2026-06-07 15:13:55,2026-06-07 15:13:55
2675011,2926020,Laptop Pro (ID 2675011),High-quality Laptop Pro from the Electronics catalog. Serialized product ID: 2675011.,551.56,https://images.example.com/products/2675011.jpg,103,generic,"{""dataset_item_id"": 2675011}",True,2026-06-07 15:13:55,2026-06-07 15:13:55
2687493,3795340,Bluetooth Speaker (ID 2687493),High-quality Bluetooth Speaker from the Electronics catalog. Serialized product ID: 2687493.,398.46,https://images.example.com/products/2687493.jpg,101,generic,"{""dataset_item_id"": 2687493}",True,2026-06-07 15:13:55,2026-06-07 15:13:55
2688087,1414043,Three-Seater Velvet Sofa (ID 2688087),High-quality Three-Seater Velvet Sofa from the Furniture catalog. Serialized product ID: 2688087.,446.29,https://images.example.com/products/2688087.jpg,102,generic,"{""dataset_item_id"": 2688087}",True,2026-06-07 15:13:55,2026-06-07 15:13:55
2692681,4022701,Slim Fit Denim Jeans (ID 2692681),High-quality Slim Fit Denim Jeans from the Clothing catalog. Serialized product ID: 2692681.,21.38,https://images.example.com/products/2692681.jpg,102,generic,"{""dataset_item_id"": 2692681}",True,2026-06-07 15:13:55,2026-06-07 15:13:55
2695795,3917972,Introduction to Algorithms (ID 2695795),High-quality Introduction to Algorithms from the Books catalog. Serialized product ID: 2695795.,9.46,https://images.example.com/products/2695795.jpg,101,generic,"{""dataset_item_id"": 2695795}",True,2026-06-07 15:13:55,2026-06-07 15:13:55
2696738,3081594,Vitamin C Face Serum (ID 2696738),High-quality Vitamin C Face Serum from the Cosmetics catalog. Serialized product ID: 2696738.,43.54,https://images.example.com/products/2696738.jpg,103,generic,"{""dataset_item_id"": 2696738}",True,2026-06-07 15:13:55,2026-06-07 15:13:55
2700020,553365,Organic Granola Oats (ID 2700020),High-quality Organic Granola Oats from the Food & Groceries catalog. Serialized product ID: 2700020.,96.18,https://images.example.com/products/2700020.jpg,101,generic,"{""dataset_item_id"": 2700020}",True,2026-06-07 15:13:55,2026-06-07 15:13:55
2701204,2737340,Tablet Air (ID 2701204),High-quality Tablet Air from the Electronics catalog. Serialized product ID: 2701204.,522.07,https://images.example.com/products/2701204.jpg,102,generic,"{""dataset_item_id"": 2701204}",True,2026-06-07 15:13:55,2026-06-07 15:13:55
2704566,1275696,Remote Control Sports Car (ID 2704566),High-quality Remote Control Sports Car from the Toys & Games catalog. Serialized product ID: 2704566.,36.82,https://images.example.com/products/2704566.jpg,103,generic,"{""dataset_item_id"": 2704566}",True,2026-06-07 15:13:55,2026-06-07 15:13:55
2707677,2465336,Strategy Board Game (ID 2707677),High-quality Strategy Board Game from the Toys & Games catalog. Serialized product ID: 2707677.,42.36,https://images.example.com/products/2707677.jpg,101,generic,"{""dataset_item_id"": 2707677}",True,2026-06-07 15:13:55,2026-06-07 15:13:55
2708978,982926,Building Blocks Set (ID 2708978),High-quality Building Blocks Set from the Toys & Games catalog. Serialized product ID: 2708978.,85.07,https://images.example.com/products/2708978.jpg,103,generic,"{""dataset_item_id"": 2708978}",True,2026-06-07 15:13:55,2026-06-07 15:13:55
2709813,1792277,Waterproof Sports Backpack (ID 2709813),High-quality Waterproof Sports Backpack from the Sports Equipment catalog. Serialized product ID: 2709813.,85.78,https://images.example.com/products/2709813.jpg,102,generic,"{""dataset_item_id"": 2709813}",True,2026-06-07 15:13:55,2026-06-07 15:13:55
2718833,1691699,Premium Sunglasses (ID 2718833),High-quality Premium Sunglasses from the Jewelry & Accessories catalog. Serialized product ID: 2718833.,94.69,https://images.example.com/products/2718833.jpg,103,generic,"{""dataset_item_id"": 2718833}",True,2026-06-07 15:13:55,2026-06-07 15:13:55
2721889,149192,Mindset Shift Audiobook (ID 2721889),High-quality Mindset Shift Audiobook from the Books catalog. Serialized product ID: 2721889.,30.56,https://images.example.com/products/2721889.jpg,102,generic,"{""dataset_item_id"": 2721889}",True,2026-06-07 15:13:55,2026-06-07 15:13:55
2730342,1046047,Heavy-Duty Resistance Bands (ID 2730342),High-quality Heavy-Duty Resistance Bands from the Sports Equipment catalog. Serialized product ID: 2730342.,87.0,https://images.example.com/products/2730342.jpg,101,generic,"{""dataset_item_id"": 2730342}",True,2026-06-07 15:13:55,2026-06-07 15:13:55
2731813,1216617,Waterproof Sports Backpack (ID 2731813),High-quality Waterproof Sports Backpack from the Sports Equipment catalog. Serialized product ID: 2731813.,63.04,https://images.example.com/products/2731813.jpg,101,generic,"{""dataset_item_id"": 2731813}",True,2026-06-07 15:13:55,2026-06-07 15:13:55
2737657,381850,Laptop Pro (ID 2737657),High-quality Laptop Pro from the Electronics catalog. Serialized product ID: 2737657.,667.41,https://images.example.com/products/2737657.jpg,102,generic,"{""dataset_item_id"": 2737657}",True,2026-06-07 15:13:55,2026-06-07 15:13:55
2740047,4181361,Winter Woolen Sweater (ID 2740047),High-quality Winter Woolen Sweater from the Clothing catalog. Serialized product ID: 2740047.,78.84,https://images.example.com/products/2740047.jpg,103,generic,"{""dataset_item_id"": 2740047}",True,2026-06-07 15:13:55,2026-06-07 15:13:55
2740686,1299190,Smartphone (ID 2740686),High-quality Smartphone from the Electronics catalog. Serialized product ID: 2740686.,181.25,https://images.example.com/products/2740686.jpg,101,generic,"{""dataset_item_id"": 2740686}",True,2026-06-07 15:13:55,2026-06-07 15:13:55
2748554,634390,Noise Cancelling Headphone (ID 2748554),High-quality Noise Cancelling Headphone from the Electronics catalog. Serialized product ID: 2748554.,783.57,https://images.example.com/products/2748554.jpg,103,generic,"{""dataset_item_id"": 2748554}",True,2026-06-07 15:13:55,2026-06-07 15:13:55
2749663,1331853,Modern Coffee Table (ID 2749663),High-quality Modern Coffee Table from the Furniture catalog. Serialized product ID: 2749663.,445.61,https://images.example.com/products/2749663.jpg,102,generic,"{""dataset_item_id"": 2749663}",True,2026-06-07 15:13:55,2026-06-07 15:13:55
2750969,2885642,Mindset Shift Audiobook (ID 2750969),High-quality Mindset Shift Audiobook from the Books catalog. Serialized product ID: 2750969.,13.99,https://images.example.com/products/2750969.jpg,102,generic,"{""dataset_item_id"": 2750969}",True,2026-06-07 15:13:55,2026-06-07 15:13:55
2773575,3500710,Bluetooth Speaker (ID 2773575),High-quality Bluetooth Speaker from the Electronics catalog. Serialized product ID: 2773575.,912.18,https://images.example.com/products/2773575.jpg,101,generic,"{""dataset_item_id"": 2773575}",True,2026-06-07 15:13:55,2026-06-07 15:13:55
2777840,2945933,Ergonomic Office Chair (ID 2777840),High-quality Ergonomic Office Chair from the Furniture catalog. Serialized product ID: 2777840.,215.91,https://images.example.com/products/2777840.jpg,101,generic,"{""dataset_item_id"": 2777840}",True,2026-06-07 15:13:55,2026-06-07 15:13:55
2780673,3002561,Waterproof Windbreaker Jacket (ID 2780673),High-quality Waterproof Windbreaker Jacket from the Clothing catalog. Serialized product ID: 2780673.,33.78,https://images.example.com/products/2780673.jpg,102,generic,"{""dataset_item_id"": 2780673}",True,2026-06-07 15:13:55,2026-06-07 15:13:55
2790543,3158249,Premium Sunglasses (ID 2790543),High-quality Premium Sunglasses from the Jewelry & Accessories catalog. Serialized product ID: 2790543.,45.48,https://images.example.com/products/2790543.jpg,101,generic,"{""dataset_item_id"": 2790543}",True,2026-06-07 15:13:55,2026-06-07 15:13:55
2793823,957119,Premium Sunglasses (ID 2793823),High-quality Premium Sunglasses from the Jewelry & Accessories catalog. Serialized product ID: 2793823.,54.93,https://images.example.com/products/2793823.jpg,103,generic,"{""dataset_item_id"": 2793823}",True,2026-06-07 15:13:55,2026-06-07 15:13:55
2793877,4217906,Strategy Board Game (ID 2793877),High-quality Strategy Board Game from the Toys & Games catalog. Serialized product ID: 2793877.,69.09,https://images.example.com/products/2793877.jpg,101,generic,"{""dataset_item_id"": 2793877}",True,2026-06-07 15:13:55,2026-06-07 15:13:55
2793892,3002561,Winter Woolen Sweater (ID 2793892),High-quality Winter Woolen Sweater from the Clothing catalog. Serialized product ID: 2793892.,25.88,https://images.example.com/products/2793892.jpg,101,generic,"{""dataset_item_id"": 2793892}",True,2026-06-07 15:13:55,2026-06-07 15:13:55
2794153,2440115,Premium Arabica Coffee Beans (ID 2794153),High-quality Premium Arabica Coffee Beans from the Food & Groceries catalog. Serialized product ID: 2794153.,62.29,https://images.example.com/products/2794153.jpg,102,generic,"{""dataset_item_id"": 2794153}",True,2026-06-07 15:13:55,2026-06-07 15:13:55
2795410,2355072,Introduction to Algorithms (ID 2795410),High-quality Introduction to Algorithms from the Books catalog. Serialized product ID: 2795410.,27.59,https://images.example.com/products/2795410.jpg,101,generic,"{""dataset_item_id"": 2795410}",True,2026-06-07 15:13:55,2026-06-07 15:13:55
2797533,2578647,Waterproof Sports Backpack (ID 2797533),High-quality Waterproof Sports Backpack from the Sports Equipment catalog. Serialized product ID: 2797533.,51.78,https://images.example.com/products/2797533.jpg,103,generic,"{""dataset_item_id"": 2797533}",True,2026-06-07 15:13:55,2026-06-07 15:13:55
2810705,2520377,Adjustable Dumbbell Set (ID 2810705),High-quality Adjustable Dumbbell Set from the Sports Equipment catalog. Serialized product ID: 2810705.,18.45,https://images.example.com/products/2810705.jpg,102,generic,"{""dataset_item_id"": 2810705}",True,2026-06-07 15:13:55,2026-06-07 15:13:55
2819476,2465336,Remote Control Sports Car (ID 2819476),High-quality Remote Control Sports Car from the Toys & Games catalog. Serialized product ID: 2819476.,64.96,https://images.example.com/products/2819476.jpg,102,generic,"{""dataset_item_id"": 2819476}",True,2026-06-07 15:13:55,2026-06-07 15:13:55
2821630,2735466,1000-Piece Jigsaw Puzzle (ID 2821630),High-quality 1000-Piece Jigsaw Puzzle from the Toys & Games catalog. Serialized product ID: 2821630.,29.0,https://images.example.com/products/2821630.jpg,101,generic,"{""dataset_item_id"": 2821630}",True,2026-06-07 15:13:55,2026-06-07 15:13:55
2823620,285583,Ergonomic Office Chair (ID 2823620),High-quality Ergonomic Office Chair from the Furniture catalog. Serialized product ID: 2823620.,456.64,https://images.example.com/products/2823620.jpg,102,generic,"{""dataset_item_id"": 2823620}",True,2026-06-07 15:13:55,2026-06-07 15:13:55
2825454,1471163,Adjustable Standing Desk (ID 2825454),High-quality Adjustable Standing Desk from the Furniture catalog. Serialized product ID: 2825454.,457.61,https://images.example.com/products/2825454.jpg,103,generic,"{""dataset_item_id"": 2825454}",True,2026-06-07 15:13:55,2026-06-07 15:13:55
2825567,4989816,Strategy Board Game (ID 2825567),High-quality Strategy Board Game from the Toys & Games catalog. Serialized product ID: 2825567.,56.38,https://images.example.com/products/2825567.jpg,101,generic,"{""dataset_item_id"": 2825567}",True,2026-06-07 15:13:55,2026-06-07 15:13:55
2831190,886203,Ergonomic Office Chair (ID 2831190),High-quality Ergonomic Office Chair from the Furniture catalog. Serialized product ID: 2831190.,265.08,https://images.example.com/products/2831190.jpg,102,generic,"{""dataset_item_id"": 2831190}",True,2026-06-07 15:13:55,2026-06-07 15:13:55
2832809,2465336,Plush Toy Bear (ID 2832809),High-quality Plush Toy Bear from the Toys & Games catalog. Serialized product ID: 2832809.,97.84,https://images.example.com/products/2832809.jpg,102,generic,"{""dataset_item_id"": 2832809}",True,2026-06-07 15:13:55,2026-06-07 15:13:55
2840297,2872443,Three-Seater Velvet Sofa (ID 2840297),High-quality Three-Seater Velvet Sofa from the Furniture catalog. Serialized product ID: 2840297.,347.72,https://images.example.com/products/2840297.jpg,102,generic,"{""dataset_item_id"": 2840297}",True,2026-06-07 15:13:55,2026-06-07 15:13:55
2842032,982926,Strategy Board Game (ID 2842032),High-quality Strategy Board Game from the Toys & Games catalog. Serialized product ID: 2842032.,69.89,https://images.example.com/products/2842032.jpg,102,generic,"{""dataset_item_id"": 2842032}",True,2026-06-07 15:13:55,2026-06-07 15:13:55
2842407,1231891,Winter Woolen Sweater (ID 2842407),High-quality Winter Woolen Sweater from the Clothing catalog. Serialized product ID: 2842407.,69.1,https://images.example.com/products/2842407.jpg,101,generic,"{""dataset_item_id"": 2842407}",True,2026-06-07 15:13:55,2026-06-07 15:13:55
2846310,3065645,Organic Granola Oats (ID 2846310),High-quality Organic Granola Oats from the Food & Groceries catalog. Serialized product ID: 2846310.,98.94,https://images.example.com/products/2846310.jpg,102,generic,"{""dataset_item_id"": 2846310}",True,2026-06-07 15:13:55,2026-06-07 15:13:55
2846720,3451327,Adjustable Dumbbell Set (ID 2846720),High-quality Adjustable Dumbbell Set from the Sports Equipment catalog. Serialized product ID: 2846720.,15.03,https://images.example.com/products/2846720.jpg,102,generic,"{""dataset_item_id"": 2846720}",True,2026-06-07 15:13:55,2026-06-07 15:13:55
2861878,2626421,Waterproof Windbreaker Jacket (ID 2861878),High-quality Waterproof Windbreaker Jacket from the Clothing catalog. Serialized product ID: 2861878.,51.6,https://images.example.com/products/2861878.jpg,103,generic,"{""dataset_item_id"": 2861878}",True,2026-06-07 15:13:55,2026-06-07 15:13:55
2870017,2303546,Strategy Board Game (ID 2870017),High-quality Strategy Board Game from the Toys & Games catalog. Serialized product ID: 2870017.,32.81,https://images.example.com/products/2870017.jpg,103,generic,"{""dataset_item_id"": 2870017}",True,2026-06-07 15:13:55,2026-06-07 15:13:55
2870935,4764977,Adjustable Dumbbell Set (ID 2870935),High-quality Adjustable Dumbbell Set from the Sports Equipment catalog. Serialized product ID: 2870935.,32.75,https://images.example.com/products/2870935.jpg,103,generic,"{""dataset_item_id"": 2870935}",True,2026-06-07 15:13:55,2026-06-07 15:13:55
2874723,2355072,Learning Python Development (ID 2874723),High-quality Learning Python Development from the Books catalog. Serialized product ID: 2874723.,20.87,https://images.example.com/products/2874723.jpg,101,generic,"{""dataset_item_id"": 2874723}",True,2026-06-07 15:13:55,2026-06-07 15:13:55
2874789,1873826,Plush Toy Bear (ID 2874789),High-quality Plush Toy Bear from the Toys & Games catalog. Serialized product ID: 2874789.,58.2,https://images.example.com/products/2874789.jpg,103,generic,"{""dataset_item_id"": 2874789}",True,2026-06-07 15:13:55,2026-06-07 15:13:55
2875418,1216617,Waterproof Sports Backpack (ID 2875418),High-quality Waterproof Sports Backpack from the Sports Equipment catalog. Serialized product ID: 2875418.,78.16,https://images.example.com/products/2875418.jpg,101,generic,"{""dataset_item_id"": 2875418}",True,2026-06-07 15:13:55,2026-06-07 15:13:55
2882640,3108044,Hydrating Face Moisturizer (ID 2882640),High-quality Hydrating Face Moisturizer from the Cosmetics catalog. Serialized product ID: 2882640.,90.6,https://images.example.com/products/2882640.jpg,103,generic,"{""dataset_item_id"": 2882640}",True,2026-06-07 15:13:55,2026-06-07 15:13:55
2888477,3607361,Winter Woolen Sweater (ID 2888477),High-quality Winter Woolen Sweater from the Clothing catalog. Serialized product ID: 2888477.,46.79,https://images.example.com/products/2888477.jpg,102,generic,"{""dataset_item_id"": 2888477}",True,2026-06-07 15:13:55,2026-06-07 15:13:55
2890224,4022701,Casual Fleece Hoodie (ID 2890224),High-quality Casual Fleece Hoodie from the Clothing catalog. Serialized product ID: 2890224.,64.65,https://images.example.com/products/2890224.jpg,101,generic,"{""dataset_item_id"": 2890224}",True,2026-06-07 15:13:55,2026-06-07 15:13:55
2927238,1029459,Premium Sunglasses (ID 2927238),High-quality Premium Sunglasses from the Jewelry & Accessories catalog. Serialized product ID: 2927238.,62.06,https://images.example.com/products/2927238.jpg,102,generic,"{""dataset_item_id"": 2927238}",True,2026-06-07 15:13:55,2026-06-07 15:13:55
2927287,4338287,Heavy-Duty Resistance Bands (ID 2927287),High-quality Heavy-Duty Resistance Bands from the Sports Equipment catalog. Serialized product ID: 2927287.,25.59,https://images.example.com/products/2927287.jpg,101,generic,"{""dataset_item_id"": 2927287}",True,2026-06-07 15:13:55,2026-06-07 15:13:55
2930862,737184,Matte Red Lipstick (ID 2930862),High-quality Matte Red Lipstick from the Cosmetics catalog. Serialized product ID: 2930862.,63.36,https://images.example.com/products/2930862.jpg,103,generic,"{""dataset_item_id"": 2930862}",True,2026-06-07 15:13:55,2026-06-07 15:13:55
2932138,2640118,Warm Winter Boots (ID 2932138),High-quality Warm Winter Boots from the Shoes catalog. Serialized product ID: 2932138.,123.11,https://images.example.com/products/2932138.jpg,103,generic,"{""dataset_item_id"": 2932138}",True,2026-06-07 15:13:55,2026-06-07 15:13:55
2933451,815311,Slim Fit Denim Jeans (ID 2933451),High-quality Slim Fit Denim Jeans from the Clothing catalog. Serialized product ID: 2933451.,58.57,https://images.example.com/products/2933451.jpg,101,generic,"{""dataset_item_id"": 2933451}",True,2026-06-07 15:13:55,2026-06-07 15:13:55
2955803,3645362,Learning Python Development (ID 2955803),High-quality Learning Python Development from the Books catalog. Serialized product ID: 2955803.,27.85,https://images.example.com/products/2955803.jpg,103,generic,"{""dataset_item_id"": 2955803}",True,2026-06-07 15:13:55,2026-06-07 15:13:55
2958216,2033408,Formal Leather Shoes (ID 2958216),High-quality Formal Leather Shoes from the Shoes catalog. Serialized product ID: 2958216.,111.1,https://images.example.com/products/2958216.jpg,102,generic,"{""dataset_item_id"": 2958216}",True,2026-06-07 15:13:55,2026-06-07 15:13:55
2961116,2579035,Extra Virgin Olive Oil (ID 2961116),High-quality Extra Virgin Olive Oil from the Food & Groceries catalog. Serialized product ID: 2961116.,79.13,https://images.example.com/products/2961116.jpg,101,generic,"{""dataset_item_id"": 2961116}",True,2026-06-07 15:13:55,2026-06-07 15:13:55
2963472,3607361,Winter Woolen Sweater (ID 2963472),High-quality Winter Woolen Sweater from the Clothing catalog. Serialized product ID: 2963472.,52.09,https://images.example.com/products/2963472.jpg,103,generic,"{""dataset_item_id"": 2963472}",True,2026-06-07 15:13:55,2026-06-07 15:13:55
2967615,2293367,Adjustable Dumbbell Set (ID 2967615),High-quality Adjustable Dumbbell Set from the Sports Equipment catalog. Serialized product ID: 2967615.,17.35,https://images.example.com/products/2967615.jpg,102,generic,"{""dataset_item_id"": 2967615}",True,2026-06-07 15:13:55,2026-06-07 15:13:55
2969304,2672762,Mindset Shift Audiobook (ID 2969304),High-quality Mindset Shift Audiobook from the Books catalog. Serialized product ID: 2969304.,18.8,https://images.example.com/products/2969304.jpg,102,generic,"{""dataset_item_id"": 2969304}",True,2026-06-07 15:13:55,2026-06-07 15:13:55
2969676,3975787,Anti-Slip Yoga Mat (ID 2969676),High-quality Anti-Slip Yoga Mat from the Sports Equipment catalog. Serialized product ID: 2969676.,21.51,https://images.example.com/products/2969676.jpg,101,generic,"{""dataset_item_id"": 2969676}",True,2026-06-07 15:13:55,2026-06-07 15:13:55
2974274,3248072,Mindset Shift Audiobook (ID 2974274),High-quality Mindset Shift Audiobook from the Books catalog. Serialized product ID: 2974274.,32.6,https://images.example.com/products/2974274.jpg,102,generic,"{""dataset_item_id"": 2974274}",True,2026-06-07 15:13:55,2026-06-07 15:13:55
2981221,4989816,Remote Control Sports Car (ID 2981221),High-quality Remote Control Sports Car from the Toys & Games catalog. Serialized product ID: 2981221.,54.9,https://images.example.com/products/2981221.jpg,102,generic,"{""dataset_item_id"": 2981221}",True,2026-06-07 15:13:55,2026-06-07 15:13:55
2982506,2559494,Organic SPF50 Sunscreen (ID 2982506),High-quality Organic SPF50 Sunscreen from the Cosmetics catalog. Serialized product ID: 2982506.,83.06,https://images.example.com/products/2982506.jpg,102,generic,"{""dataset_item_id"": 2982506}",True,2026-06-07 15:13:55,2026-06-07 15:13:55
2991276,285583,Minimalist Wooden Desk (ID 2991276),High-quality Minimalist Wooden Desk from the Furniture catalog. Serialized product ID: 2991276.,462.99,https://images.example.com/products/2991276.jpg,102,generic,"{""dataset_item_id"": 2991276}",True,2026-06-07 15:13:55,2026-06-07 15:13:55
2993641,2520377,Anti-Slip Yoga Mat (ID 2993641),High-quality Anti-Slip Yoga Mat from the Sports Equipment catalog. Serialized product ID: 2993641.,95.93,https://images.example.com/products/2993641.jpg,102,generic,"{""dataset_item_id"": 2993641}",True,2026-06-07 15:13:55,2026-06-07 15:13:55
2994257,2578647,Heavy-Duty Resistance Bands (ID 2994257),High-quality Heavy-Duty Resistance Bands from the Sports Equipment catalog. Serialized product ID: 2994257.,75.18,https://images.example.com/products/2994257.jpg,102,generic,"{""dataset_item_id"": 2994257}",True,2026-06-07 15:13:55,2026-06-07 15:13:55
2994876,2983928,Formal Leather Shoes (ID 2994876),High-quality Formal Leather Shoes from the Shoes catalog. Serialized product ID: 2994876.,128.47,https://images.example.com/products/2994876.jpg,102,generic,"{""dataset_item_id"": 2994876}",True,2026-06-07 15:13:55,2026-06-07 15:13:55
2995656,3002561,Slim Fit Denim Jeans (ID 2995656),High-quality Slim Fit Denim Jeans from the Clothing catalog. Serialized product ID: 2995656.,76.63,https://images.example.com/products/2995656.jpg,101,generic,"{""dataset_item_id"": 2995656}",True,2026-06-07 15:13:55,2026-06-07 15:13:55
3008190,1604691,Classic Cotton T-Shirt (ID 3008190),High-quality Classic Cotton T-Shirt from the Clothing catalog. Serialized product ID: 3008190.,63.27,https://images.example.com/products/3008190.jpg,101,generic,"{""dataset_item_id"": 3008190}",True,2026-06-07 15:13:55,2026-06-07 15:13:55
3011543,2926020,Smartwatch Elite (ID 3011543),High-quality Smartwatch Elite from the Electronics catalog. Serialized product ID: 3011543.,873.27,https://images.example.com/products/3011543.jpg,103,generic,"{""dataset_item_id"": 3011543}",True,2026-06-07 15:13:55,2026-06-07 15:13:55
3011676,1249923,Minimalist Wooden Desk (ID 3011676),High-quality Minimalist Wooden Desk from the Furniture catalog. Serialized product ID: 3011676.,362.58,https://images.example.com/products/3011676.jpg,102,generic,"{""dataset_item_id"": 3011676}",True,2026-06-07 15:13:55,2026-06-07 15:13:55
3012053,2983928,Warm Winter Boots (ID 3012053),High-quality Warm Winter Boots from the Shoes catalog. Serialized product ID: 3012053.,146.4,https://images.example.com/products/3012053.jpg,103,generic,"{""dataset_item_id"": 3012053}",True,2026-06-07 15:13:55,2026-06-07 15:13:55
3018301,1567637,Anti-Slip Yoga Mat (ID 3018301),High-quality Anti-Slip Yoga Mat from the Sports Equipment catalog. Serialized product ID: 3018301.,39.38,https://images.example.com/products/3018301.jpg,102,generic,"{""dataset_item_id"": 3018301}",True,2026-06-07 15:13:55,2026-06-07 15:13:55
3022799,957119,Gold Plated Ring (ID 3022799),High-quality Gold Plated Ring from the Jewelry & Accessories catalog. Serialized product ID: 3022799.,6.31,https://images.example.com/products/3022799.jpg,103,generic,"{""dataset_item_id"": 3022799}",True,2026-06-07 15:13:55,2026-06-07 15:13:55
3030510,858800,Smartphone (ID 3030510),High-quality Smartphone from the Electronics catalog. Serialized product ID: 3030510.,211.11,https://images.example.com/products/3030510.jpg,102,generic,"{""dataset_item_id"": 3030510}",True,2026-06-07 15:13:55,2026-06-07 15:13:55
3032611,4756105,Extra Virgin Olive Oil (ID 3032611),High-quality Extra Virgin Olive Oil from the Food & Groceries catalog. Serialized product ID: 3032611.,68.25,https://images.example.com/products/3032611.jpg,103,generic,"{""dataset_item_id"": 3032611}",True,2026-06-07 15:13:55,2026-06-07 15:13:55
3044282,65362,Clean Code Reference Book (ID 3044282),High-quality Clean Code Reference Book from the Books catalog. Serialized product ID: 3044282.,16.86,https://images.example.com/products/3044282.jpg,102,generic,"{""dataset_item_id"": 3044282}",True,2026-06-07 15:13:55,2026-06-07 15:13:55
3044471,3002561,Slim Fit Denim Jeans (ID 3044471),High-quality Slim Fit Denim Jeans from the Clothing catalog. Serialized product ID: 3044471.,67.63,https://images.example.com/products/3044471.jpg,102,generic,"{""dataset_item_id"": 3044471}",True,2026-06-07 15:13:55,2026-06-07 15:13:55
3052761,749692,The Great Gatsby (ID 3052761),High-quality The Great Gatsby from the Books catalog. Serialized product ID: 3052761.,12.25,https://images.example.com/products/3052761.jpg,101,generic,"{""dataset_item_id"": 3052761}",True,2026-06-07 15:13:55,2026-06-07 15:13:55
3057370,2735466,1000-Piece Jigsaw Puzzle (ID 3057370),High-quality 1000-Piece Jigsaw Puzzle from the Toys & Games catalog. Serialized product ID: 3057370.,49.32,https://images.example.com/products/3057370.jpg,103,generic,"{""dataset_item_id"": 3057370}",True,2026-06-07 15:13:55,2026-06-07 15:13:55
3079068,982926,Building Blocks Set (ID 3079068),High-quality Building Blocks Set from the Toys & Games catalog. Serialized product ID: 3079068.,88.12,https://images.example.com/products/3079068.jpg,103,generic,"{""dataset_item_id"": 3079068}",True,2026-06-07 15:13:55,2026-06-07 15:13:55
3083565,154040,Bluetooth Speaker (ID 3083565),High-quality Bluetooth Speaker from the Electronics catalog. Serialized product ID: 3083565.,394.88,https://images.example.com/products/3083565.jpg,103,generic,"{""dataset_item_id"": 3083565}",True,2026-06-07 15:13:55,2026-06-07 15:13:55
3092053,1521931,Waterproof Windbreaker Jacket (ID 3092053),High-quality Waterproof Windbreaker Jacket from the Clothing catalog. Serialized product ID: 3092053.,29.17,https://images.example.com/products/3092053.jpg,101,generic,"{""dataset_item_id"": 3092053}",True,2026-06-07 15:13:55,2026-06-07 15:13:55
3095307,3975787,Heavy-Duty Resistance Bands (ID 3095307),High-quality Heavy-Duty Resistance Bands from the Sports Equipment catalog. Serialized product ID: 3095307.,64.73,https://images.example.com/products/3095307.jpg,102,generic,"{""dataset_item_id"": 3095307}",True,2026-06-07 15:13:55,2026-06-07 15:13:55
3096889,3607361,Casual Fleece Hoodie (ID 3096889),High-quality Casual Fleece Hoodie from the Clothing catalog. Serialized product ID: 3096889.,73.2,https://images.example.com/products/3096889.jpg,102,generic,"{""dataset_item_id"": 3096889}",True,2026-06-07 15:13:55,2026-06-07 15:13:55
3101480,3248072,Introduction to Algorithms (ID 3101480),High-quality Introduction to Algorithms from the Books catalog. Serialized product ID: 3101480.,28.48,https://images.example.com/products/3101480.jpg,101,generic,"{""dataset_item_id"": 3101480}",True,2026-06-07 15:13:55,2026-06-07 15:13:55
3104839,4989816,Plush Toy Bear (ID 3104839),High-quality Plush Toy Bear from the Toys & Games catalog. Serialized product ID: 3104839.,18.14,https://images.example.com/products/3104839.jpg,101,generic,"{""dataset_item_id"": 3104839}",True,2026-06-07 15:13:55,2026-06-07 15:13:55
3107357,2673821,Winter Woolen Sweater (ID 3107357),High-quality Winter Woolen Sweater from the Clothing catalog. Serialized product ID: 3107357.,34.48,https://images.example.com/products/3107357.jpg,102,generic,"{""dataset_item_id"": 3107357}",True,2026-06-07 15:13:55,2026-06-07 15:13:55
3116844,1526856,Plush Toy Bear (ID 3116844),High-quality Plush Toy Bear from the Toys & Games catalog. Serialized product ID: 3116844.,15.92,https://images.example.com/products/3116844.jpg,101,generic,"{""dataset_item_id"": 3116844}",True,2026-06-07 15:13:55,2026-06-07 15:13:55
3122135,1516409,Sterling Silver Necklace (ID 3122135),High-quality Sterling Silver Necklace from the Jewelry & Accessories catalog. Serialized product ID: 3122135.,88.4,https://images.example.com/products/3122135.jpg,101,generic,"{""dataset_item_id"": 3122135}",True,2026-06-07 15:13:55,2026-06-07 15:13:55
3125830,3607361,Classic Cotton T-Shirt (ID 3125830),High-quality Classic Cotton T-Shirt from the Clothing catalog. Serialized product ID: 3125830.,39.87,https://images.example.com/products/3125830.jpg,102,generic,"{""dataset_item_id"": 3125830}",True,2026-06-07 15:13:55,2026-06-07 15:13:55
3127410,4217906,1000-Piece Jigsaw Puzzle (ID 3127410),High-quality 1000-Piece Jigsaw Puzzle from the Toys & Games catalog. Serialized product ID: 3127410.,68.03,https://images.example.com/products/3127410.jpg,103,generic,"{""dataset_item_id"": 3127410}",True,2026-06-07 15:13:55,2026-06-07 15:13:55
3148492,1080925,Dark Chocolate Bar 80% (ID 3148492),High-quality Dark Chocolate Bar 80% from the Food & Groceries catalog. Serialized product ID: 3148492.,70.47,https://images.example.com/products/3148492.jpg,103,generic,"{""dataset_item_id"": 3148492}",True,2026-06-07 15:13:55,2026-06-07 15:13:55
3149861,2736436,Remote Control Sports Car (ID 3149861),High-quality Remote Control Sports Car from the Toys & Games catalog. Serialized product ID: 3149861.,44.4,https://images.example.com/products/3149861.jpg,103,generic,"{""dataset_item_id"": 3149861}",True,2026-06-07 15:13:55,2026-06-07 15:13:55
3152278,285583,Modern Coffee Table (ID 3152278),High-quality Modern Coffee Table from the Furniture catalog. Serialized product ID: 3152278.,384.45,https://images.example.com/products/3152278.jpg,102,generic,"{""dataset_item_id"": 3152278}",True,2026-06-07 15:13:55,2026-06-07 15:13:55
3158800,749692,Introduction to Algorithms (ID 3158800),High-quality Introduction to Algorithms from the Books catalog. Serialized product ID: 3158800.,28.65,https://images.example.com/products/3158800.jpg,102,generic,"{""dataset_item_id"": 3158800}",True,2026-06-07 15:13:55,2026-06-07 15:13:55
3172409,4042890,Smartwatch Elite (ID 3172409),High-quality Smartwatch Elite from the Electronics catalog. Serialized product ID: 3172409.,653.47,https://images.example.com/products/3172409.jpg,102,generic,"{""dataset_item_id"": 3172409}",True,2026-06-07 15:13:55,2026-06-07 15:13:55
3193857,1008362,Clean Code Reference Book (ID 3193857),High-quality Clean Code Reference Book from the Books catalog. Serialized product ID: 3193857.,9.98,https://images.example.com/products/3193857.jpg,102,generic,"{""dataset_item_id"": 3193857}",True,2026-06-07 15:13:55,2026-06-07 15:13:55
3200672,3674154,Matte Red Lipstick (ID 3200672),High-quality Matte Red Lipstick from the Cosmetics catalog. Serialized product ID: 3200672.,25.42,https://images.example.com/products/3200672.jpg,102,generic,"{""dataset_item_id"": 3200672}",True,2026-06-07 15:13:55,2026-06-07 15:13:55
3210567,4145813,Three-Seater Velvet Sofa (ID 3210567),High-quality Three-Seater Velvet Sofa from the Furniture catalog. Serialized product ID: 3210567.,478.28,https://images.example.com/products/3210567.jpg,102,generic,"{""dataset_item_id"": 3210567}",True,2026-06-07 15:13:55,2026-06-07 15:13:55
3216276,4239903,Minimalist Wooden Desk (ID 3216276),High-quality Minimalist Wooden Desk from the Furniture catalog. Serialized product ID: 3216276.,121.63,https://images.example.com/products/3216276.jpg,103,generic,"{""dataset_item_id"": 3216276}",True,2026-06-07 15:13:55,2026-06-07 15:13:55
3227505,1249761,Classic Cotton T-Shirt (ID 3227505),High-quality Classic Cotton T-Shirt from the Clothing catalog. Serialized product ID: 3227505.,38.51,https://images.example.com/products/3227505.jpg,103,generic,"{""dataset_item_id"": 3227505}",True,2026-06-07 15:13:55,2026-06-07 15:13:55
3233798,1521931,Waterproof Windbreaker Jacket (ID 3233798),High-quality Waterproof Windbreaker Jacket from the Clothing catalog. Serialized product ID: 3233798.,37.96,https://images.example.com/products/3233798.jpg,102,generic,"{""dataset_item_id"": 3233798}",True,2026-06-07 15:13:55,2026-06-07 15:13:55
3236416,4181361,Slim Fit Denim Jeans (ID 3236416),High-quality Slim Fit Denim Jeans from the Clothing catalog. Serialized product ID: 3236416.,32.66,https://images.example.com/products/3236416.jpg,101,generic,"{""dataset_item_id"": 3236416}",True,2026-06-07 15:13:55,2026-06-07 15:13:55
3236572,1958275,Dark Chocolate Bar 80% (ID 3236572),High-quality Dark Chocolate Bar 80% from the Food & Groceries catalog. Serialized product ID: 3236572.,94.21,https://images.example.com/products/3236572.jpg,102,generic,"{""dataset_item_id"": 3236572}",True,2026-06-07 15:13:55,2026-06-07 15:13:55
3239215,3975787,Adjustable Dumbbell Set (ID 3239215),High-quality Adjustable Dumbbell Set from the Sports Equipment catalog. Serialized product ID: 3239215.,13.62,https://images.example.com/products/3239215.jpg,101,generic,"{""dataset_item_id"": 3239215}",True,2026-06-07 15:13:55,2026-06-07 15:13:55
3274284,4606718,Sport Sandals (ID 3274284),High-quality Sport Sandals from the Shoes catalog. Serialized product ID: 3274284.,110.59,https://images.example.com/products/3274284.jpg,103,generic,"{""dataset_item_id"": 3274284}",True,2026-06-07 15:13:55,2026-06-07 15:13:55
3283696,1879194,Organic SPF50 Sunscreen (ID 3283696),High-quality Organic SPF50 Sunscreen from the Cosmetics catalog. Serialized product ID: 3283696.,96.28,https://images.example.com/products/3283696.jpg,101,generic,"{""dataset_item_id"": 3283696}",True,2026-06-07 15:13:55,2026-06-07 15:13:55
3285990,1061857,Adjustable Dumbbell Set (ID 3285990),High-quality Adjustable Dumbbell Set from the Sports Equipment catalog. Serialized product ID: 3285990.,78.96,https://images.example.com/products/3285990.jpg,101,generic,"{""dataset_item_id"": 3285990}",True,2026-06-07 15:13:55,2026-06-07 15:13:55
3297610,2520771,Classic Cotton T-Shirt (ID 3297610),High-quality Classic Cotton T-Shirt from the Clothing catalog. Serialized product ID: 3297610.,78.28,https://images.example.com/products/3297610.jpg,103,generic,"{""dataset_item_id"": 3297610}",True,2026-06-07 15:13:55,2026-06-07 15:13:55
3300853,4069500,Laptop Pro (ID 3300853),High-quality Laptop Pro from the Electronics catalog. Serialized product ID: 3300853.,284.48,https://images.example.com/products/3300853.jpg,103,generic,"{""dataset_item_id"": 3300853}",True,2026-06-07 15:13:55,2026-06-07 15:13:55
3303693,4145813,Modern Coffee Table (ID 3303693),High-quality Modern Coffee Table from the Furniture catalog. Serialized product ID: 3303693.,166.8,https://images.example.com/products/3303693.jpg,101,generic,"{""dataset_item_id"": 3303693}",True,2026-06-07 15:13:55,2026-06-07 15:13:55
3305461,2640118,Formal Leather Shoes (ID 3305461),High-quality Formal Leather Shoes from the Shoes catalog. Serialized product ID: 3305461.,129.44,https://images.example.com/products/3305461.jpg,101,generic,"{""dataset_item_id"": 3305461}",True,2026-06-07 15:13:55,2026-06-07 15:13:55
3329070,2440115,Organic Granola Oats (ID 3329070),High-quality Organic Granola Oats from the Food & Groceries catalog. Serialized product ID: 3329070.,35.88,https://images.example.com/products/3329070.jpg,101,generic,"{""dataset_item_id"": 3329070}",True,2026-06-07 15:13:55,2026-06-07 15:13:55
3331681,1973012,The Great Gatsby (ID 3331681),High-quality The Great Gatsby from the Books catalog. Serialized product ID: 3331681.,32.66,https://images.example.com/products/3331681.jpg,103,generic,"{""dataset_item_id"": 3331681}",True,2026-06-07 15:13:55,2026-06-07 15:13:55
3334864,3849096,Plush Toy Bear (ID 3334864),High-quality Plush Toy Bear from the Toys & Games catalog. Serialized product ID: 3334864.,5.27,https://images.example.com/products/3334864.jpg,101,generic,"{""dataset_item_id"": 3334864}",True,2026-06-07 15:13:55,2026-06-07 15:13:55
3341674,3351726,Plush Toy Bear (ID 3341674),High-quality Plush Toy Bear from the Toys & Games catalog. Serialized product ID: 3341674.,97.83,https://images.example.com/products/3341674.jpg,103,generic,"{""dataset_item_id"": 3341674}",True,2026-06-07 15:13:55,2026-06-07 15:13:55
3343325,1029459,Sterling Silver Necklace (ID 3343325),High-quality Sterling Silver Necklace from the Jewelry & Accessories catalog. Serialized product ID: 3343325.,28.56,https://images.example.com/products/3343325.jpg,101,generic,"{""dataset_item_id"": 3343325}",True,2026-06-07 15:13:55,2026-06-07 15:13:55
3345192,4138583,Three-Seater Velvet Sofa (ID 3345192),High-quality Three-Seater Velvet Sofa from the Furniture catalog. Serialized product ID: 3345192.,126.06,https://images.example.com/products/3345192.jpg,101,generic,"{""dataset_item_id"": 3345192}",True,2026-06-07 15:13:55,2026-06-07 15:13:55
3350364,3898483,Adjustable Standing Desk (ID 3350364),High-quality Adjustable Standing Desk from the Furniture catalog. Serialized product ID: 3350364.,135.23,https://images.example.com/products/3350364.jpg,102,generic,"{""dataset_item_id"": 3350364}",True,2026-06-07 15:13:55,2026-06-07 15:13:55
3355080,4801426,1000-Piece Jigsaw Puzzle (ID 3355080),High-quality 1000-Piece Jigsaw Puzzle from the Toys & Games catalog. Serialized product ID: 3355080.,79.26,https://images.example.com/products/3355080.jpg,101,generic,"{""dataset_item_id"": 3355080}",True,2026-06-07 15:13:55,2026-06-07 15:13:55
3355149,3351726,Plush Toy Bear (ID 3355149),High-quality Plush Toy Bear from the Toys & Games catalog. Serialized product ID: 3355149.,60.35,https://images.example.com/products/3355149.jpg,101,generic,"{""dataset_item_id"": 3355149}",True,2026-06-07 15:13:55,2026-06-07 15:13:55
3362139,1108912,Mindset Shift Audiobook (ID 3362139),High-quality Mindset Shift Audiobook from the Books catalog. Serialized product ID: 3362139.,14.23,https://images.example.com/products/3362139.jpg,101,generic,"{""dataset_item_id"": 3362139}",True,2026-06-07 15:13:55,2026-06-07 15:13:55
3363470,4145813,Ergonomic Office Chair (ID 3363470),High-quality Ergonomic Office Chair from the Furniture catalog. Serialized product ID: 3363470.,133.11,https://images.example.com/products/3363470.jpg,102,generic,"{""dataset_item_id"": 3363470}",True,2026-06-07 15:13:55,2026-06-07 15:13:55
3365312,5071267,Heavy-Duty Resistance Bands (ID 3365312),High-quality Heavy-Duty Resistance Bands from the Sports Equipment catalog. Serialized product ID: 3365312.,54.45,https://images.example.com/products/3365312.jpg,103,generic,"{""dataset_item_id"": 3365312}",True,2026-06-07 15:13:55,2026-06-07 15:13:55
3367369,982926,Plush Toy Bear (ID 3367369),High-quality Plush Toy Bear from the Toys & Games catalog. Serialized product ID: 3367369.,10.97,https://images.example.com/products/3367369.jpg,102,generic,"{""dataset_item_id"": 3367369}",True,2026-06-07 15:13:55,2026-06-07 15:13:55
3368542,2578647,Heavy-Duty Resistance Bands (ID 3368542),High-quality Heavy-Duty Resistance Bands from the Sports Equipment catalog. Serialized product ID: 3368542.,78.13,https://images.example.com/products/3368542.jpg,103,generic,"{""dataset_item_id"": 3368542}",True,2026-06-07 15:13:55,2026-06-07 15:13:55
3388153,2355072,Learning Python Development (ID 3388153),High-quality Learning Python Development from the Books catalog. Serialized product ID: 3388153.,26.81,https://images.example.com/products/3388153.jpg,102,generic,"{""dataset_item_id"": 3388153}",True,2026-06-07 15:13:55,2026-06-07 15:13:55
3391967,4690421,Winter Woolen Sweater (ID 3391967),High-quality Winter Woolen Sweater from the Clothing catalog. Serialized product ID: 3391967.,47.25,https://images.example.com/products/3391967.jpg,103,generic,"{""dataset_item_id"": 3391967}",True,2026-06-07 15:13:55,2026-06-07 15:13:55
3419397,1169503,Three-Seater Velvet Sofa (ID 3419397),High-quality Three-Seater Velvet Sofa from the Furniture catalog. Serialized product ID: 3419397.,98.17,https://images.example.com/products/3419397.jpg,103,generic,"{""dataset_item_id"": 3419397}",True,2026-06-07 15:13:55,2026-06-07 15:13:55
3420920,810632,Introduction to Algorithms (ID 3420920),High-quality Introduction to Algorithms from the Books catalog. Serialized product ID: 3420920.,24.64,https://images.example.com/products/3420920.jpg,102,generic,"{""dataset_item_id"": 3420920}",True,2026-06-07 15:13:55,2026-06-07 15:13:55
3421467,2640118,Casual Canvas Sneakers (ID 3421467),High-quality Casual Canvas Sneakers from the Shoes catalog. Serialized product ID: 3421467.,110.77,https://images.example.com/products/3421467.jpg,101,generic,"{""dataset_item_id"": 3421467}",True,2026-06-07 15:13:55,2026-06-07 15:13:55
3422222,2407396,Strategy Board Game (ID 3422222),High-quality Strategy Board Game from the Toys & Games catalog. Serialized product ID: 3422222.,10.72,https://images.example.com/products/3422222.jpg,102,generic,"{""dataset_item_id"": 3422222}",True,2026-06-07 15:13:55,2026-06-07 15:13:55
3446193,2311290,Bluetooth Speaker (ID 3446193),High-quality Bluetooth Speaker from the Electronics catalog. Serialized product ID: 3446193.,861.72,https://images.example.com/products/3446193.jpg,102,generic,"{""dataset_item_id"": 3446193}",True,2026-06-07 15:13:55,2026-06-07 15:13:55
3449001,2578647,Anti-Slip Yoga Mat (ID 3449001),High-quality Anti-Slip Yoga Mat from the Sports Equipment catalog. Serialized product ID: 3449001.,69.49,https://images.example.com/products/3449001.jpg,102,generic,"{""dataset_item_id"": 3449001}",True,2026-06-07 15:13:55,2026-06-07 15:13:55
3453542,2612027,Heavy-Duty Resistance Bands (ID 3453542),High-quality Heavy-Duty Resistance Bands from the Sports Equipment catalog. Serialized product ID: 3453542.,71.97,https://images.example.com/products/3453542.jpg,102,generic,"{""dataset_item_id"": 3453542}",True,2026-06-07 15:13:55,2026-06-07 15:13:55
3457845,3500710,Bluetooth Speaker (ID 3457845),High-quality Bluetooth Speaker from the Electronics catalog. Serialized product ID: 3457845.,166.07,https://images.example.com/products/3457845.jpg,101,generic,"{""dataset_item_id"": 3457845}",True,2026-06-07 15:13:55,2026-06-07 15:13:55
3461725,2520377,Adjustable Dumbbell Set (ID 3461725),High-quality Adjustable Dumbbell Set from the Sports Equipment catalog. Serialized product ID: 3461725.,35.28,https://images.example.com/products/3461725.jpg,101,generic,"{""dataset_item_id"": 3461725}",True,2026-06-07 15:13:55,2026-06-07 15:13:55
3466178,3673049,Premium Sunglasses (ID 3466178),High-quality Premium Sunglasses from the Jewelry & Accessories catalog. Serialized product ID: 3466178.,11.17,https://images.example.com/products/3466178.jpg,102,generic,"{""dataset_item_id"": 3466178}",True,2026-06-07 15:13:55,2026-06-07 15:13:55
3470901,2465336,Remote Control Sports Car (ID 3470901),High-quality Remote Control Sports Car from the Toys & Games catalog. Serialized product ID: 3470901.,63.69,https://images.example.com/products/3470901.jpg,103,generic,"{""dataset_item_id"": 3470901}",True,2026-06-07 15:13:55,2026-06-07 15:13:55
3484049,2945933,Adjustable Standing Desk (ID 3484049),High-quality Adjustable Standing Desk from the Furniture catalog. Serialized product ID: 3484049.,309.76,https://images.example.com/products/3484049.jpg,102,generic,"{""dataset_item_id"": 3484049}",True,2026-06-07 15:13:55,2026-06-07 15:13:55
3485113,1462446,Building Blocks Set (ID 3485113),High-quality Building Blocks Set from the Toys & Games catalog. Serialized product ID: 3485113.,40.81,https://images.example.com/products/3485113.jpg,103,generic,"{""dataset_item_id"": 3485113}",True,2026-06-07 15:13:55,2026-06-07 15:13:55
3488953,564681,Waterproof Windbreaker Jacket (ID 3488953),High-quality Waterproof Windbreaker Jacket from the Clothing catalog. Serialized product ID: 3488953.,48.96,https://images.example.com/products/3488953.jpg,102,generic,"{""dataset_item_id"": 3488953}",True,2026-06-07 15:13:55,2026-06-07 15:13:55
3489801,1505776,Remote Control Sports Car (ID 3489801),High-quality Remote Control Sports Car from the Toys & Games catalog. Serialized product ID: 3489801.,52.52,https://images.example.com/products/3489801.jpg,102,generic,"{""dataset_item_id"": 3489801}",True,2026-06-07 15:13:55,2026-06-07 15:13:55
3516903,3898483,Modern Coffee Table (ID 3516903),High-quality Modern Coffee Table from the Furniture catalog. Serialized product ID: 3516903.,121.56,https://images.example.com/products/3516903.jpg,103,generic,"{""dataset_item_id"": 3516903}",True,2026-06-07 15:13:55,2026-06-07 15:13:55
3523128,634390,Smartphone (ID 3523128),High-quality Smartphone from the Electronics catalog. Serialized product ID: 3523128.,202.86,https://images.example.com/products/3523128.jpg,103,generic,"{""dataset_item_id"": 3523128}",True,2026-06-07 15:13:55,2026-06-07 15:13:55
3527159,1108912,Mindset Shift Audiobook (ID 3527159),High-quality Mindset Shift Audiobook from the Books catalog. Serialized product ID: 3527159.,28.53,https://images.example.com/products/3527159.jpg,103,generic,"{""dataset_item_id"": 3527159}",True,2026-06-07 15:13:55,2026-06-07 15:13:55
3528778,1216617,Waterproof Sports Backpack (ID 3528778),High-quality Waterproof Sports Backpack from the Sports Equipment catalog. Serialized product ID: 3528778.,72.76,https://images.example.com/products/3528778.jpg,101,generic,"{""dataset_item_id"": 3528778}",True,2026-06-07 15:13:55,2026-06-07 15:13:55
3536239,982926,Plush Toy Bear (ID 3536239),High-quality Plush Toy Bear from the Toys & Games catalog. Serialized product ID: 3536239.,45.43,https://images.example.com/products/3536239.jpg,101,generic,"{""dataset_item_id"": 3536239}",True,2026-06-07 15:13:55,2026-06-07 15:13:55
3540376,3451327,Anti-Slip Yoga Mat (ID 3540376),High-quality Anti-Slip Yoga Mat from the Sports Equipment catalog. Serialized product ID: 3540376.,43.9,https://images.example.com/products/3540376.jpg,102,generic,"{""dataset_item_id"": 3540376}",True,2026-06-07 15:13:55,2026-06-07 15:13:55
3541239,882707,Smart Jump Rope (ID 3541239),High-quality Smart Jump Rope from the Sports Equipment catalog. Serialized product ID: 3541239.,42.48,https://images.example.com/products/3541239.jpg,103,generic,"{""dataset_item_id"": 3541239}",True,2026-06-07 15:13:55,2026-06-07 15:13:55
3544246,2774299,Classic Leather Wallet (ID 3544246),High-quality Classic Leather Wallet from the Jewelry & Accessories catalog. Serialized product ID: 3544246.,13.94,https://images.example.com/products/3544246.jpg,102,generic,"{""dataset_item_id"": 3544246}",True,2026-06-07 15:13:55,2026-06-07 15:13:55
3555246,4145813,Minimalist Wooden Desk (ID 3555246),High-quality Minimalist Wooden Desk from the Furniture catalog. Serialized product ID: 3555246.,210.95,https://images.example.com/products/3555246.jpg,102,generic,"{""dataset_item_id"": 3555246}",True,2026-06-07 15:13:55,2026-06-07 15:13:55
3556340,3002561,Classic Cotton T-Shirt (ID 3556340),High-quality Classic Cotton T-Shirt from the Clothing catalog. Serialized product ID: 3556340.,38.96,https://images.example.com/products/3556340.jpg,101,generic,"{""dataset_item_id"": 3556340}",True,2026-06-07 15:13:55,2026-06-07 15:13:55
3557403,411153,Modern Coffee Table (ID 3557403),High-quality Modern Coffee Table from the Furniture catalog. Serialized product ID: 3557403.,367.78,https://images.example.com/products/3557403.jpg,102,generic,"{""dataset_item_id"": 3557403}",True,2026-06-07 15:13:55,2026-06-07 15:13:55
3562796,2030976,Remote Control Sports Car (ID 3562796),High-quality Remote Control Sports Car from the Toys & Games catalog. Serialized product ID: 3562796.,11.31,https://images.example.com/products/3562796.jpg,101,generic,"{""dataset_item_id"": 3562796}",True,2026-06-07 15:13:55,2026-06-07 15:13:55
3605657,1859277,Heavy-Duty Resistance Bands (ID 3605657),High-quality Heavy-Duty Resistance Bands from the Sports Equipment catalog. Serialized product ID: 3605657.,13.76,https://images.example.com/products/3605657.jpg,101,generic,"{""dataset_item_id"": 3605657}",True,2026-06-07 15:13:55,2026-06-07 15:13:55
3612554,1265358,Sport Sandals (ID 3612554),High-quality Sport Sandals from the Shoes catalog. Serialized product ID: 3612554.,121.9,https://images.example.com/products/3612554.jpg,102,generic,"{""dataset_item_id"": 3612554}",True,2026-06-07 15:13:55,2026-06-07 15:13:55
3616789,2994558,Sport Sandals (ID 3616789),High-quality Sport Sandals from the Shoes catalog. Serialized product ID: 3616789.,129.29,https://images.example.com/products/3616789.jpg,103,generic,"{""dataset_item_id"": 3616789}",True,2026-06-07 15:13:55,2026-06-07 15:13:55
3631897,4048584,Matte Red Lipstick (ID 3631897),High-quality Matte Red Lipstick from the Cosmetics catalog. Serialized product ID: 3631897.,10.64,https://images.example.com/products/3631897.jpg,103,generic,"{""dataset_item_id"": 3631897}",True,2026-06-07 15:13:55,2026-06-07 15:13:55
3637528,4756105,Premium Arabica Coffee Beans (ID 3637528),High-quality Premium Arabica Coffee Beans from the Food & Groceries catalog. Serialized product ID: 3637528.,57.8,https://images.example.com/products/3637528.jpg,103,generic,"{""dataset_item_id"": 3637528}",True,2026-06-07 15:13:55,2026-06-07 15:13:55
3645147,4589142,Clean Code Reference Book (ID 3645147),High-quality Clean Code Reference Book from the Books catalog. Serialized product ID: 3645147.,12.67,https://images.example.com/products/3645147.jpg,102,generic,"{""dataset_item_id"": 3645147}",True,2026-06-07 15:13:55,2026-06-07 15:13:55
3649902,3738615,Dark Chocolate Bar 80% (ID 3649902),High-quality Dark Chocolate Bar 80% from the Food & Groceries catalog. Serialized product ID: 3649902.,87.12,https://images.example.com/products/3649902.jpg,102,generic,"{""dataset_item_id"": 3649902}",True,2026-06-07 15:13:55,2026-06-07 15:13:55
3656335,1061857,Adjustable Dumbbell Set (ID 3656335),High-quality Adjustable Dumbbell Set from the Sports Equipment catalog. Serialized product ID: 3656335.,86.6,https://images.example.com/products/3656335.jpg,103,generic,"{""dataset_item_id"": 3656335}",True,2026-06-07 15:13:55,2026-06-07 15:13:55
3660992,1169503,Three-Seater Velvet Sofa (ID 3660992),High-quality Three-Seater Velvet Sofa from the Furniture catalog. Serialized product ID: 3660992.,101.56,https://images.example.com/products/3660992.jpg,102,generic,"{""dataset_item_id"": 3660992}",True,2026-06-07 15:13:55,2026-06-07 15:13:55
3661621,1689624,Organic SPF50 Sunscreen (ID 3661621),High-quality Organic SPF50 Sunscreen from the Cosmetics catalog. Serialized product ID: 3661621.,61.44,https://images.example.com/products/3661621.jpg,102,generic,"{""dataset_item_id"": 3661621}",True,2026-06-07 15:13:55,2026-06-07 15:13:55
3664433,2737340,Smartwatch Elite (ID 3664433),High-quality Smartwatch Elite from the Electronics catalog. Serialized product ID: 3664433.,193.14,https://images.example.com/products/3664433.jpg,103,generic,"{""dataset_item_id"": 3664433}",True,2026-06-07 15:13:55,2026-06-07 15:13:55
3668317,3369736,Strategy Board Game (ID 3668317),High-quality Strategy Board Game from the Toys & Games catalog. Serialized product ID: 3668317.,25.0,https://images.example.com/products/3668317.jpg,103,generic,"{""dataset_item_id"": 3668317}",True,2026-06-07 15:13:55,2026-06-07 15:13:55
3670376,2945933,Minimalist Wooden Desk (ID 3670376),High-quality Minimalist Wooden Desk from the Furniture catalog. Serialized product ID: 3670376.,282.04,https://images.example.com/products/3670376.jpg,101,generic,"{""dataset_item_id"": 3670376}",True,2026-06-07 15:13:55,2026-06-07 15:13:55
3674544,3975787,Smart Jump Rope (ID 3674544),High-quality Smart Jump Rope from the Sports Equipment catalog. Serialized product ID: 3674544.,37.91,https://images.example.com/products/3674544.jpg,103,generic,"{""dataset_item_id"": 3674544}",True,2026-06-07 15:13:55,2026-06-07 15:13:55
3685265,1029459,Sterling Silver Necklace (ID 3685265),High-quality Sterling Silver Necklace from the Jewelry & Accessories catalog. Serialized product ID: 3685265.,39.55,https://images.example.com/products/3685265.jpg,102,generic,"{""dataset_item_id"": 3685265}",True,2026-06-07 15:13:55,2026-06-07 15:13:55
3692127,2228184,Matte Red Lipstick (ID 3692127),High-quality Matte Red Lipstick from the Cosmetics catalog. Serialized product ID: 3692127.,58.97,https://images.example.com/products/3692127.jpg,102,generic,"{""dataset_item_id"": 3692127}",True,2026-06-07 15:13:55,2026-06-07 15:13:55
3702766,2684959,Classic Leather Wallet (ID 3702766),High-quality Classic Leather Wallet from the Jewelry & Accessories catalog. Serialized product ID: 3702766.,84.44,https://images.example.com/products/3702766.jpg,103,generic,"{""dataset_item_id"": 3702766}",True,2026-06-07 15:13:55,2026-06-07 15:13:55
3713574,4756105,Natural Honey Jar (ID 3713574),High-quality Natural Honey Jar from the Food & Groceries catalog. Serialized product ID: 3713574.,62.68,https://images.example.com/products/3713574.jpg,103,generic,"{""dataset_item_id"": 3713574}",True,2026-06-07 15:13:55,2026-06-07 15:13:55
3728619,2165636,Plush Toy Bear (ID 3728619),High-quality Plush Toy Bear from the Toys & Games catalog. Serialized product ID: 3728619.,57.33,https://images.example.com/products/3728619.jpg,103,generic,"{""dataset_item_id"": 3728619}",True,2026-06-07 15:13:55,2026-06-07 15:13:55
3730396,3378887,Anti-Slip Yoga Mat (ID 3730396),High-quality Anti-Slip Yoga Mat from the Sports Equipment catalog. Serialized product ID: 3730396.,92.33,https://images.example.com/products/3730396.jpg,103,generic,"{""dataset_item_id"": 3730396}",True,2026-06-07 15:13:55,2026-06-07 15:13:55
3733357,1051370,Laptop Pro (ID 3733357),High-quality Laptop Pro from the Electronics catalog. Serialized product ID: 3733357.,340.44,https://images.example.com/products/3733357.jpg,101,generic,"{""dataset_item_id"": 3733357}",True,2026-06-07 15:13:55,2026-06-07 15:13:55
3741352,4969568,Casual Canvas Sneakers (ID 3741352),High-quality Casual Canvas Sneakers from the Shoes catalog. Serialized product ID: 3741352.,70.06,https://images.example.com/products/3741352.jpg,102,generic,"{""dataset_item_id"": 3741352}",True,2026-06-07 15:13:55,2026-06-07 15:13:55
3741680,360294,Hydrating Face Moisturizer (ID 3741680),High-quality Hydrating Face Moisturizer from the Cosmetics catalog. Serialized product ID: 3741680.,91.62,https://images.example.com/products/3741680.jpg,102,generic,"{""dataset_item_id"": 3741680}",True,2026-06-07 15:13:55,2026-06-07 15:13:55
3754986,3865465,Extra Virgin Olive Oil (ID 3754986),High-quality Extra Virgin Olive Oil from the Food & Groceries catalog. Serialized product ID: 3754986.,5.57,https://images.example.com/products/3754986.jpg,101,generic,"{""dataset_item_id"": 3754986}",True,2026-06-07 15:13:55,2026-06-07 15:13:55
3764250,4170419,Sterling Silver Necklace (ID 3764250),High-quality Sterling Silver Necklace from the Jewelry & Accessories catalog. Serialized product ID: 3764250.,58.23,https://images.example.com/products/3764250.jpg,102,generic,"{""dataset_item_id"": 3764250}",True,2026-06-07 15:13:55,2026-06-07 15:13:55
3768502,4339722,Clean Code Reference Book (ID 3768502),High-quality Clean Code Reference Book from the Books catalog. Serialized product ID: 3768502.,11.09,https://images.example.com/products/3768502.jpg,103,generic,"{""dataset_item_id"": 3768502}",True,2026-06-07 15:13:55,2026-06-07 15:13:55
3769173,982926,Building Blocks Set (ID 3769173),High-quality Building Blocks Set from the Toys & Games catalog. Serialized product ID: 3769173.,64.52,https://images.example.com/products/3769173.jpg,101,generic,"{""dataset_item_id"": 3769173}",True,2026-06-07 15:13:55,2026-06-07 15:13:55
3770731,4069500,Laptop Pro (ID 3770731),High-quality Laptop Pro from the Electronics catalog. Serialized product ID: 3770731.,182.49,https://images.example.com/products/3770731.jpg,103,generic,"{""dataset_item_id"": 3770731}",True,2026-06-07 15:13:55,2026-06-07 15:13:55
3771578,85955,Premium Arabica Coffee Beans (ID 3771578),High-quality Premium Arabica Coffee Beans from the Food & Groceries catalog. Serialized product ID: 3771578.,25.22,https://images.example.com/products/3771578.jpg,102,generic,"{""dataset_item_id"": 3771578}",True,2026-06-07 15:13:55,2026-06-07 15:13:55
3788016,4145813,Minimalist Wooden Desk (ID 3788016),High-quality Minimalist Wooden Desk from the Furniture catalog. Serialized product ID: 3788016.,270.08,https://images.example.com/products/3788016.jpg,101,generic,"{""dataset_item_id"": 3788016}",True,2026-06-07 15:13:55,2026-06-07 15:13:55
3792683,2221749,Premium Sunglasses (ID 3792683),High-quality Premium Sunglasses from the Jewelry & Accessories catalog. Serialized product ID: 3792683.,39.78,https://images.example.com/products/3792683.jpg,103,generic,"{""dataset_item_id"": 3792683}",True,2026-06-07 15:13:55,2026-06-07 15:13:55
3810457,2520377,Heavy-Duty Resistance Bands (ID 3810457),High-quality Heavy-Duty Resistance Bands from the Sports Equipment catalog. Serialized product ID: 3810457.,35.49,https://images.example.com/products/3810457.jpg,103,generic,"{""dataset_item_id"": 3810457}",True,2026-06-07 15:13:55,2026-06-07 15:13:55
3815973,4339722,Learning Python Development (ID 3815973),High-quality Learning Python Development from the Books catalog. Serialized product ID: 3815973.,26.89,https://images.example.com/products/3815973.jpg,101,generic,"{""dataset_item_id"": 3815973}",True,2026-06-07 15:13:55,2026-06-07 15:13:55
3823579,3158249,Gold Plated Ring (ID 3823579),High-quality Gold Plated Ring from the Jewelry & Accessories catalog. Serialized product ID: 3823579.,19.62,https://images.example.com/products/3823579.jpg,103,generic,"{""dataset_item_id"": 3823579}",True,2026-06-07 15:13:55,2026-06-07 15:13:55
3828201,4069500,Bluetooth Speaker (ID 3828201),High-quality Bluetooth Speaker from the Electronics catalog. Serialized product ID: 3828201.,144.74,https://images.example.com/products/3828201.jpg,101,generic,"{""dataset_item_id"": 3828201}",True,2026-06-07 15:13:55,2026-06-07 15:13:55
3841346,154040,Noise Cancelling Headphone (ID 3841346),High-quality Noise Cancelling Headphone from the Electronics catalog. Serialized product ID: 3841346.,344.62,https://images.example.com/products/3841346.jpg,103,generic,"{""dataset_item_id"": 3841346}",True,2026-06-07 15:13:55,2026-06-07 15:13:55
3844686,4581579,Classic Leather Wallet (ID 3844686),High-quality Classic Leather Wallet from the Jewelry & Accessories catalog. Serialized product ID: 3844686.,44.86,https://images.example.com/products/3844686.jpg,103,generic,"{""dataset_item_id"": 3844686}",True,2026-06-07 15:13:55,2026-06-07 15:13:55
3846692,4882154,Matte Red Lipstick (ID 3846692),High-quality Matte Red Lipstick from the Cosmetics catalog. Serialized product ID: 3846692.,46.55,https://images.example.com/products/3846692.jpg,102,generic,"{""dataset_item_id"": 3846692}",True,2026-06-07 15:13:55,2026-06-07 15:13:55
3855288,1004392,Learning Python Development (ID 3855288),High-quality Learning Python Development from the Books catalog. Serialized product ID: 3855288.,15.47,https://images.example.com/products/3855288.jpg,103,generic,"{""dataset_item_id"": 3855288}",True,2026-06-07 15:13:55,2026-06-07 15:13:55
3865393,2247880,Laptop Pro (ID 3865393),High-quality Laptop Pro from the Electronics catalog. Serialized product ID: 3865393.,202.32,https://images.example.com/products/3865393.jpg,102,generic,"{""dataset_item_id"": 3865393}",True,2026-06-07 15:13:55,2026-06-07 15:13:55
3880607,570735,Dark Chocolate Bar 80% (ID 3880607),High-quality Dark Chocolate Bar 80% from the Food & Groceries catalog. Serialized product ID: 3880607.,15.42,https://images.example.com/products/3880607.jpg,103,generic,"{""dataset_item_id"": 3880607}",True,2026-06-07 15:13:55,2026-06-07 15:13:55
3890502,1080785,Dark Chocolate Bar 80% (ID 3890502),High-quality Dark Chocolate Bar 80% from the Food & Groceries catalog. Serialized product ID: 3890502.,68.78,https://images.example.com/products/3890502.jpg,102,generic,"{""dataset_item_id"": 3890502}",True,2026-06-07 15:13:55,2026-06-07 15:13:55
3891320,4602841,Classic Cotton T-Shirt (ID 3891320),High-quality Classic Cotton T-Shirt from the Clothing catalog. Serialized product ID: 3891320.,48.72,https://images.example.com/products/3891320.jpg,102,generic,"{""dataset_item_id"": 3891320}",True,2026-06-07 15:13:55,2026-06-07 15:13:55
3893803,929749,Premium Sunglasses (ID 3893803),High-quality Premium Sunglasses from the Jewelry & Accessories catalog. Serialized product ID: 3893803.,9.27,https://images.example.com/products/3893803.jpg,102,generic,"{""dataset_item_id"": 3893803}",True,2026-06-07 15:13:55,2026-06-07 15:13:55
3897452,1622413,Three-Seater Velvet Sofa (ID 3897452),High-quality Three-Seater Velvet Sofa from the Furniture catalog. Serialized product ID: 3897452.,492.48,https://images.example.com/products/3897452.jpg,101,generic,"{""dataset_item_id"": 3897452}",True,2026-06-07 15:13:55,2026-06-07 15:13:55
3915717,2217187,Heavy-Duty Resistance Bands (ID 3915717),High-quality Heavy-Duty Resistance Bands from the Sports Equipment catalog. Serialized product ID: 3915717.,5.72,https://images.example.com/products/3915717.jpg,102,generic,"{""dataset_item_id"": 3915717}",True,2026-06-07 15:13:55,2026-06-07 15:13:55
3924907,411153,Three-Seater Velvet Sofa (ID 3924907),High-quality Three-Seater Velvet Sofa from the Furniture catalog. Serialized product ID: 3924907.,476.09,https://images.example.com/products/3924907.jpg,101,generic,"{""dataset_item_id"": 3924907}",True,2026-06-07 15:13:55,2026-06-07 15:13:55
3930186,2355072,The Great Gatsby (ID 3930186),High-quality The Great Gatsby from the Books catalog. Serialized product ID: 3930186.,31.92,https://images.example.com/products/3930186.jpg,102,generic,"{""dataset_item_id"": 3930186}",True,2026-06-07 15:13:55,2026-06-07 15:13:55
3933544,4069500,Tablet Air (ID 3933544),High-quality Tablet Air from the Electronics catalog. Serialized product ID: 3933544.,394.98,https://images.example.com/products/3933544.jpg,101,generic,"{""dataset_item_id"": 3933544}",True,2026-06-07 15:13:55,2026-06-07 15:13:55
3936676,4563628,Formal Leather Shoes (ID 3936676),High-quality Formal Leather Shoes from the Shoes catalog. Serialized product ID: 3936676.,94.71,https://images.example.com/products/3936676.jpg,102,generic,"{""dataset_item_id"": 3936676}",True,2026-06-07 15:13:55,2026-06-07 15:13:55
3942025,4956748,Running Shoes Comfort (ID 3942025),High-quality Running Shoes Comfort from the Shoes catalog. Serialized product ID: 3942025.,59.33,https://images.example.com/products/3942025.jpg,102,generic,"{""dataset_item_id"": 3942025}",True,2026-06-07 15:13:55,2026-06-07 15:13:55
3945615,1879194,Hydrating Face Moisturizer (ID 3945615),High-quality Hydrating Face Moisturizer from the Cosmetics catalog. Serialized product ID: 3945615.,55.06,https://images.example.com/products/3945615.jpg,101,generic,"{""dataset_item_id"": 3945615}",True,2026-06-07 15:13:55,2026-06-07 15:13:55
3961311,4145813,Minimalist Wooden Desk (ID 3961311),High-quality Minimalist Wooden Desk from the Furniture catalog. Serialized product ID: 3961311.,289.61,https://images.example.com/products/3961311.jpg,103,generic,"{""dataset_item_id"": 3961311}",True,2026-06-07 15:13:55,2026-06-07 15:13:55
3976381,1474371,Slim Fit Denim Jeans (ID 3976381),High-quality Slim Fit Denim Jeans from the Clothing catalog. Serialized product ID: 3976381.,66.6,https://images.example.com/products/3976381.jpg,101,generic,"{""dataset_item_id"": 3976381}",True,2026-06-07 15:13:55,2026-06-07 15:13:55
3979564,137459,Gold Plated Ring (ID 3979564),High-quality Gold Plated Ring from the Jewelry & Accessories catalog. Serialized product ID: 3979564.,42.32,https://images.example.com/products/3979564.jpg,103,generic,"{""dataset_item_id"": 3979564}",True,2026-06-07 15:13:55,2026-06-07 15:13:55
3980381,2030976,Remote Control Sports Car (ID 3980381),High-quality Remote Control Sports Car from the Toys & Games catalog. Serialized product ID: 3980381.,8.98,https://images.example.com/products/3980381.jpg,101,generic,"{""dataset_item_id"": 3980381}",True,2026-06-07 15:13:55,2026-06-07 15:13:55
3982661,570735,Extra Virgin Olive Oil (ID 3982661),High-quality Extra Virgin Olive Oil from the Food & Groceries catalog. Serialized product ID: 3982661.,48.22,https://images.example.com/products/3982661.jpg,101,generic,"{""dataset_item_id"": 3982661}",True,2026-06-07 15:13:55,2026-06-07 15:13:55
3990990,4756105,Organic Granola Oats (ID 3990990),High-quality Organic Granola Oats from the Food & Groceries catalog. Serialized product ID: 3990990.,86.04,https://images.example.com/products/3990990.jpg,103,generic,"{""dataset_item_id"": 3990990}",True,2026-06-07 15:13:55,2026-06-07 15:13:55
3999452,2520771,Winter Woolen Sweater (ID 3999452),High-quality Winter Woolen Sweater from the Clothing catalog. Serialized product ID: 3999452.,42.47,https://images.example.com/products/3999452.jpg,102,generic,"{""dataset_item_id"": 3999452}",True,2026-06-07 15:13:55,2026-06-07 15:13:55
4005583,846990,Laptop Pro (ID 4005583),High-quality Laptop Pro from the Electronics catalog. Serialized product ID: 4005583.,737.84,https://images.example.com/products/4005583.jpg,102,generic,"{""dataset_item_id"": 4005583}",True,2026-06-07 15:13:55,2026-06-07 15:13:55
4017832,4145813,Three-Seater Velvet Sofa (ID 4017832),High-quality Three-Seater Velvet Sofa from the Furniture catalog. Serialized product ID: 4017832.,201.31,https://images.example.com/products/4017832.jpg,102,generic,"{""dataset_item_id"": 4017832}",True,2026-06-07 15:13:55,2026-06-07 15:13:55
4020971,1689624,Organic SPF50 Sunscreen (ID 4020971),High-quality Organic SPF50 Sunscreen from the Cosmetics catalog. Serialized product ID: 4020971.,6.96,https://images.example.com/products/4020971.jpg,102,generic,"{""dataset_item_id"": 4020971}",True,2026-06-07 15:13:55,2026-06-07 15:13:55
4025544,753984,Gentle Cleansing Foam (ID 4025544),High-quality Gentle Cleansing Foam from the Cosmetics catalog. Serialized product ID: 4025544.,21.16,https://images.example.com/products/4025544.jpg,103,generic,"{""dataset_item_id"": 4025544}",True,2026-06-07 15:13:55,2026-06-07 15:13:55
4028523,2640118,Warm Winter Boots (ID 4028523),High-quality Warm Winter Boots from the Shoes catalog. Serialized product ID: 4028523.,90.61,https://images.example.com/products/4028523.jpg,103,generic,"{""dataset_item_id"": 4028523}",True,2026-06-07 15:13:55,2026-06-07 15:13:55
4054448,2304296,Building Blocks Set (ID 4054448),High-quality Building Blocks Set from the Toys & Games catalog. Serialized product ID: 4054448.,91.46,https://images.example.com/products/4054448.jpg,101,generic,"{""dataset_item_id"": 4054448}",True,2026-06-07 15:13:55,2026-06-07 15:13:55
4056188,2640118,Warm Winter Boots (ID 4056188),High-quality Warm Winter Boots from the Shoes catalog. Serialized product ID: 4056188.,88.04,https://images.example.com/products/4056188.jpg,101,generic,"{""dataset_item_id"": 4056188}",True,2026-06-07 15:13:55,2026-06-07 15:13:55
4057657,1451814,Matte Red Lipstick (ID 4057657),High-quality Matte Red Lipstick from the Cosmetics catalog. Serialized product ID: 4057657.,27.87,https://images.example.com/products/4057657.jpg,103,generic,"{""dataset_item_id"": 4057657}",True,2026-06-07 15:13:55,2026-06-07 15:13:55
4058123,360294,Vitamin C Face Serum (ID 4058123),High-quality Vitamin C Face Serum from the Cosmetics catalog. Serialized product ID: 4058123.,42.64,https://images.example.com/products/4058123.jpg,101,generic,"{""dataset_item_id"": 4058123}",True,2026-06-07 15:13:55,2026-06-07 15:13:55
4061696,982926,Remote Control Sports Car (ID 4061696),High-quality Remote Control Sports Car from the Toys & Games catalog. Serialized product ID: 4061696.,42.2,https://images.example.com/products/4061696.jpg,102,generic,"{""dataset_item_id"": 4061696}",True,2026-06-07 15:13:55,2026-06-07 15:13:55
4075754,749692,Mindset Shift Audiobook (ID 4075754),High-quality Mindset Shift Audiobook from the Books catalog. Serialized product ID: 4075754.,31.37,https://images.example.com/products/4075754.jpg,101,generic,"{""dataset_item_id"": 4075754}",True,2026-06-07 15:13:55,2026-06-07 15:13:55
4091349,3607361,Casual Fleece Hoodie (ID 4091349),High-quality Casual Fleece Hoodie from the Clothing catalog. Serialized product ID: 4091349.,36.32,https://images.example.com/products/4091349.jpg,101,generic,"{""dataset_item_id"": 4091349}",True,2026-06-07 15:13:55,2026-06-07 15:13:55
4092237,411153,Three-Seater Velvet Sofa (ID 4092237),High-quality Three-Seater Velvet Sofa from the Furniture catalog. Serialized product ID: 4092237.,112.0,https://images.example.com/products/4092237.jpg,103,generic,"{""dataset_item_id"": 4092237}",True,2026-06-07 15:13:55,2026-06-07 15:13:55
4092373,982926,Building Blocks Set (ID 4092373),High-quality Building Blocks Set from the Toys & Games catalog. Serialized product ID: 4092373.,15.72,https://images.example.com/products/4092373.jpg,103,generic,"{""dataset_item_id"": 4092373}",True,2026-06-07 15:13:55,2026-06-07 15:13:55
4095210,4331400,Smartphone (ID 4095210),High-quality Smartphone from the Electronics catalog. Serialized product ID: 4095210.,274.32,https://images.example.com/products/4095210.jpg,102,generic,"{""dataset_item_id"": 4095210}",True,2026-06-07 15:13:55,2026-06-07 15:13:55
4102262,4130426,Strategy Board Game (ID 4102262),High-quality Strategy Board Game from the Toys & Games catalog. Serialized product ID: 4102262.,38.0,https://images.example.com/products/4102262.jpg,103,generic,"{""dataset_item_id"": 4102262}",True,2026-06-07 15:13:55,2026-06-07 15:13:55
4107216,149192,The Great Gatsby (ID 4107216),High-quality The Great Gatsby from the Books catalog. Serialized product ID: 4107216.,33.45,https://images.example.com/products/4107216.jpg,101,generic,"{""dataset_item_id"": 4107216}",True,2026-06-07 15:13:55,2026-06-07 15:13:55
4109821,2558244,Organic SPF50 Sunscreen (ID 4109821),High-quality Organic SPF50 Sunscreen from the Cosmetics catalog. Serialized product ID: 4109821.,14.66,https://images.example.com/products/4109821.jpg,102,generic,"{""dataset_item_id"": 4109821}",True,2026-06-07 15:13:55,2026-06-07 15:13:55
4112244,3747017,Smart Jump Rope (ID 4112244),High-quality Smart Jump Rope from the Sports Equipment catalog. Serialized product ID: 4112244.,23.54,https://images.example.com/products/4112244.jpg,103,generic,"{""dataset_item_id"": 4112244}",True,2026-06-07 15:13:55,2026-06-07 15:13:55
4116854,2465336,Plush Toy Bear (ID 4116854),High-quality Plush Toy Bear from the Toys & Games catalog. Serialized product ID: 4116854.,19.37,https://images.example.com/products/4116854.jpg,103,generic,"{""dataset_item_id"": 4116854}",True,2026-06-07 15:13:55,2026-06-07 15:13:55
4119899,1414911,Casual Fleece Hoodie (ID 4119899),High-quality Casual Fleece Hoodie from the Clothing catalog. Serialized product ID: 4119899.,19.82,https://images.example.com/products/4119899.jpg,103,generic,"{""dataset_item_id"": 4119899}",True,2026-06-07 15:13:55,2026-06-07 15:13:55
4120712,882707,Heavy-Duty Resistance Bands (ID 4120712),High-quality Heavy-Duty Resistance Bands from the Sports Equipment catalog. Serialized product ID: 4120712.,51.45,https://images.example.com/products/4120712.jpg,103,generic,"{""dataset_item_id"": 4120712}",True,2026-06-07 15:13:55,2026-06-07 15:13:55
4122831,1419417,Anti-Slip Yoga Mat (ID 4122831),High-quality Anti-Slip Yoga Mat from the Sports Equipment catalog. Serialized product ID: 4122831.,76.43,https://images.example.com/products/4122831.jpg,102,generic,"{""dataset_item_id"": 4122831}",True,2026-06-07 15:13:55,2026-06-07 15:13:55
4124021,3607361,Slim Fit Denim Jeans (ID 4124021),High-quality Slim Fit Denim Jeans from the Clothing catalog. Serialized product ID: 4124021.,58.59,https://images.example.com/products/4124021.jpg,103,generic,"{""dataset_item_id"": 4124021}",True,2026-06-07 15:13:55,2026-06-07 15:13:55
4129713,4069500,Bluetooth Speaker (ID 4129713),High-quality Bluetooth Speaker from the Electronics catalog. Serialized product ID: 4129713.,678.05,https://images.example.com/products/4129713.jpg,103,generic,"{""dataset_item_id"": 4129713}",True,2026-06-07 15:13:55,2026-06-07 15:13:55
4132140,4801426,1000-Piece Jigsaw Puzzle (ID 4132140),High-quality 1000-Piece Jigsaw Puzzle from the Toys & Games catalog. Serialized product ID: 4132140.,35.38,https://images.example.com/products/4132140.jpg,103,generic,"{""dataset_item_id"": 4132140}",True,2026-06-07 15:13:55,2026-06-07 15:13:55
4133976,3425094,Organic SPF50 Sunscreen (ID 4133976),High-quality Organic SPF50 Sunscreen from the Cosmetics catalog. Serialized product ID: 4133976.,34.72,https://images.example.com/products/4133976.jpg,102,generic,"{""dataset_item_id"": 4133976}",True,2026-06-07 15:13:55,2026-06-07 15:13:55
4138728,3898483,Modern Coffee Table (ID 4138728),High-quality Modern Coffee Table from the Furniture catalog. Serialized product ID: 4138728.,108.61,https://images.example.com/products/4138728.jpg,102,generic,"{""dataset_item_id"": 4138728}",True,2026-06-07 15:13:55,2026-06-07 15:13:55
4146414,4719814,Gentle Cleansing Foam (ID 4146414),High-quality Gentle Cleansing Foam from the Cosmetics catalog. Serialized product ID: 4146414.,64.35,https://images.example.com/products/4146414.jpg,102,generic,"{""dataset_item_id"": 4146414}",True,2026-06-07 15:13:55,2026-06-07 15:13:55
4146835,2217187,Adjustable Dumbbell Set (ID 4146835),High-quality Adjustable Dumbbell Set from the Sports Equipment catalog. Serialized product ID: 4146835.,60.59,https://images.example.com/products/4146835.jpg,102,generic,"{""dataset_item_id"": 4146835}",True,2026-06-07 15:13:55,2026-06-07 15:13:55
4153860,4801426,1000-Piece Jigsaw Puzzle (ID 4153860),High-quality 1000-Piece Jigsaw Puzzle from the Toys & Games catalog. Serialized product ID: 4153860.,52.69,https://images.example.com/products/4153860.jpg,102,generic,"{""dataset_item_id"": 4153860}",True,2026-06-07 15:13:55,2026-06-07 15:13:55
4162768,1320293,Modern Coffee Table (ID 4162768),High-quality Modern Coffee Table from the Furniture catalog. Serialized product ID: 4162768.,273.47,https://images.example.com/products/4162768.jpg,101,generic,"{""dataset_item_id"": 4162768}",True,2026-06-07 15:13:55,2026-06-07 15:13:55
4163600,1320293,Ergonomic Office Chair (ID 4163600),High-quality Ergonomic Office Chair from the Furniture catalog. Serialized product ID: 4163600.,103.84,https://images.example.com/products/4163600.jpg,102,generic,"{""dataset_item_id"": 4163600}",True,2026-06-07 15:13:55,2026-06-07 15:13:55
4163794,2433095,Natural Honey Jar (ID 4163794),High-quality Natural Honey Jar from the Food & Groceries catalog. Serialized product ID: 4163794.,12.21,https://images.example.com/products/4163794.jpg,101,generic,"{""dataset_item_id"": 4163794}",True,2026-06-07 15:13:55,2026-06-07 15:13:55
4166159,2892802,Mindset Shift Audiobook (ID 4166159),High-quality Mindset Shift Audiobook from the Books catalog. Serialized product ID: 4166159.,27.45,https://images.example.com/products/4166159.jpg,103,generic,"{""dataset_item_id"": 4166159}",True,2026-06-07 15:13:55,2026-06-07 15:13:55
4172446,3975787,Anti-Slip Yoga Mat (ID 4172446),High-quality Anti-Slip Yoga Mat from the Sports Equipment catalog. Serialized product ID: 4172446.,41.14,https://images.example.com/products/4172446.jpg,103,generic,"{""dataset_item_id"": 4172446}",True,2026-06-07 15:13:55,2026-06-07 15:13:55
4174405,1595193,Ergonomic Office Chair (ID 4174405),High-quality Ergonomic Office Chair from the Furniture catalog. Serialized product ID: 4174405.,312.26,https://images.example.com/products/4174405.jpg,103,generic,"{""dataset_item_id"": 4174405}",True,2026-06-07 15:13:55,2026-06-07 15:13:55
4176986,119741,Slim Fit Denim Jeans (ID 4176986),High-quality Slim Fit Denim Jeans from the Clothing catalog. Serialized product ID: 4176986.,72.34,https://images.example.com/products/4176986.jpg,102,generic,"{""dataset_item_id"": 4176986}",True,2026-06-07 15:13:55,2026-06-07 15:13:55
4197294,4662072,Mindset Shift Audiobook (ID 4197294),High-quality Mindset Shift Audiobook from the Books catalog. Serialized product ID: 4197294.,36.27,https://images.example.com/products/4197294.jpg,103,generic,"{""dataset_item_id"": 4197294}",True,2026-06-07 15:13:55,2026-06-07 15:13:55
4203564,285583,Adjustable Standing Desk (ID 4203564),High-quality Adjustable Standing Desk from the Furniture catalog. Serialized product ID: 4203564.,353.12,https://images.example.com/products/4203564.jpg,102,generic,"{""dataset_item_id"": 4203564}",True,2026-06-07 15:13:55,2026-06-07 15:13:55
4211339,4756105,Natural Honey Jar (ID 4211339),High-quality Natural Honey Jar from the Food & Groceries catalog. Serialized product ID: 4211339.,61.87,https://images.example.com/products/4211339.jpg,103,generic,"{""dataset_item_id"": 4211339}",True,2026-06-07 15:13:55,2026-06-07 15:13:55
4219318,4558987,Waterproof Sports Backpack (ID 4219318),High-quality Waterproof Sports Backpack from the Sports Equipment catalog. Serialized product ID: 4219318.,19.18,https://images.example.com/products/4219318.jpg,101,generic,"{""dataset_item_id"": 4219318}",True,2026-06-07 15:13:55,2026-06-07 15:13:55
4221248,2579035,Premium Arabica Coffee Beans (ID 4221248),High-quality Premium Arabica Coffee Beans from the Food & Groceries catalog. Serialized product ID: 4221248.,47.35,https://images.example.com/products/4221248.jpg,102,generic,"{""dataset_item_id"": 4221248}",True,2026-06-07 15:13:55,2026-06-07 15:13:55
4222164,3598912,Mindset Shift Audiobook (ID 4222164),High-quality Mindset Shift Audiobook from the Books catalog. Serialized product ID: 4222164.,38.47,https://images.example.com/products/4222164.jpg,101,generic,"{""dataset_item_id"": 4222164}",True,2026-06-07 15:13:55,2026-06-07 15:13:55
4234760,4601757,Adjustable Dumbbell Set (ID 4234760),High-quality Adjustable Dumbbell Set from the Sports Equipment catalog. Serialized product ID: 4234760.,52.43,https://images.example.com/products/4234760.jpg,101,generic,"{""dataset_item_id"": 4234760}",True,2026-06-07 15:13:55,2026-06-07 15:13:55
4238977,3338209,Anti-Blue Light Glasses (ID 4238977),High-quality Anti-Blue Light Glasses from the Jewelry & Accessories catalog. Serialized product ID: 4238977.,8.68,https://images.example.com/products/4238977.jpg,103,generic,"{""dataset_item_id"": 4238977}",True,2026-06-07 15:13:55,2026-06-07 15:13:55
4243843,1948588,Warm Winter Boots (ID 4243843),High-quality Warm Winter Boots from the Shoes catalog. Serialized product ID: 4243843.,88.15,https://images.example.com/products/4243843.jpg,102,generic,"{""dataset_item_id"": 4243843}",True,2026-06-07 15:13:55,2026-06-07 15:13:55
4247846,1646753,Minimalist Wooden Desk (ID 4247846),High-quality Minimalist Wooden Desk from the Furniture catalog. Serialized product ID: 4247846.,299.58,https://images.example.com/products/4247846.jpg,103,generic,"{""dataset_item_id"": 4247846}",True,2026-06-07 15:13:55,2026-06-07 15:13:55
4252236,3880463,Minimalist Wooden Desk (ID 4252236),High-quality Minimalist Wooden Desk from the Furniture catalog. Serialized product ID: 4252236.,146.51,https://images.example.com/products/4252236.jpg,102,generic,"{""dataset_item_id"": 4252236}",True,2026-06-07 15:13:55,2026-06-07 15:13:55
4257870,3351726,1000-Piece Jigsaw Puzzle (ID 4257870),High-quality 1000-Piece Jigsaw Puzzle from the Toys & Games catalog. Serialized product ID: 4257870.,91.29,https://images.example.com/products/4257870.jpg,102,generic,"{""dataset_item_id"": 4257870}",True,2026-06-07 15:13:55,2026-06-07 15:13:55
4258357,3844144,Matte Red Lipstick (ID 4258357),High-quality Matte Red Lipstick from the Cosmetics catalog. Serialized product ID: 4258357.,43.42,https://images.example.com/products/4258357.jpg,102,generic,"{""dataset_item_id"": 4258357}",True,2026-06-07 15:13:55,2026-06-07 15:13:55
4275288,2558244,Vitamin C Face Serum (ID 4275288),High-quality Vitamin C Face Serum from the Cosmetics catalog. Serialized product ID: 4275288.,68.82,https://images.example.com/products/4275288.jpg,101,generic,"{""dataset_item_id"": 4275288}",True,2026-06-07 15:13:55,2026-06-07 15:13:55
4277622,553365,Dark Chocolate Bar 80% (ID 4277622),High-quality Dark Chocolate Bar 80% from the Food & Groceries catalog. Serialized product ID: 4277622.,79.19,https://images.example.com/products/4277622.jpg,103,generic,"{""dataset_item_id"": 4277622}",True,2026-06-07 15:13:55,2026-06-07 15:13:55
4280196,553365,Extra Virgin Olive Oil (ID 4280196),High-quality Extra Virgin Olive Oil from the Food & Groceries catalog. Serialized product ID: 4280196.,36.46,https://images.example.com/products/4280196.jpg,102,generic,"{""dataset_item_id"": 4280196}",True,2026-06-07 15:13:55,2026-06-07 15:13:55
4286624,1859277,Smart Jump Rope (ID 4286624),High-quality Smart Jump Rope from the Sports Equipment catalog. Serialized product ID: 4286624.,13.88,https://images.example.com/products/4286624.jpg,103,generic,"{""dataset_item_id"": 4286624}",True,2026-06-07 15:13:55,2026-06-07 15:13:55
4297249,4211233,Adjustable Standing Desk (ID 4297249),High-quality Adjustable Standing Desk from the Furniture catalog. Serialized product ID: 4297249.,241.97,https://images.example.com/products/4297249.jpg,102,generic,"{""dataset_item_id"": 4297249}",True,2026-06-07 15:13:55,2026-06-07 15:13:55
4309979,3794706,Plush Toy Bear (ID 4309979),High-quality Plush Toy Bear from the Toys & Games catalog. Serialized product ID: 4309979.,73.03,https://images.example.com/products/4309979.jpg,103,generic,"{""dataset_item_id"": 4309979}",True,2026-06-07 15:13:55,2026-06-07 15:13:55
4314127,5012555,Dark Chocolate Bar 80% (ID 4314127),High-quality Dark Chocolate Bar 80% from the Food & Groceries catalog. Serialized product ID: 4314127.,95.65,https://images.example.com/products/4314127.jpg,103,generic,"{""dataset_item_id"": 4314127}",True,2026-06-07 15:13:55,2026-06-07 15:13:55
4324807,3673049,Anti-Blue Light Glasses (ID 4324807),High-quality Anti-Blue Light Glasses from the Jewelry & Accessories catalog. Serialized product ID: 4324807.,87.09,https://images.example.com/products/4324807.jpg,102,generic,"{""dataset_item_id"": 4324807}",True,2026-06-07 15:13:55,2026-06-07 15:13:55
4329365,4818107,Adjustable Dumbbell Set (ID 4329365),High-quality Adjustable Dumbbell Set from the Sports Equipment catalog. Serialized product ID: 4329365.,12.66,https://images.example.com/products/4329365.jpg,103,generic,"{""dataset_item_id"": 4329365}",True,2026-06-07 15:13:55,2026-06-07 15:13:55
4333868,1151115,Premium Arabica Coffee Beans (ID 4333868),High-quality Premium Arabica Coffee Beans from the Food & Groceries catalog. Serialized product ID: 4333868.,18.29,https://images.example.com/products/4333868.jpg,102,generic,"{""dataset_item_id"": 4333868}",True,2026-06-07 15:13:55,2026-06-07 15:13:55
4334292,2640118,Casual Canvas Sneakers (ID 4334292),High-quality Casual Canvas Sneakers from the Shoes catalog. Serialized product ID: 4334292.,74.13,https://images.example.com/products/4334292.jpg,103,generic,"{""dataset_item_id"": 4334292}",True,2026-06-07 15:13:55,2026-06-07 15:13:55
4344847,545775,Dark Chocolate Bar 80% (ID 4344847),High-quality Dark Chocolate Bar 80% from the Food & Groceries catalog. Serialized product ID: 4344847.,70.66,https://images.example.com/products/4344847.jpg,102,generic,"{""dataset_item_id"": 4344847}",True,2026-06-07 15:13:55,2026-06-07 15:13:55
4347375,154040,Bluetooth Speaker (ID 4347375),High-quality Bluetooth Speaker from the Electronics catalog. Serialized product ID: 4347375.,215.93,https://images.example.com/products/4347375.jpg,103,generic,"{""dataset_item_id"": 4347375}",True,2026-06-07 15:13:55,2026-06-07 15:13:55
4347450,3002561,Classic Cotton T-Shirt (ID 4347450),High-quality Classic Cotton T-Shirt from the Clothing catalog. Serialized product ID: 4347450.,75.03,https://images.example.com/products/4347450.jpg,102,generic,"{""dataset_item_id"": 4347450}",True,2026-06-07 15:13:55,2026-06-07 15:13:55
4350170,1090997,Adjustable Dumbbell Set (ID 4350170),High-quality Adjustable Dumbbell Set from the Sports Equipment catalog. Serialized product ID: 4350170.,57.54,https://images.example.com/products/4350170.jpg,103,generic,"{""dataset_item_id"": 4350170}",True,2026-06-07 15:13:55,2026-06-07 15:13:55
4350284,4069500,Noise Cancelling Headphone (ID 4350284),High-quality Noise Cancelling Headphone from the Electronics catalog. Serialized product ID: 4350284.,811.7,https://images.example.com/products/4350284.jpg,101,generic,"{""dataset_item_id"": 4350284}",True,2026-06-07 15:13:55,2026-06-07 15:13:55
4363274,4632044,Gentle Cleansing Foam (ID 4363274),High-quality Gentle Cleansing Foam from the Cosmetics catalog. Serialized product ID: 4363274.,67.99,https://images.example.com/products/4363274.jpg,103,generic,"{""dataset_item_id"": 4363274}",True,2026-06-07 15:13:55,2026-06-07 15:13:55
4365582,2355072,Clean Code Reference Book (ID 4365582),High-quality Clean Code Reference Book from the Books catalog. Serialized product ID: 4365582.,38.91,https://images.example.com/products/4365582.jpg,103,generic,"{""dataset_item_id"": 4365582}",True,2026-06-07 15:13:55,2026-06-07 15:13:55
4367881,620409,Classic Leather Wallet (ID 4367881),High-quality Classic Leather Wallet from the Jewelry & Accessories catalog. Serialized product ID: 4367881.,13.78,https://images.example.com/products/4367881.jpg,103,generic,"{""dataset_item_id"": 4367881}",True,2026-06-07 15:13:55,2026-06-07 15:13:55
4384782,3439012,Clean Code Reference Book (ID 4384782),High-quality Clean Code Reference Book from the Books catalog. Serialized product ID: 4384782.,21.7,https://images.example.com/products/4384782.jpg,102,generic,"{""dataset_item_id"": 4384782}",True,2026-06-07 15:13:55,2026-06-07 15:13:55
4385701,4310023,Minimalist Wooden Desk (ID 4385701),High-quality Minimalist Wooden Desk from the Furniture catalog. Serialized product ID: 4385701.,87.64,https://images.example.com/products/4385701.jpg,102,generic,"{""dataset_item_id"": 4385701}",True,2026-06-07 15:13:55,2026-06-07 15:13:55
4390368,4801426,Building Blocks Set (ID 4390368),High-quality Building Blocks Set from the Toys & Games catalog. Serialized product ID: 4390368.,21.94,https://images.example.com/products/4390368.jpg,101,generic,"{""dataset_item_id"": 4390368}",True,2026-06-07 15:13:55,2026-06-07 15:13:55
4399600,983613,Ergonomic Office Chair (ID 4399600),High-quality Ergonomic Office Chair from the Furniture catalog. Serialized product ID: 4399600.,223.19,https://images.example.com/products/4399600.jpg,102,generic,"{""dataset_item_id"": 4399600}",True,2026-06-07 15:13:55,2026-06-07 15:13:55
4399937,3844144,Matte Red Lipstick (ID 4399937),High-quality Matte Red Lipstick from the Cosmetics catalog. Serialized product ID: 4399937.,23.05,https://images.example.com/products/4399937.jpg,101,generic,"{""dataset_item_id"": 4399937}",True,2026-06-07 15:13:55,2026-06-07 15:13:55
4404218,2355072,Learning Python Development (ID 4404218),High-quality Learning Python Development from the Books catalog. Serialized product ID: 4404218.,13.65,https://images.example.com/products/4404218.jpg,102,generic,"{""dataset_item_id"": 4404218}",True,2026-06-07 15:13:55,2026-06-07 15:13:55
4409034,3002561,Casual Fleece Hoodie (ID 4409034),High-quality Casual Fleece Hoodie from the Clothing catalog. Serialized product ID: 4409034.,69.04,https://images.example.com/products/4409034.jpg,101,generic,"{""dataset_item_id"": 4409034}",True,2026-06-07 15:13:55,2026-06-07 15:13:55
4415159,2885642,Mindset Shift Audiobook (ID 4415159),High-quality Mindset Shift Audiobook from the Books catalog. Serialized product ID: 4415159.,24.23,https://images.example.com/products/4415159.jpg,103,generic,"{""dataset_item_id"": 4415159}",True,2026-06-07 15:13:55,2026-06-07 15:13:55
4416136,1419417,Anti-Slip Yoga Mat (ID 4416136),High-quality Anti-Slip Yoga Mat from the Sports Equipment catalog. Serialized product ID: 4416136.,83.5,https://images.example.com/products/4416136.jpg,103,generic,"{""dataset_item_id"": 4416136}",True,2026-06-07 15:13:55,2026-06-07 15:13:55
4429587,2735466,Strategy Board Game (ID 4429587),High-quality Strategy Board Game from the Toys & Games catalog. Serialized product ID: 4429587.,8.55,https://images.example.com/products/4429587.jpg,102,generic,"{""dataset_item_id"": 4429587}",True,2026-06-07 15:13:55,2026-06-07 15:13:55
4435573,1108912,Learning Python Development (ID 4435573),High-quality Learning Python Development from the Books catalog. Serialized product ID: 4435573.,35.29,https://images.example.com/products/4435573.jpg,103,generic,"{""dataset_item_id"": 4435573}",True,2026-06-07 15:13:55,2026-06-07 15:13:55
4436021,2204097,Anti-Slip Yoga Mat (ID 4436021),High-quality Anti-Slip Yoga Mat from the Sports Equipment catalog. Serialized product ID: 4436021.,17.32,https://images.example.com/products/4436021.jpg,102,generic,"{""dataset_item_id"": 4436021}",True,2026-06-07 15:13:55,2026-06-07 15:13:55
4450718,2204097,Waterproof Sports Backpack (ID 4450718),High-quality Waterproof Sports Backpack from the Sports Equipment catalog. Serialized product ID: 4450718.,19.5,https://images.example.com/products/4450718.jpg,101,generic,"{""dataset_item_id"": 4450718}",True,2026-06-07 15:13:55,2026-06-07 15:13:55
4463332,2355072,Clean Code Reference Book (ID 4463332),High-quality Clean Code Reference Book from the Books catalog. Serialized product ID: 4463332.,33.94,https://images.example.com/products/4463332.jpg,103,generic,"{""dataset_item_id"": 4463332}",True,2026-06-07 15:13:55,2026-06-07 15:13:55
4466165,876318,Running Shoes Comfort (ID 4466165),High-quality Running Shoes Comfort from the Shoes catalog. Serialized product ID: 4466165.,128.99,https://images.example.com/products/4466165.jpg,101,generic,"{""dataset_item_id"": 4466165}",True,2026-06-07 15:13:55,2026-06-07 15:13:55
4474837,144028,Casual Canvas Sneakers (ID 4474837),High-quality Casual Canvas Sneakers from the Shoes catalog. Serialized product ID: 4474837.,119.33,https://images.example.com/products/4474837.jpg,101,generic,"{""dataset_item_id"": 4474837}",True,2026-06-07 15:13:55,2026-06-07 15:13:55
4486458,1299190,Smartphone (ID 4486458),High-quality Smartphone from the Electronics catalog. Serialized product ID: 4486458.,469.36,https://images.example.com/products/4486458.jpg,103,generic,"{""dataset_item_id"": 4486458}",True,2026-06-07 15:13:55,2026-06-07 15:13:55
4489561,4339722,The Great Gatsby (ID 4489561),High-quality The Great Gatsby from the Books catalog. Serialized product ID: 4489561.,30.59,https://images.example.com/products/4489561.jpg,102,generic,"{""dataset_item_id"": 4489561}",True,2026-06-07 15:13:55,2026-06-07 15:13:55
4491836,2194744,Organic SPF50 Sunscreen (ID 4491836),High-quality Organic SPF50 Sunscreen from the Cosmetics catalog. Serialized product ID: 4491836.,62.4,https://images.example.com/products/4491836.jpg,103,generic,"{""dataset_item_id"": 4491836}",True,2026-06-07 15:13:55,2026-06-07 15:13:55
4496731,4708262,The Great Gatsby (ID 4496731),High-quality The Great Gatsby from the Books catalog. Serialized product ID: 4496731.,32.51,https://images.example.com/products/4496731.jpg,101,generic,"{""dataset_item_id"": 4496731}",True,2026-06-07 15:13:55,2026-06-07 15:13:55
4510929,1573465,Natural Honey Jar (ID 4510929),High-quality Natural Honey Jar from the Food & Groceries catalog. Serialized product ID: 4510929.,55.2,https://images.example.com/products/4510929.jpg,102,generic,"{""dataset_item_id"": 4510929}",True,2026-06-07 15:13:55,2026-06-07 15:13:55
4520041,2030976,Remote Control Sports Car (ID 4520041),High-quality Remote Control Sports Car from the Toys & Games catalog. Serialized product ID: 4520041.,95.77,https://images.example.com/products/4520041.jpg,102,generic,"{""dataset_item_id"": 4520041}",True,2026-06-07 15:13:55,2026-06-07 15:13:55
4523605,334161,Classic Cotton T-Shirt (ID 4523605),High-quality Classic Cotton T-Shirt from the Clothing catalog. Serialized product ID: 4523605.,72.85,https://images.example.com/products/4523605.jpg,101,generic,"{""dataset_item_id"": 4523605}",True,2026-06-07 15:13:55,2026-06-07 15:13:55
4532743,2640118,Warm Winter Boots (ID 4532743),High-quality Warm Winter Boots from the Shoes catalog. Serialized product ID: 4532743.,80.46,https://images.example.com/products/4532743.jpg,103,generic,"{""dataset_item_id"": 4532743}",True,2026-06-07 15:13:55,2026-06-07 15:13:55
4538674,2578647,Smart Jump Rope (ID 4538674),High-quality Smart Jump Rope from the Sports Equipment catalog. Serialized product ID: 4538674.,97.54,https://images.example.com/products/4538674.jpg,102,generic,"{""dataset_item_id"": 4538674}",True,2026-06-07 15:13:55,2026-06-07 15:13:55
4546465,4181361,Classic Cotton T-Shirt (ID 4546465),High-quality Classic Cotton T-Shirt from the Clothing catalog. Serialized product ID: 4546465.,64.24,https://images.example.com/products/4546465.jpg,102,generic,"{""dataset_item_id"": 4546465}",True,2026-06-07 15:13:55,2026-06-07 15:13:55
4551045,2735466,1000-Piece Jigsaw Puzzle (ID 4551045),High-quality 1000-Piece Jigsaw Puzzle from the Toys & Games catalog. Serialized product ID: 4551045.,52.27,https://images.example.com/products/4551045.jpg,102,generic,"{""dataset_item_id"": 4551045}",True,2026-06-07 15:13:55,2026-06-07 15:13:55
4563074,2806049,Gold Plated Ring (ID 4563074),High-quality Gold Plated Ring from the Jewelry & Accessories catalog. Serialized product ID: 4563074.,95.83,https://images.example.com/products/4563074.jpg,101,generic,"{""dataset_item_id"": 4563074}",True,2026-06-07 15:13:55,2026-06-07 15:13:55
4565112,2361828,Casual Canvas Sneakers (ID 4565112),High-quality Casual Canvas Sneakers from the Shoes catalog. Serialized product ID: 4565112.,128.14,https://images.example.com/products/4565112.jpg,101,generic,"{""dataset_item_id"": 4565112}",True,2026-06-07 15:13:55,2026-06-07 15:13:55
4570068,4244487,Waterproof Sports Backpack (ID 4570068),High-quality Waterproof Sports Backpack from the Sports Equipment catalog. Serialized product ID: 4570068.,87.06,https://images.example.com/products/4570068.jpg,101,generic,"{""dataset_item_id"": 4570068}",True,2026-06-07 15:13:55,2026-06-07 15:13:55
4585679,3002561,Casual Fleece Hoodie (ID 4585679),High-quality Casual Fleece Hoodie from the Clothing catalog. Serialized product ID: 4585679.,56.04,https://images.example.com/products/4585679.jpg,102,generic,"{""dataset_item_id"": 4585679}",True,2026-06-07 15:13:55,2026-06-07 15:13:55
4593774,3598912,Mindset Shift Audiobook (ID 4593774),High-quality Mindset Shift Audiobook from the Books catalog. Serialized product ID: 4593774.,25.64,https://images.example.com/products/4593774.jpg,101,generic,"{""dataset_item_id"": 4593774}",True,2026-06-07 15:13:55,2026-06-07 15:13:55
4594051,4069500,Laptop Pro (ID 4594051),High-quality Laptop Pro from the Electronics catalog. Serialized product ID: 4594051.,739.55,https://images.example.com/products/4594051.jpg,103,generic,"{""dataset_item_id"": 4594051}",True,2026-06-07 15:13:55,2026-06-07 15:13:55
4600407,2572604,Matte Red Lipstick (ID 4600407),High-quality Matte Red Lipstick from the Cosmetics catalog. Serialized product ID: 4600407.,85.01,https://images.example.com/products/4600407.jpg,102,generic,"{""dataset_item_id"": 4600407}",True,2026-06-07 15:13:55,2026-06-07 15:13:55
4605369,3002561,Casual Fleece Hoodie (ID 4605369),High-quality Casual Fleece Hoodie from the Clothing catalog. Serialized product ID: 4605369.,20.37,https://images.example.com/products/4605369.jpg,101,generic,"{""dataset_item_id"": 4605369}",True,2026-06-07 15:13:55,2026-06-07 15:13:55
4620686,4145813,Minimalist Wooden Desk (ID 4620686),High-quality Minimalist Wooden Desk from the Furniture catalog. Serialized product ID: 4620686.,194.3,https://images.example.com/products/4620686.jpg,103,generic,"{""dataset_item_id"": 4620686}",True,2026-06-07 15:13:55,2026-06-07 15:13:55
4621425,245312,Introduction to Algorithms (ID 4621425),High-quality Introduction to Algorithms from the Books catalog. Serialized product ID: 4621425.,13.42,https://images.example.com/products/4621425.jpg,102,generic,"{""dataset_item_id"": 4621425}",True,2026-06-07 15:13:55,2026-06-07 15:13:55
4637317,3002561,Winter Woolen Sweater (ID 4637317),High-quality Winter Woolen Sweater from the Clothing catalog. Serialized product ID: 4637317.,20.87,https://images.example.com/products/4637317.jpg,101,generic,"{""dataset_item_id"": 4637317}",True,2026-06-07 15:13:55,2026-06-07 15:13:55
4643236,883960,Tablet Air (ID 4643236),High-quality Tablet Air from the Electronics catalog. Serialized product ID: 4643236.,834.22,https://images.example.com/products/4643236.jpg,102,generic,"{""dataset_item_id"": 4643236}",True,2026-06-07 15:13:55,2026-06-07 15:13:55
4648650,2355072,Introduction to Algorithms (ID 4648650),High-quality Introduction to Algorithms from the Books catalog. Serialized product ID: 4648650.,36.91,https://images.example.com/products/4648650.jpg,102,generic,"{""dataset_item_id"": 4648650}",True,2026-06-07 15:13:55,2026-06-07 15:13:55
4650889,2737340,Laptop Pro (ID 4650889),High-quality Laptop Pro from the Electronics catalog. Serialized product ID: 4650889.,147.88,https://images.example.com/products/4650889.jpg,103,generic,"{""dataset_item_id"": 4650889}",True,2026-06-07 15:13:55,2026-06-07 15:13:55
4653155,2982027,Adjustable Dumbbell Set (ID 4653155),High-quality Adjustable Dumbbell Set from the Sports Equipment catalog. Serialized product ID: 4653155.,40.15,https://images.example.com/products/4653155.jpg,102,generic,"{""dataset_item_id"": 4653155}",True,2026-06-07 15:13:55,2026-06-07 15:13:55
4665048,4145813,Modern Coffee Table (ID 4665048),High-quality Modern Coffee Table from the Furniture catalog. Serialized product ID: 4665048.,496.71,https://images.example.com/products/4665048.jpg,102,generic,"{""dataset_item_id"": 4665048}",True,2026-06-07 15:13:55,2026-06-07 15:13:55
4667522,3720767,Heavy-Duty Resistance Bands (ID 4667522),High-quality Heavy-Duty Resistance Bands from the Sports Equipment catalog. Serialized product ID: 4667522.,26.11,https://images.example.com/products/4667522.jpg,102,generic,"{""dataset_item_id"": 4667522}",True,2026-06-07 15:13:55,2026-06-07 15:13:55
4668260,749692,Introduction to Algorithms (ID 4668260),High-quality Introduction to Algorithms from the Books catalog. Serialized product ID: 4668260.,36.92,https://images.example.com/products/4668260.jpg,103,generic,"{""dataset_item_id"": 4668260}",True,2026-06-07 15:13:55,2026-06-07 15:13:55
4678243,3607361,Waterproof Windbreaker Jacket (ID 4678243),High-quality Waterproof Windbreaker Jacket from the Clothing catalog. Serialized product ID: 4678243.,56.6,https://images.example.com/products/4678243.jpg,101,generic,"{""dataset_item_id"": 4678243}",True,2026-06-07 15:13:55,2026-06-07 15:13:55
4681225,1080785,Organic Granola Oats (ID 4681225),High-quality Organic Granola Oats from the Food & Groceries catalog. Serialized product ID: 4681225.,17.93,https://images.example.com/products/4681225.jpg,102,generic,"{""dataset_item_id"": 4681225}",True,2026-06-07 15:13:55,2026-06-07 15:13:55
4692148,2088964,Vitamin C Face Serum (ID 4692148),High-quality Vitamin C Face Serum from the Cosmetics catalog. Serialized product ID: 4692148.,91.24,https://images.example.com/products/4692148.jpg,102,generic,"{""dataset_item_id"": 4692148}",True,2026-06-07 15:13:55,2026-06-07 15:13:55
4693404,1689624,Gentle Cleansing Foam (ID 4693404),High-quality Gentle Cleansing Foam from the Cosmetics catalog. Serialized product ID: 4693404.,70.43,https://images.example.com/products/4693404.jpg,101,generic,"{""dataset_item_id"": 4693404}",True,2026-06-07 15:13:55,2026-06-07 15:13:55
4694270,3002561,Classic Cotton T-Shirt (ID 4694270),High-quality Classic Cotton T-Shirt from the Clothing catalog. Serialized product ID: 4694270.,63.57,https://images.example.com/products/4694270.jpg,102,generic,"{""dataset_item_id"": 4694270}",True,2026-06-07 15:13:55,2026-06-07 15:13:55
4694699,4731191,Casual Fleece Hoodie (ID 4694699),High-quality Casual Fleece Hoodie from the Clothing catalog. Serialized product ID: 4694699.,43.71,https://images.example.com/products/4694699.jpg,101,generic,"{""dataset_item_id"": 4694699}",True,2026-06-07 15:13:55,2026-06-07 15:13:55
4695224,1216617,Smart Jump Rope (ID 4695224),High-quality Smart Jump Rope from the Sports Equipment catalog. Serialized product ID: 4695224.,90.15,https://images.example.com/products/4695224.jpg,101,generic,"{""dataset_item_id"": 4695224}",True,2026-06-07 15:13:55,2026-06-07 15:13:55
4697569,903809,Gold Plated Ring (ID 4697569),High-quality Gold Plated Ring from the Jewelry & Accessories catalog. Serialized product ID: 4697569.,29.06,https://images.example.com/products/4697569.jpg,101,generic,"{""dataset_item_id"": 4697569}",True,2026-06-07 15:13:55,2026-06-07 15:13:55
4702450,3351726,1000-Piece Jigsaw Puzzle (ID 4702450),High-quality 1000-Piece Jigsaw Puzzle from the Toys & Games catalog. Serialized product ID: 4702450.,56.59,https://images.example.com/products/4702450.jpg,103,generic,"{""dataset_item_id"": 4702450}",True,2026-06-07 15:13:55,2026-06-07 15:13:55
4702796,2652700,Noise Cancelling Headphone (ID 4702796),High-quality Noise Cancelling Headphone from the Electronics catalog. Serialized product ID: 4702796.,647.38,https://images.example.com/products/4702796.jpg,102,generic,"{""dataset_item_id"": 4702796}",True,2026-06-07 15:13:55,2026-06-07 15:13:55
4705170,4138583,Ergonomic Office Chair (ID 4705170),High-quality Ergonomic Office Chair from the Furniture catalog. Serialized product ID: 4705170.,126.59,https://images.example.com/products/4705170.jpg,102,generic,"{""dataset_item_id"": 4705170}",True,2026-06-07 15:13:55,2026-06-07 15:13:55
4706681,4138583,Minimalist Wooden Desk (ID 4706681),High-quality Minimalist Wooden Desk from the Furniture catalog. Serialized product ID: 4706681.,179.57,https://images.example.com/products/4706681.jpg,101,generic,"{""dataset_item_id"": 4706681}",True,2026-06-07 15:13:55,2026-06-07 15:13:55
4708420,1108912,Introduction to Algorithms (ID 4708420),High-quality Introduction to Algorithms from the Books catalog. Serialized product ID: 4708420.,10.43,https://images.example.com/products/4708420.jpg,102,generic,"{""dataset_item_id"": 4708420}",True,2026-06-07 15:13:55,2026-06-07 15:13:55
4718062,4834913,Three-Seater Velvet Sofa (ID 4718062),High-quality Three-Seater Velvet Sofa from the Furniture catalog. Serialized product ID: 4718062.,347.72,https://images.example.com/products/4718062.jpg,103,generic,"{""dataset_item_id"": 4718062}",True,2026-06-07 15:13:55,2026-06-07 15:13:55
4727640,3898483,Ergonomic Office Chair (ID 4727640),High-quality Ergonomic Office Chair from the Furniture catalog. Serialized product ID: 4727640.,271.53,https://images.example.com/products/4727640.jpg,101,generic,"{""dataset_item_id"": 4727640}",True,2026-06-07 15:13:55,2026-06-07 15:13:55
4737773,2650391,Waterproof Windbreaker Jacket (ID 4737773),High-quality Waterproof Windbreaker Jacket from the Clothing catalog. Serialized product ID: 4737773.,68.55,https://images.example.com/products/4737773.jpg,102,generic,"{""dataset_item_id"": 4737773}",True,2026-06-07 15:13:55,2026-06-07 15:13:55
4762058,3747017,Waterproof Sports Backpack (ID 4762058),High-quality Waterproof Sports Backpack from the Sports Equipment catalog. Serialized product ID: 4762058.,61.09,https://images.example.com/products/4762058.jpg,101,generic,"{""dataset_item_id"": 4762058}",True,2026-06-07 15:13:55,2026-06-07 15:13:55
4771223,360294,Vitamin C Face Serum (ID 4771223),High-quality Vitamin C Face Serum from the Cosmetics catalog. Serialized product ID: 4771223.,64.4,https://images.example.com/products/4771223.jpg,103,generic,"{""dataset_item_id"": 4771223}",True,2026-06-07 15:13:55,2026-06-07 15:13:55
4787032,3351726,Strategy Board Game (ID 4787032),High-quality Strategy Board Game from the Toys & Games catalog. Serialized product ID: 4787032.,27.74,https://images.example.com/products/4787032.jpg,101,generic,"{""dataset_item_id"": 4787032}",True,2026-06-07 15:13:55,2026-06-07 15:13:55
4787441,16219,Classic Leather Wallet (ID 4787441),High-quality Classic Leather Wallet from the Jewelry & Accessories catalog. Serialized product ID: 4787441.,32.38,https://images.example.com/products/4787441.jpg,101,generic,"{""dataset_item_id"": 4787441}",True,2026-06-07 15:13:55,2026-06-07 15:13:55
4790721,2939262,The Great Gatsby (ID 4790721),High-quality The Great Gatsby from the Books catalog. Serialized product ID: 4790721.,27.44,https://images.example.com/products/4790721.jpg,101,generic,"{""dataset_item_id"": 4790721}",True,2026-06-07 15:13:55,2026-06-07 15:13:55
4804194,1812396,Plush Toy Bear (ID 4804194),High-quality Plush Toy Bear from the Toys & Games catalog. Serialized product ID: 4804194.,58.64,https://images.example.com/products/4804194.jpg,101,generic,"{""dataset_item_id"": 4804194}",True,2026-06-07 15:13:55,2026-06-07 15:13:55
4804351,4022701,Slim Fit Denim Jeans (ID 4804351),High-quality Slim Fit Denim Jeans from the Clothing catalog. Serialized product ID: 4804351.,57.52,https://images.example.com/products/4804351.jpg,101,generic,"{""dataset_item_id"": 4804351}",True,2026-06-07 15:13:55,2026-06-07 15:13:55
4807503,1963052,Learning Python Development (ID 4807503),High-quality Learning Python Development from the Books catalog. Serialized product ID: 4807503.,24.7,https://images.example.com/products/4807503.jpg,102,generic,"{""dataset_item_id"": 4807503}",True,2026-06-07 15:13:55,2026-06-07 15:13:55
4809668,3738615,Premium Arabica Coffee Beans (ID 4809668),High-quality Premium Arabica Coffee Beans from the Food & Groceries catalog. Serialized product ID: 4809668.,11.36,https://images.example.com/products/4809668.jpg,103,generic,"{""dataset_item_id"": 4809668}",True,2026-06-07 15:13:55,2026-06-07 15:13:55
4811639,940822,Mindset Shift Audiobook (ID 4811639),High-quality Mindset Shift Audiobook from the Books catalog. Serialized product ID: 4811639.,25.32,https://images.example.com/products/4811639.jpg,103,generic,"{""dataset_item_id"": 4811639}",True,2026-06-07 15:13:55,2026-06-07 15:13:55
4828082,3160684,Matte Red Lipstick (ID 4828082),High-quality Matte Red Lipstick from the Cosmetics catalog. Serialized product ID: 4828082.,57.09,https://images.example.com/products/4828082.jpg,102,generic,"{""dataset_item_id"": 4828082}",True,2026-06-07 15:13:55,2026-06-07 15:13:55
4830088,2196412,Learning Python Development (ID 4830088),High-quality Learning Python Development from the Books catalog. Serialized product ID: 4830088.,35.2,https://images.example.com/products/4830088.jpg,101,generic,"{""dataset_item_id"": 4830088}",True,2026-06-07 15:13:55,2026-06-07 15:13:55
4831634,2124307,Smart Jump Rope (ID 4831634),High-quality Smart Jump Rope from the Sports Equipment catalog. Serialized product ID: 4831634.,64.75,https://images.example.com/products/4831634.jpg,102,generic,"{""dataset_item_id"": 4831634}",True,2026-06-07 15:13:55,2026-06-07 15:13:55
4833855,634390,Bluetooth Speaker (ID 4833855),High-quality Bluetooth Speaker from the Electronics catalog. Serialized product ID: 4833855.,328.03,https://images.example.com/products/4833855.jpg,101,generic,"{""dataset_item_id"": 4833855}",True,2026-06-07 15:13:55,2026-06-07 15:13:55
4837185,1859277,Adjustable Dumbbell Set (ID 4837185),High-quality Adjustable Dumbbell Set from the Sports Equipment catalog. Serialized product ID: 4837185.,38.57,https://images.example.com/products/4837185.jpg,101,generic,"{""dataset_item_id"": 4837185}",True,2026-06-07 15:13:55,2026-06-07 15:13:55
4845655,1176344,Hydrating Face Moisturizer (ID 4845655),High-quality Hydrating Face Moisturizer from the Cosmetics catalog. Serialized product ID: 4845655.,37.41,https://images.example.com/products/4845655.jpg,103,generic,"{""dataset_item_id"": 4845655}",True,2026-06-07 15:13:55,2026-06-07 15:13:55
4856500,2465336,1000-Piece Jigsaw Puzzle (ID 4856500),High-quality 1000-Piece Jigsaw Puzzle from the Toys & Games catalog. Serialized product ID: 4856500.,66.77,https://images.example.com/products/4856500.jpg,101,generic,"{""dataset_item_id"": 4856500}",True,2026-06-07 15:13:55,2026-06-07 15:13:55
4856750,3371868,Running Shoes Comfort (ID 4856750),High-quality Running Shoes Comfort from the Shoes catalog. Serialized product ID: 4856750.,124.87,https://images.example.com/products/4856750.jpg,103,generic,"{""dataset_item_id"": 4856750}",True,2026-06-07 15:13:55,2026-06-07 15:13:55
4863008,2072473,Modern Coffee Table (ID 4863008),High-quality Modern Coffee Table from the Furniture catalog. Serialized product ID: 4863008.,397.05,https://images.example.com/products/4863008.jpg,101,generic,"{""dataset_item_id"": 4863008}",True,2026-06-07 15:13:55,2026-06-07 15:13:55
4863117,4145813,Three-Seater Velvet Sofa (ID 4863117),High-quality Three-Seater Velvet Sofa from the Furniture catalog. Serialized product ID: 4863117.,98.58,https://images.example.com/products/4863117.jpg,103,generic,"{""dataset_item_id"": 4863117}",True,2026-06-07 15:13:55,2026-06-07 15:13:55
4875298,940822,Learning Python Development (ID 4875298),High-quality Learning Python Development from the Books catalog. Serialized product ID: 4875298.,19.16,https://images.example.com/products/4875298.jpg,103,generic,"{""dataset_item_id"": 4875298}",True,2026-06-07 15:13:55,2026-06-07 15:13:55
4878108,4181361,Waterproof Windbreaker Jacket (ID 4878108),High-quality Waterproof Windbreaker Jacket from the Clothing catalog. Serialized product ID: 4878108.,26.21,https://images.example.com/products/4878108.jpg,103,generic,"{""dataset_item_id"": 4878108}",True,2026-06-07 15:13:55,2026-06-07 15:13:55
4886353,3607361,Waterproof Windbreaker Jacket (ID 4886353),High-quality Waterproof Windbreaker Jacket from the Clothing catalog. Serialized product ID: 4886353.,44.74,https://images.example.com/products/4886353.jpg,103,generic,"{""dataset_item_id"": 4886353}",True,2026-06-07 15:13:55,2026-06-07 15:13:55
4888516,2640118,Formal Leather Shoes (ID 4888516),High-quality Formal Leather Shoes from the Shoes catalog. Serialized product ID: 4888516.,92.64,https://images.example.com/products/4888516.jpg,101,generic,"{""dataset_item_id"": 4888516}",True,2026-06-07 15:13:55,2026-06-07 15:13:55
4891581,3002561,Slim Fit Denim Jeans (ID 4891581),High-quality Slim Fit Denim Jeans from the Clothing catalog. Serialized product ID: 4891581.,66.94,https://images.example.com/products/4891581.jpg,101,generic,"{""dataset_item_id"": 4891581}",True,2026-06-07 15:13:55,2026-06-07 15:13:55
4895295,1004392,Introduction to Algorithms (ID 4895295),High-quality Introduction to Algorithms from the Books catalog. Serialized product ID: 4895295.,30.48,https://images.example.com/products/4895295.jpg,102,generic,"{""dataset_item_id"": 4895295}",True,2026-06-07 15:13:55,2026-06-07 15:13:55
4907087,1446405,Dark Chocolate Bar 80% (ID 4907087),High-quality Dark Chocolate Bar 80% from the Food & Groceries catalog. Serialized product ID: 4907087.,8.48,https://images.example.com/products/4907087.jpg,101,generic,"{""dataset_item_id"": 4907087}",True,2026-06-07 15:13:55,2026-06-07 15:13:55
4907953,982926,Building Blocks Set (ID 4907953),High-quality Building Blocks Set from the Toys & Games catalog. Serialized product ID: 4907953.,9.12,https://images.example.com/products/4907953.jpg,101,generic,"{""dataset_item_id"": 4907953}",True,2026-06-07 15:13:55,2026-06-07 15:13:55
4923282,2606924,Matte Red Lipstick (ID 4923282),High-quality Matte Red Lipstick from the Cosmetics catalog. Serialized product ID: 4923282.,88.26,https://images.example.com/products/4923282.jpg,102,generic,"{""dataset_item_id"": 4923282}",True,2026-06-07 15:13:55,2026-06-07 15:13:55
4923510,2945933,Ergonomic Office Chair (ID 4923510),High-quality Ergonomic Office Chair from the Furniture catalog. Serialized product ID: 4923510.,471.08,https://images.example.com/products/4923510.jpg,103,generic,"{""dataset_item_id"": 4923510}",True,2026-06-07 15:13:55,2026-06-07 15:13:55
4932938,3112817,Waterproof Sports Backpack (ID 4932938),High-quality Waterproof Sports Backpack from the Sports Equipment catalog. Serialized product ID: 4932938.,42.43,https://images.example.com/products/4932938.jpg,103,generic,"{""dataset_item_id"": 4932938}",True,2026-06-07 15:13:55,2026-06-07 15:13:55
4937498,4889820,Noise Cancelling Headphone (ID 4937498),High-quality Noise Cancelling Headphone from the Electronics catalog. Serialized product ID: 4937498.,525.59,https://images.example.com/products/4937498.jpg,101,generic,"{""dataset_item_id"": 4937498}",True,2026-06-07 15:13:55,2026-06-07 15:13:55
4945426,2355072,The Great Gatsby (ID 4945426),High-quality The Great Gatsby from the Books catalog. Serialized product ID: 4945426.,31.6,https://images.example.com/products/4945426.jpg,101,generic,"{""dataset_item_id"": 4945426}",True,2026-06-07 15:13:55,2026-06-07 15:13:55
4945859,874415,Natural Honey Jar (ID 4945859),High-quality Natural Honey Jar from the Food & Groceries catalog. Serialized product ID: 4945859.,31.89,https://images.example.com/products/4945859.jpg,101,generic,"{""dataset_item_id"": 4945859}",True,2026-06-07 15:13:55,2026-06-07 15:13:55
4947400,3607361,Classic Cotton T-Shirt (ID 4947400),High-quality Classic Cotton T-Shirt from the Clothing catalog. Serialized product ID: 4947400.,70.41,https://images.example.com/products/4947400.jpg,102,generic,"{""dataset_item_id"": 4947400}",True,2026-06-07 15:13:55,2026-06-07 15:13:55
4956419,1320293,Adjustable Standing Desk (ID 4956419),High-quality Adjustable Standing Desk from the Furniture catalog. Serialized product ID: 4956419.,194.48,https://images.example.com/products/4956419.jpg,102,generic,"{""dataset_item_id"": 4956419}",True,2026-06-07 15:13:55,2026-06-07 15:13:55
4956559,181348,Sport Sandals (ID 4956559),High-quality Sport Sandals from the Shoes catalog. Serialized product ID: 4956559.,88.06,https://images.example.com/products/4956559.jpg,102,generic,"{""dataset_item_id"": 4956559}",True,2026-06-07 15:13:55,2026-06-07 15:13:55
4960832,1851156,Strategy Board Game (ID 4960832),High-quality Strategy Board Game from the Toys & Games catalog. Serialized product ID: 4960832.,74.87,https://images.example.com/products/4960832.jpg,102,generic,"{""dataset_item_id"": 4960832}",True,2026-06-07 15:13:55,2026-06-07 15:13:55
4966509,61626,Plush Toy Bear (ID 4966509),High-quality Plush Toy Bear from the Toys & Games catalog. Serialized product ID: 4966509.,36.87,https://images.example.com/products/4966509.jpg,101,generic,"{""dataset_item_id"": 4966509}",True,2026-06-07 15:13:55,2026-06-07 15:13:55
4975718,848089,Premium Sunglasses (ID 4975718),High-quality Premium Sunglasses from the Jewelry & Accessories catalog. Serialized product ID: 4975718.,51.64,https://images.example.com/products/4975718.jpg,102,generic,"{""dataset_item_id"": 4975718}",True,2026-06-07 15:13:55,2026-06-07 15:13:55
4997111,2085893,Minimalist Wooden Desk (ID 4997111),High-quality Minimalist Wooden Desk from the Furniture catalog. Serialized product ID: 4997111.,233.92,https://images.example.com/products/4997111.jpg,103,generic,"{""dataset_item_id"": 4997111}",True,2026-06-07 15:13:55,2026-06-07 15:13:55
5008017,2030976,Strategy Board Game (ID 5008017),High-quality Strategy Board Game from the Toys & Games catalog. Serialized product ID: 5008017.,30.07,https://images.example.com/products/5008017.jpg,101,generic,"{""dataset_item_id"": 5008017}",True,2026-06-07 15:13:55,2026-06-07 15:13:55
5021781,2362370,Bluetooth Speaker (ID 5021781),High-quality Bluetooth Speaker from the Electronics catalog. Serialized product ID: 5021781.,753.65,https://images.example.com/products/5021781.jpg,101,generic,"{""dataset_item_id"": 5021781}",True,2026-06-07 15:13:55,2026-06-07 15:13:55
5026955,3604509,Sterling Silver Necklace (ID 5026955),High-quality Sterling Silver Necklace from the Jewelry & Accessories catalog. Serialized product ID: 5026955.,45.48,https://images.example.com/products/5026955.jpg,101,generic,"{""dataset_item_id"": 5026955}",True,2026-06-07 15:13:55,2026-06-07 15:13:55
5039692,4643350,Tablet Air (ID 5039692),High-quality Tablet Air from the Electronics catalog. Serialized product ID: 5039692.,590.38,https://images.example.com/products/5039692.jpg,102,generic,"{""dataset_item_id"": 5039692}",True,2026-06-07 15:13:55,2026-06-07 15:13:55
5045806,3738615,Extra Virgin Olive Oil (ID 5045806),High-quality Extra Virgin Olive Oil from the Food & Groceries catalog. Serialized product ID: 5045806.,14.64,https://images.example.com/products/5045806.jpg,102,generic,"{""dataset_item_id"": 5045806}",True,2026-06-07 15:13:55,2026-06-07 15:13:55
5049477,4387956,Strategy Board Game (ID 5049477),High-quality Strategy Board Game from the Toys & Games catalog. Serialized product ID: 5049477.,67.13,https://images.example.com/products/5049477.jpg,102,generic,"{""dataset_item_id"": 5049477}",True,2026-06-07 15:13:55,2026-06-07 15:13:55
5050528,4357323,Modern Coffee Table (ID 5050528),High-quality Modern Coffee Table from the Furniture catalog. Serialized product ID: 5050528.,266.84,https://images.example.com/products/5050528.jpg,103,generic,"{""dataset_item_id"": 5050528}",True,2026-06-07 15:13:55,2026-06-07 15:13:55
5059698,3002561,Waterproof Windbreaker Jacket (ID 5059698),High-quality Waterproof Windbreaker Jacket from the Clothing catalog. Serialized product ID: 5059698.,42.27,https://images.example.com/products/5059698.jpg,103,generic,"{""dataset_item_id"": 5059698}",True,2026-06-07 15:13:55,2026-06-07 15:13:55
5066294,2507053,Adjustable Standing Desk (ID 5066294),High-quality Adjustable Standing Desk from the Furniture catalog. Serialized product ID: 5066294.,266.0,https://images.example.com/products/5066294.jpg,102,generic,"{""dataset_item_id"": 5066294}",True,2026-06-07 15:13:55,2026-06-07 15:13:55
5066336,3604509,Classic Leather Wallet (ID 5066336),High-quality Classic Leather Wallet from the Jewelry & Accessories catalog. Serialized product ID: 5066336.,8.98,https://images.example.com/products/5066336.jpg,102,generic,"{""dataset_item_id"": 5066336}",True,2026-06-07 15:13:55,2026-06-07 15:13:55
5073692,3138705,Dark Chocolate Bar 80% (ID 5073692),High-quality Dark Chocolate Bar 80% from the Food & Groceries catalog. Serialized product ID: 5073692.,62.8,https://images.example.com/products/5073692.jpg,102,generic,"{""dataset_item_id"": 5073692}",True,2026-06-07 15:13:55,2026-06-07 15:13:55
5075315,749692,Introduction to Algorithms (ID 5075315),High-quality Introduction to Algorithms from the Books catalog. Serialized product ID: 5075315.,17.24,https://images.example.com/products/5075315.jpg,101,generic,"{""dataset_item_id"": 5075315}",True,2026-06-07 15:13:55,2026-06-07 15:13:55
5080819,3844144,Gentle Cleansing Foam (ID 5080819),High-quality Gentle Cleansing Foam from the Cosmetics catalog. Serialized product ID: 5080819.,12.05,https://images.example.com/products/5080819.jpg,103,generic,"{""dataset_item_id"": 5080819}",True,2026-06-07 15:13:55,2026-06-07 15:13:55
5086624,358773,Adjustable Standing Desk (ID 5086624),High-quality Adjustable Standing Desk from the Furniture catalog. Serialized product ID: 5086624.,250.2,https://images.example.com/products/5086624.jpg,103,generic,"{""dataset_item_id"": 5086624}",True,2026-06-07 15:13:55,2026-06-07 15:13:55
5099233,2355072,Learning Python Development (ID 5099233),High-quality Learning Python Development from the Books catalog. Serialized product ID: 5099233.,33.03,https://images.example.com/products/5099233.jpg,103,generic,"{""dataset_item_id"": 5099233}",True,2026-06-07 15:13:55,2026-06-07 15:13:55
5105481,2367907,Anti-Slip Yoga Mat (ID 5105481),High-quality Anti-Slip Yoga Mat from the Sports Equipment catalog. Serialized product ID: 5105481.,20.04,https://images.example.com/products/5105481.jpg,101,generic,"{""dataset_item_id"": 5105481}",True,2026-06-07 15:13:55,2026-06-07 15:13:55
5108025,721242,Introduction to Algorithms (ID 5108025),High-quality Introduction to Algorithms from the Books catalog. Serialized product ID: 5108025.,13.28,https://images.example.com/products/5108025.jpg,103,generic,"{""dataset_item_id"": 5108025}",True,2026-06-07 15:13:55,2026-06-07 15:13:55
5110323,2355072,Learning Python Development (ID 5110323),High-quality Learning Python Development from the Books catalog. Serialized product ID: 5110323.,29.34,https://images.example.com/products/5110323.jpg,102,generic,"{""dataset_item_id"": 5110323}",True,2026-06-07 15:13:55,2026-06-07 15:13:55
5119588,4918438,Warm Winter Boots (ID 5119588),High-quality Warm Winter Boots from the Shoes catalog. Serialized product ID: 5119588.,43.83,https://images.example.com/products/5119588.jpg,101,generic,"{""dataset_item_id"": 5119588}",True,2026-06-07 15:13:55,2026-06-07 15:13:55
5122024,334161,Casual Fleece Hoodie (ID 5122024),High-quality Casual Fleece Hoodie from the Clothing catalog. Serialized product ID: 5122024.,30.1,https://images.example.com/products/5122024.jpg,103,generic,"{""dataset_item_id"": 5122024}",True,2026-06-07 15:13:55,2026-06-07 15:13:55
5122971,4696539,Classic Leather Wallet (ID 5122971),High-quality Classic Leather Wallet from the Jewelry & Accessories catalog. Serialized product ID: 5122971.,39.43,https://images.example.com/products/5122971.jpg,102,generic,"{""dataset_item_id"": 5122971}",True,2026-06-07 15:13:55,2026-06-07 15:13:55
5126434,3409740,Tablet Air (ID 5126434),High-quality Tablet Air from the Electronics catalog. Serialized product ID: 5126434.,953.57,https://images.example.com/products/5126434.jpg,101,generic,"{""dataset_item_id"": 5126434}",True,2026-06-07 15:13:55,2026-06-07 15:13:55
5134300,285583,Ergonomic Office Chair (ID 5134300),High-quality Ergonomic Office Chair from the Furniture catalog. Serialized product ID: 5134300.,333.53,https://images.example.com/products/5134300.jpg,103,generic,"{""dataset_item_id"": 5134300}",True,2026-06-07 15:13:55,2026-06-07 15:13:55
5141627,3231625,Dark Chocolate Bar 80% (ID 5141627),High-quality Dark Chocolate Bar 80% from the Food & Groceries catalog. Serialized product ID: 5141627.,47.29,https://images.example.com/products/5141627.jpg,102,generic,"{""dataset_item_id"": 5141627}",True,2026-06-07 15:13:55,2026-06-07 15:13:55
5149910,3898483,Ergonomic Office Chair (ID 5149910),High-quality Ergonomic Office Chair from the Furniture catalog. Serialized product ID: 5149910.,235.87,https://images.example.com/products/5149910.jpg,101,generic,"{""dataset_item_id"": 5149910}",True,2026-06-07 15:13:55,2026-06-07 15:13:55
5152824,940822,Mindset Shift Audiobook (ID 5152824),High-quality Mindset Shift Audiobook from the Books catalog. Serialized product ID: 5152824.,26.22,https://images.example.com/products/5152824.jpg,103,generic,"{""dataset_item_id"": 5152824}",True,2026-06-07 15:13:55,2026-06-07 15:13:55
