id,product_id,name,price_override,stock,sku,image_url,is_active,options
1,10034,Size M,55.92,35,10034-VAR1,https://images.example.com/variants/10034-VAR1.jpg,True,"{""Size"": ""M""}"
2,10034,Size L,55.92,56,10034-VAR2,https://images.example.com/variants/10034-VAR2.jpg,True,"{""Size"": ""L""}"
3,18309,Standard Size,74.71,55,18309-VAR1,https://images.example.com/variants/18309-VAR1.jpg,True,"{""Size"": ""Standard""}"
4,21762,Standard Size,173.53,39,21762-VAR1,https://images.example.com/variants/21762-VAR1.jpg,True,"{""Size"": ""Standard""}"
5,23239,Standard Size,122.95,35,23239-VAR1,https://images.example.com/variants/23239-VAR1.jpg,True,"{""Size"": ""Standard""}"
6,28356,Paperback Edition,35.77,78,28356-VAR1,https://images.example.com/variants/28356-VAR1.jpg,True,"{""Format"": ""Paperback""}"
7,28356,Hardcover Special,39.35,80,28356-VAR2,https://images.example.com/variants/28356-VAR2.jpg,True,"{""Format"": ""Hardcover""}"
8,37314,Size M,104.95,74,37314-VAR1,https://images.example.com/variants/37314-VAR1.jpg,True,"{""Size"": ""M""}"
9,37314,Size L,104.95,78,37314-VAR2,https://images.example.com/variants/37314-VAR2.jpg,True,"{""Size"": ""L""}"
10,38891,Standard Size,7.8,54,38891-VAR1,https://images.example.com/variants/38891-VAR1.jpg,True,"{""Size"": ""Standard""}"
11,44202,Standard Size,177.48,78,44202-VAR1,https://images.example.com/variants/44202-VAR1.jpg,True,"{""Size"": ""Standard""}"
12,49781,Size M,16.7,17,49781-VAR1,https://images.example.com/variants/49781-VAR1.jpg,True,"{""Size"": ""M""}"
13,49781,Size L,16.7,26,49781-VAR2,https://images.example.com/variants/49781-VAR2.jpg,True,"{""Size"": ""L""}"
14,64810,Standard Size,72.31,65,64810-VAR1,https://images.example.com/variants/64810-VAR1.jpg,True,"{""Size"": ""Standard""}"
15,81069,Standard Size,308.33,79,81069-VAR1,https://images.example.com/variants/81069-VAR1.jpg,True,"{""Size"": ""Standard""}"
16,84698,Standard Size,47.23,73,84698-VAR1,https://images.example.com/variants/84698-VAR1.jpg,True,"{""Size"": ""Standard""}"
17,91877,Standard Size,81.09,45,91877-VAR1,https://images.example.com/variants/91877-VAR1.jpg,True,"{""Size"": ""Standard""}"
18,108408,Paperback Edition,31.76,42,108408-VAR1,https://images.example.com/variants/108408-VAR1.jpg,True,"{""Format"": ""Paperback""}"
19,108408,Hardcover Special,34.94,60,108408-VAR2,https://images.example.com/variants/108408-VAR2.jpg,True,"{""Format"": ""Hardcover""}"
20,116741,Standard Size,372.52,21,116741-VAR1,https://images.example.com/variants/116741-VAR1.jpg,True,"{""Size"": ""Standard""}"
21,122092,Standard Size,196.43,21,122092-VAR1,https://images.example.com/variants/122092-VAR1.jpg,True,"{""Size"": ""Standard""}"
22,126664,Standard Black,960.53,51,126664-VAR1,https://images.example.com/variants/126664-VAR1.jpg,True,"{""Color"": ""Black""}"
23,126664,Premium Silver,1056.58,78,126664-VAR2,https://images.example.com/variants/126664-VAR2.jpg,True,"{""Color"": ""Silver""}"
24,127953,Standard Size,14.61,75,127953-VAR1,https://images.example.com/variants/127953-VAR1.jpg,True,"{""Size"": ""Standard""}"
25,130217,Standard Size,14.09,51,130217-VAR1,https://images.example.com/variants/130217-VAR1.jpg,True,"{""Size"": ""Standard""}"
26,139496,Standard Black,642.75,16,139496-VAR1,https://images.example.com/variants/139496-VAR1.jpg,True,"{""Color"": ""Black""}"
27,139496,Premium Silver,707.03,28,139496-VAR2,https://images.example.com/variants/139496-VAR2.jpg,True,"{""Color"": ""Silver""}"
28,140359,Standard Size,73.59,70,140359-VAR1,https://images.example.com/variants/140359-VAR1.jpg,True,"{""Size"": ""Standard""}"
29,143281,Standard Size,16.73,32,143281-VAR1,https://images.example.com/variants/143281-VAR1.jpg,True,"{""Size"": ""Standard""}"
30,144409,Standard Size,113.02,48,144409-VAR1,https://images.example.com/variants/144409-VAR1.jpg,True,"{""Size"": ""Standard""}"
31,162442,Standard Black,845.63,61,162442-VAR1,https://images.example.com/variants/162442-VAR1.jpg,True,"{""Color"": ""Black""}"
32,162442,Premium Silver,930.19,66,162442-VAR2,https://images.example.com/variants/162442-VAR2.jpg,True,"{""Color"": ""Silver""}"
33,164553,Standard Black,88.23,61,164553-VAR1,https://images.example.com/variants/164553-VAR1.jpg,True,"{""Color"": ""Black""}"
34,164553,Premium Silver,97.05,20,164553-VAR2,https://images.example.com/variants/164553-VAR2.jpg,True,"{""Color"": ""Silver""}"
35,173040,Standard Size,59.27,66,173040-VAR1,https://images.example.com/variants/173040-VAR1.jpg,True,"{""Size"": ""Standard""}"
36,174758,Standard Size,11.54,21,174758-VAR1,https://images.example.com/variants/174758-VAR1.jpg,True,"{""Size"": ""Standard""}"
37,177075,Standard Black,26.42,39,177075-VAR1,https://images.example.com/variants/177075-VAR1.jpg,True,"{""Color"": ""Black""}"
38,177075,Premium Silver,29.06,61,177075-VAR2,https://images.example.com/variants/177075-VAR2.jpg,True,"{""Color"": ""Silver""}"
39,177796,Standard Size,97.61,51,177796-VAR1,https://images.example.com/variants/177796-VAR1.jpg,True,"{""Size"": ""Standard""}"
40,180342,Standard Size,86.45,24,180342-VAR1,https://images.example.com/variants/180342-VAR1.jpg,True,"{""Size"": ""Standard""}"
41,190148,Paperback Edition,17.34,64,190148-VAR1,https://images.example.com/variants/190148-VAR1.jpg,True,"{""Format"": ""Paperback""}"
42,190148,Hardcover Special,19.07,79,190148-VAR2,https://images.example.com/variants/190148-VAR2.jpg,True,"{""Format"": ""Hardcover""}"
43,191098,Standard Size,83.41,72,191098-VAR1,https://images.example.com/variants/191098-VAR1.jpg,True,"{""Size"": ""Standard""}"
44,193842,Size M,80.72,50,193842-VAR1,https://images.example.com/variants/193842-VAR1.jpg,True,"{""Size"": ""M""}"
45,193842,Size L,80.72,30,193842-VAR2,https://images.example.com/variants/193842-VAR2.jpg,True,"{""Size"": ""L""}"
46,195056,Standard Size,68.0,31,195056-VAR1,https://images.example.com/variants/195056-VAR1.jpg,True,"{""Size"": ""Standard""}"
47,202202,Size M,74.95,27,202202-VAR1,https://images.example.com/variants/202202-VAR1.jpg,True,"{""Size"": ""M""}"
48,202202,Size L,74.95,65,202202-VAR2,https://images.example.com/variants/202202-VAR2.jpg,True,"{""Size"": ""L""}"
49,203244,Standard Size,109.92,62,203244-VAR1,https://images.example.com/variants/203244-VAR1.jpg,True,"{""Size"": ""Standard""}"
50,206508,Standard Size,21.09,58,206508-VAR1,https://images.example.com/variants/206508-VAR1.jpg,True,"{""Size"": ""Standard""}"
51,212989,Standard Size,28.01,61,212989-VAR1,https://images.example.com/variants/212989-VAR1.jpg,True,"{""Size"": ""Standard""}"
52,221387,Standard Size,40.67,33,221387-VAR1,https://images.example.com/variants/221387-VAR1.jpg,True,"{""Size"": ""Standard""}"
53,243523,Standard Size,368.34,40,243523-VAR1,https://images.example.com/variants/243523-VAR1.jpg,True,"{""Size"": ""Standard""}"
54,252579,Standard Black,69.35,80,252579-VAR1,https://images.example.com/variants/252579-VAR1.jpg,True,"{""Color"": ""Black""}"
55,252579,Premium Silver,76.28,66,252579-VAR2,https://images.example.com/variants/252579-VAR2.jpg,True,"{""Color"": ""Silver""}"
56,253040,Standard Size,175.97,79,253040-VAR1,https://images.example.com/variants/253040-VAR1.jpg,True,"{""Size"": ""Standard""}"
57,260779,Size M,128.56,20,260779-VAR1,https://images.example.com/variants/260779-VAR1.jpg,True,"{""Size"": ""M""}"
58,260779,Size L,128.56,20,260779-VAR2,https://images.example.com/variants/260779-VAR2.jpg,True,"{""Size"": ""L""}"
59,282801,Standard Size,192.18,19,282801-VAR1,https://images.example.com/variants/282801-VAR1.jpg,True,"{""Size"": ""Standard""}"
60,287835,Size M,140.44,32,287835-VAR1,https://images.example.com/variants/287835-VAR1.jpg,True,"{""Size"": ""M""}"
61,287835,Size L,140.44,57,287835-VAR2,https://images.example.com/variants/287835-VAR2.jpg,True,"{""Size"": ""L""}"
62,296719,Standard Size,87.38,75,296719-VAR1,https://images.example.com/variants/296719-VAR1.jpg,True,"{""Size"": ""Standard""}"
63,300124,Standard Black,24.99,73,300124-VAR1,https://images.example.com/variants/300124-VAR1.jpg,True,"{""Color"": ""Black""}"
64,300124,Premium Silver,27.49,34,300124-VAR2,https://images.example.com/variants/300124-VAR2.jpg,True,"{""Color"": ""Silver""}"
65,300430,Standard Black,455.67,80,300430-VAR1,https://images.example.com/variants/300430-VAR1.jpg,True,"{""Color"": ""Black""}"
66,300430,Premium Silver,501.24,32,300430-VAR2,https://images.example.com/variants/300430-VAR2.jpg,True,"{""Color"": ""Silver""}"
67,303794,Size M,90.47,56,303794-VAR1,https://images.example.com/variants/303794-VAR1.jpg,True,"{""Size"": ""M""}"
68,303794,Size L,90.47,55,303794-VAR2,https://images.example.com/variants/303794-VAR2.jpg,True,"{""Size"": ""L""}"
69,305317,Standard Size,18.13,35,305317-VAR1,https://images.example.com/variants/305317-VAR1.jpg,True,"{""Size"": ""Standard""}"
70,305698,Size M,50.93,65,305698-VAR1,https://images.example.com/variants/305698-VAR1.jpg,True,"{""Size"": ""M""}"
71,305698,Size L,50.93,53,305698-VAR2,https://images.example.com/variants/305698-VAR2.jpg,True,"{""Size"": ""L""}"
72,307896,Standard Black,771.57,58,307896-VAR1,https://images.example.com/variants/307896-VAR1.jpg,True,"{""Color"": ""Black""}"
73,307896,Premium Silver,848.73,79,307896-VAR2,https://images.example.com/variants/307896-VAR2.jpg,True,"{""Color"": ""Silver""}"
74,321118,Standard Black,907.14,80,321118-VAR1,https://images.example.com/variants/321118-VAR1.jpg,True,"{""Color"": ""Black""}"
75,321118,Premium Silver,997.85,77,321118-VAR2,https://images.example.com/variants/321118-VAR2.jpg,True,"{""Color"": ""Silver""}"
76,325313,Size M,38.17,53,325313-VAR1,https://images.example.com/variants/325313-VAR1.jpg,True,"{""Size"": ""M""}"
77,325313,Size L,38.17,75,325313-VAR2,https://images.example.com/variants/325313-VAR2.jpg,True,"{""Size"": ""L""}"
78,329628,Standard Size,52.9,17,329628-VAR1,https://images.example.com/variants/329628-VAR1.jpg,True,"{""Size"": ""Standard""}"
79,334615,Standard Black,76.04,62,334615-VAR1,https://images.example.com/variants/334615-VAR1.jpg,True,"{""Color"": ""Black""}"
80,334615,Premium Silver,83.64,57,334615-VAR2,https://images.example.com/variants/334615-VAR2.jpg,True,"{""Color"": ""Silver""}"
81,347750,Standard Size,144.04,29,347750-VAR1,https://images.example.com/variants/347750-VAR1.jpg,True,"{""Size"": ""Standard""}"
82,349984,Standard Black,79.46,68,349984-VAR1,https://images.example.com/variants/349984-VAR1.jpg,True,"{""Color"": ""Black""}"
83,349984,Premium Silver,87.41,54,349984-VAR2,https://images.example.com/variants/349984-VAR2.jpg,True,"{""Color"": ""Silver""}"
84,361294,Standard Size,61.06,18,361294-VAR1,https://images.example.com/variants/361294-VAR1.jpg,True,"{""Size"": ""Standard""}"
85,372144,Size M,81.98,75,372144-VAR1,https://images.example.com/variants/372144-VAR1.jpg,True,"{""Size"": ""M""}"
86,372144,Size L,81.98,48,372144-VAR2,https://images.example.com/variants/372144-VAR2.jpg,True,"{""Size"": ""L""}"
87,377345,Standard Size,54.74,44,377345-VAR1,https://images.example.com/variants/377345-VAR1.jpg,True,"{""Size"": ""Standard""}"
88,379371,Standard Size,85.91,21,379371-VAR1,https://images.example.com/variants/379371-VAR1.jpg,True,"{""Size"": ""Standard""}"
89,398593,Paperback Edition,29.41,76,398593-VAR1,https://images.example.com/variants/398593-VAR1.jpg,True,"{""Format"": ""Paperback""}"
90,398593,Hardcover Special,32.35,36,398593-VAR2,https://images.example.com/variants/398593-VAR2.jpg,True,"{""Format"": ""Hardcover""}"
91,400851,Standard Black,712.86,63,400851-VAR1,https://images.example.com/variants/400851-VAR1.jpg,True,"{""Color"": ""Black""}"
92,400851,Premium Silver,784.15,33,400851-VAR2,https://images.example.com/variants/400851-VAR2.jpg,True,"{""Color"": ""Silver""}"
93,409116,Standard Size,394.62,46,409116-VAR1,https://images.example.com/variants/409116-VAR1.jpg,True,"{""Size"": ""Standard""}"
94,414825,Size M,77.42,19,414825-VAR1,https://images.example.com/variants/414825-VAR1.jpg,True,"{""Size"": ""M""}"
95,414825,Size L,77.42,29,414825-VAR2,https://images.example.com/variants/414825-VAR2.jpg,True,"{""Size"": ""L""}"
96,418390,Size M,87.82,39,418390-VAR1,https://images.example.com/variants/418390-VAR1.jpg,True,"{""Size"": ""M""}"
97,418390,Size L,87.82,17,418390-VAR2,https://images.example.com/variants/418390-VAR2.jpg,True,"{""Size"": ""L""}"
98,420144,Standard Size,5.31,71,420144-VAR1,https://images.example.com/variants/420144-VAR1.jpg,True,"{""Size"": ""Standard""}"
99,427434,Standard Black,887.39,55,427434-VAR1,https://images.example.com/variants/427434-VAR1.jpg,True,"{""Color"": ""Black""}"
100,427434,Premium Silver,976.13,68,427434-VAR2,https://images.example.com/variants/427434-VAR2.jpg,True,"{""Color"": ""Silver""}"
101,435998,Paperback Edition,38.16,34,435998-VAR1,https://images.example.com/variants/435998-VAR1.jpg,True,"{""Format"": ""Paperback""}"
102,435998,Hardcover Special,41.98,67,435998-VAR2,https://images.example.com/variants/435998-VAR2.jpg,True,"{""Format"": ""Hardcover""}"
103,442940,Paperback Edition,24.23,41,442940-VAR1,https://images.example.com/variants/442940-VAR1.jpg,True,"{""Format"": ""Paperback""}"
104,442940,Hardcover Special,26.65,67,442940-VAR2,https://images.example.com/variants/442940-VAR2.jpg,True,"{""Format"": ""Hardcover""}"
105,444181,Standard Black,882.6,79,444181-VAR1,https://images.example.com/variants/444181-VAR1.jpg,True,"{""Color"": ""Black""}"
106,444181,Premium Silver,970.86,75,444181-VAR2,https://images.example.com/variants/444181-VAR2.jpg,True,"{""Color"": ""Silver""}"
107,447009,Standard Size,84.12,22,447009-VAR1,https://images.example.com/variants/447009-VAR1.jpg,True,"{""Size"": ""Standard""}"
108,451286,Standard Black,647.46,32,451286-VAR1,https://images.example.com/variants/451286-VAR1.jpg,True,"{""Color"": ""Black""}"
109,451286,Premium Silver,712.21,41,451286-VAR2,https://images.example.com/variants/451286-VAR2.jpg,True,"{""Color"": ""Silver""}"
110,454408,Standard Size,40.15,56,454408-VAR1,https://images.example.com/variants/454408-VAR1.jpg,True,"{""Size"": ""Standard""}"
111,455385,Standard Size,306.0,76,455385-VAR1,https://images.example.com/variants/455385-VAR1.jpg,True,"{""Size"": ""Standard""}"
112,460466,Standard Black,925.73,63,460466-VAR1,https://images.example.com/variants/460466-VAR1.jpg,True,"{""Color"": ""Black""}"
113,460466,Premium Silver,1018.3,55,460466-VAR2,https://images.example.com/variants/460466-VAR2.jpg,True,"{""Color"": ""Silver""}"
114,461740,Paperback Edition,18.72,37,461740-VAR1,https://images.example.com/variants/461740-VAR1.jpg,True,"{""Format"": ""Paperback""}"
115,461740,Hardcover Special,20.59,73,461740-VAR2,https://images.example.com/variants/461740-VAR2.jpg,True,"{""Format"": ""Hardcover""}"
116,467423,Size M,52.31,58,467423-VAR1,https://images.example.com/variants/467423-VAR1.jpg,True,"{""Size"": ""M""}"
117,467423,Size L,52.31,60,467423-VAR2,https://images.example.com/variants/467423-VAR2.jpg,True,"{""Size"": ""L""}"
118,474469,Size M,71.24,48,474469-VAR1,https://images.example.com/variants/474469-VAR1.jpg,True,"{""Size"": ""M""}"
119,474469,Size L,71.24,76,474469-VAR2,https://images.example.com/variants/474469-VAR2.jpg,True,"{""Size"": ""L""}"
120,475913,Standard Size,27.51,39,475913-VAR1,https://images.example.com/variants/475913-VAR1.jpg,True,"{""Size"": ""Standard""}"
121,479367,Standard Size,87.53,46,479367-VAR1,https://images.example.com/variants/479367-VAR1.jpg,True,"{""Size"": ""Standard""}"
122,482929,Standard Size,115.89,50,482929-VAR1,https://images.example.com/variants/482929-VAR1.jpg,True,"{""Size"": ""Standard""}"
123,487347,Standard Size,81.71,53,487347-VAR1,https://images.example.com/variants/487347-VAR1.jpg,True,"{""Size"": ""Standard""}"
124,487547,Paperback Edition,31.98,43,487547-VAR1,https://images.example.com/variants/487547-VAR1.jpg,True,"{""Format"": ""Paperback""}"
125,487547,Hardcover Special,35.18,53,487547-VAR2,https://images.example.com/variants/487547-VAR2.jpg,True,"{""Format"": ""Hardcover""}"
126,494417,Size M,57.22,51,494417-VAR1,https://images.example.com/variants/494417-VAR1.jpg,True,"{""Size"": ""M""}"
127,494417,Size L,57.22,41,494417-VAR2,https://images.example.com/variants/494417-VAR2.jpg,True,"{""Size"": ""L""}"
128,500641,Standard Size,149.19,77,500641-VAR1,https://images.example.com/variants/500641-VAR1.jpg,True,"{""Size"": ""Standard""}"
129,506837,Standard Black,884.32,55,506837-VAR1,https://images.example.com/variants/506837-VAR1.jpg,True,"{""Color"": ""Black""}"
130,506837,Premium Silver,972.75,76,506837-VAR2,https://images.example.com/variants/506837-VAR2.jpg,True,"{""Color"": ""Silver""}"
131,510660,Standard Black,966.96,59,510660-VAR1,https://images.example.com/variants/510660-VAR1.jpg,True,"{""Color"": ""Black""}"
132,510660,Premium Silver,1063.66,50,510660-VAR2,https://images.example.com/variants/510660-VAR2.jpg,True,"{""Color"": ""Silver""}"
133,528426,Standard Size,396.46,51,528426-VAR1,https://images.example.com/variants/528426-VAR1.jpg,True,"{""Size"": ""Standard""}"
134,530474,Standard Size,164.28,30,530474-VAR1,https://images.example.com/variants/530474-VAR1.jpg,True,"{""Size"": ""Standard""}"
135,532145,Standard Black,458.69,63,532145-VAR1,https://images.example.com/variants/532145-VAR1.jpg,True,"{""Color"": ""Black""}"
136,532145,Premium Silver,504.56,65,532145-VAR2,https://images.example.com/variants/532145-VAR2.jpg,True,"{""Color"": ""Silver""}"
137,532443,Standard Size,66.09,59,532443-VAR1,https://images.example.com/variants/532443-VAR1.jpg,True,"{""Size"": ""Standard""}"
138,542973,Standard Black,908.75,33,542973-VAR1,https://images.example.com/variants/542973-VAR1.jpg,True,"{""Color"": ""Black""}"
139,542973,Premium Silver,999.63,52,542973-VAR2,https://images.example.com/variants/542973-VAR2.jpg,True,"{""Color"": ""Silver""}"
140,544000,Size M,22.74,20,544000-VAR1,https://images.example.com/variants/544000-VAR1.jpg,True,"{""Size"": ""M""}"
141,544000,Size L,22.74,51,544000-VAR2,https://images.example.com/variants/544000-VAR2.jpg,True,"{""Size"": ""L""}"
142,559088,Size M,47.04,25,559088-VAR1,https://images.example.com/variants/559088-VAR1.jpg,True,"{""Size"": ""M""}"
143,559088,Size L,47.04,59,559088-VAR2,https://images.example.com/variants/559088-VAR2.jpg,True,"{""Size"": ""L""}"
144,563665,Size M,52.65,71,563665-VAR1,https://images.example.com/variants/563665-VAR1.jpg,True,"{""Size"": ""M""}"
145,563665,Size L,52.65,47,563665-VAR2,https://images.example.com/variants/563665-VAR2.jpg,True,"{""Size"": ""L""}"
146,575683,Standard Size,60.31,76,575683-VAR1,https://images.example.com/variants/575683-VAR1.jpg,True,"{""Size"": ""Standard""}"
147,585725,Standard Size,109.75,42,585725-VAR1,https://images.example.com/variants/585725-VAR1.jpg,True,"{""Size"": ""Standard""}"
148,592124,Standard Black,152.93,40,592124-VAR1,https://images.example.com/variants/592124-VAR1.jpg,True,"{""Color"": ""Black""}"
149,592124,Premium Silver,168.22,49,592124-VAR2,https://images.example.com/variants/592124-VAR2.jpg,True,"{""Color"": ""Silver""}"
150,602202,Size M,72.95,49,602202-VAR1,https://images.example.com/variants/602202-VAR1.jpg,True,"{""Size"": ""M""}"
151,602202,Size L,72.95,32,602202-VAR2,https://images.example.com/variants/602202-VAR2.jpg,True,"{""Size"": ""L""}"
152,610505,Standard Size,11.66,28,610505-VAR1,https://images.example.com/variants/610505-VAR1.jpg,True,"{""Size"": ""Standard""}"
153,621929,Paperback Edition,17.35,45,621929-VAR1,https://images.example.com/variants/621929-VAR1.jpg,True,"{""Format"": ""Paperback""}"
154,621929,Hardcover Special,19.09,46,621929-VAR2,https://images.example.com/variants/621929-VAR2.jpg,True,"{""Format"": ""Hardcover""}"
155,627476,Standard Size,25.14,21,627476-VAR1,https://images.example.com/variants/627476-VAR1.jpg,True,"{""Size"": ""Standard""}"
156,632660,Standard Size,73.0,43,632660-VAR1,https://images.example.com/variants/632660-VAR1.jpg,True,"{""Size"": ""Standard""}"
157,634999,Paperback Edition,26.29,44,634999-VAR1,https://images.example.com/variants/634999-VAR1.jpg,True,"{""Format"": ""Paperback""}"
158,634999,Hardcover Special,28.92,21,634999-VAR2,https://images.example.com/variants/634999-VAR2.jpg,True,"{""Format"": ""Hardcover""}"
159,639339,Standard Size,408.76,27,639339-VAR1,https://images.example.com/variants/639339-VAR1.jpg,True,"{""Size"": ""Standard""}"
160,641976,Size M,27.19,67,641976-VAR1,https://images.example.com/variants/641976-VAR1.jpg,True,"{""Size"": ""M""}"
161,641976,Size L,27.19,57,641976-VAR2,https://images.example.com/variants/641976-VAR2.jpg,True,"{""Size"": ""L""}"
162,644264,Standard Size,66.94,75,644264-VAR1,https://images.example.com/variants/644264-VAR1.jpg,True,"{""Size"": ""Standard""}"
163,646921,Standard Black,480.8,27,646921-VAR1,https://images.example.com/variants/646921-VAR1.jpg,True,"{""Color"": ""Black""}"
164,646921,Premium Silver,528.88,32,646921-VAR2,https://images.example.com/variants/646921-VAR2.jpg,True,"{""Color"": ""Silver""}"
165,649676,Standard Black,876.59,15,649676-VAR1,https://images.example.com/variants/649676-VAR1.jpg,True,"{""Color"": ""Black""}"
166,649676,Premium Silver,964.25,35,649676-VAR2,https://images.example.com/variants/649676-VAR2.jpg,True,"{""Color"": ""Silver""}"
167,654710,Standard Size,68.3,67,654710-VAR1,https://images.example.com/variants/654710-VAR1.jpg,True,"{""Size"": ""Standard""}"
168,656911,Standard Size,14.25,75,656911-VAR1,https://images.example.com/variants/656911-VAR1.jpg,True,"{""Size"": ""Standard""}"
169,658010,Size M,120.1,76,658010-VAR1,https://images.example.com/variants/658010-VAR1.jpg,True,"{""Size"": ""M""}"
170,658010,Size L,120.1,40,658010-VAR2,https://images.example.com/variants/658010-VAR2.jpg,True,"{""Size"": ""L""}"
171,662524,Standard Black,323.54,51,662524-VAR1,https://images.example.com/variants/662524-VAR1.jpg,True,"{""Color"": ""Black""}"
172,662524,Premium Silver,355.89,56,662524-VAR2,https://images.example.com/variants/662524-VAR2.jpg,True,"{""Color"": ""Silver""}"
173,672767,Standard Size,304.7,51,672767-VAR1,https://images.example.com/variants/672767-VAR1.jpg,True,"{""Size"": ""Standard""}"
174,682079,Standard Size,44.66,22,682079-VAR1,https://images.example.com/variants/682079-VAR1.jpg,True,"{""Size"": ""Standard""}"
175,687309,Standard Size,48.49,26,687309-VAR1,https://images.example.com/variants/687309-VAR1.jpg,True,"{""Size"": ""Standard""}"
176,687624,Size M,88.74,44,687624-VAR1,https://images.example.com/variants/687624-VAR1.jpg,True,"{""Size"": ""M""}"
177,687624,Size L,88.74,19,687624-VAR2,https://images.example.com/variants/687624-VAR2.jpg,True,"{""Size"": ""L""}"
178,689042,Standard Size,14.2,37,689042-VAR1,https://images.example.com/variants/689042-VAR1.jpg,True,"{""Size"": ""Standard""}"
179,693206,Standard Size,98.93,68,693206-VAR1,https://images.example.com/variants/693206-VAR1.jpg,True,"{""Size"": ""Standard""}"
180,697305,Standard Black,96.09,37,697305-VAR1,https://images.example.com/variants/697305-VAR1.jpg,True,"{""Color"": ""Black""}"
181,697305,Premium Silver,105.7,19,697305-VAR2,https://images.example.com/variants/697305-VAR2.jpg,True,"{""Color"": ""Silver""}"
182,701097,Standard Size,20.63,65,701097-VAR1,https://images.example.com/variants/701097-VAR1.jpg,True,"{""Size"": ""Standard""}"
183,703963,Paperback Edition,23.44,78,703963-VAR1,https://images.example.com/variants/703963-VAR1.jpg,True,"{""Format"": ""Paperback""}"
184,703963,Hardcover Special,25.78,38,703963-VAR2,https://images.example.com/variants/703963-VAR2.jpg,True,"{""Format"": ""Hardcover""}"
185,705046,Standard Size,458.12,52,705046-VAR1,https://images.example.com/variants/705046-VAR1.jpg,True,"{""Size"": ""Standard""}"
186,706065,Size M,81.69,19,706065-VAR1,https://images.example.com/variants/706065-VAR1.jpg,True,"{""Size"": ""M""}"
187,706065,Size L,81.69,16,706065-VAR2,https://images.example.com/variants/706065-VAR2.jpg,True,"{""Size"": ""L""}"
188,716219,Standard Size,29.93,53,716219-VAR1,https://images.example.com/variants/716219-VAR1.jpg,True,"{""Size"": ""Standard""}"
189,718985,Standard Size,31.81,28,718985-VAR1,https://images.example.com/variants/718985-VAR1.jpg,True,"{""Size"": ""Standard""}"
190,724626,Paperback Edition,37.72,57,724626-VAR1,https://images.example.com/variants/724626-VAR1.jpg,True,"{""Format"": ""Paperback""}"
191,724626,Hardcover Special,41.49,51,724626-VAR2,https://images.example.com/variants/724626-VAR2.jpg,True,"{""Format"": ""Hardcover""}"
192,725164,Standard Black,67.22,73,725164-VAR1,https://images.example.com/variants/725164-VAR1.jpg,True,"{""Color"": ""Black""}"
193,725164,Premium Silver,73.94,78,725164-VAR2,https://images.example.com/variants/725164-VAR2.jpg,True,"{""Color"": ""Silver""}"
194,725452,Size M,24.91,32,725452-VAR1,https://images.example.com/variants/725452-VAR1.jpg,True,"{""Size"": ""M""}"
195,725452,Size L,24.91,79,725452-VAR2,https://images.example.com/variants/725452-VAR2.jpg,True,"{""Size"": ""L""}"
196,729577,Standard Size,25.46,74,729577-VAR1,https://images.example.com/variants/729577-VAR1.jpg,True,"{""Size"": ""Standard""}"
197,731783,Size M,52.07,49,731783-VAR1,https://images.example.com/variants/731783-VAR1.jpg,True,"{""Size"": ""M""}"
198,731783,Size L,52.07,39,731783-VAR2,https://images.example.com/variants/731783-VAR2.jpg,True,"{""Size"": ""L""}"
199,735415,Standard Size,10.73,29,735415-VAR1,https://images.example.com/variants/735415-VAR1.jpg,True,"{""Size"": ""Standard""}"
200,738249,Standard Size,10.37,57,738249-VAR1,https://images.example.com/variants/738249-VAR1.jpg,True,"{""Size"": ""Standard""}"
201,743052,Paperback Edition,23.3,35,743052-VAR1,https://images.example.com/variants/743052-VAR1.jpg,True,"{""Format"": ""Paperback""}"
202,743052,Hardcover Special,25.63,73,743052-VAR2,https://images.example.com/variants/743052-VAR2.jpg,True,"{""Format"": ""Hardcover""}"
203,743380,Standard Black,19.8,47,743380-VAR1,https://images.example.com/variants/743380-VAR1.jpg,True,"{""Color"": ""Black""}"
204,743380,Premium Silver,21.78,38,743380-VAR2,https://images.example.com/variants/743380-VAR2.jpg,True,"{""Color"": ""Silver""}"
205,744823,Standard Size,12.53,16,744823-VAR1,https://images.example.com/variants/744823-VAR1.jpg,True,"{""Size"": ""Standard""}"
206,755870,Standard Black,161.6,58,755870-VAR1,https://images.example.com/variants/755870-VAR1.jpg,True,"{""Color"": ""Black""}"
207,755870,Premium Silver,177.76,52,755870-VAR2,https://images.example.com/variants/755870-VAR2.jpg,True,"{""Color"": ""Silver""}"
208,758425,Standard Size,362.91,39,758425-VAR1,https://images.example.com/variants/758425-VAR1.jpg,True,"{""Size"": ""Standard""}"
209,762383,Standard Size,42.95,37,762383-VAR1,https://images.example.com/variants/762383-VAR1.jpg,True,"{""Size"": ""Standard""}"
210,764670,Standard Size,183.16,66,764670-VAR1,https://images.example.com/variants/764670-VAR1.jpg,True,"{""Size"": ""Standard""}"
211,765808,Standard Size,96.65,69,765808-VAR1,https://images.example.com/variants/765808-VAR1.jpg,True,"{""Size"": ""Standard""}"
212,767464,Size M,41.83,80,767464-VAR1,https://images.example.com/variants/767464-VAR1.jpg,True,"{""Size"": ""M""}"
213,767464,Size L,41.83,56,767464-VAR2,https://images.example.com/variants/767464-VAR2.jpg,True,"{""Size"": ""L""}"
214,768295,Standard Size,316.83,26,768295-VAR1,https://images.example.com/variants/768295-VAR1.jpg,True,"{""Size"": ""Standard""}"
215,771558,Standard Black,92.86,66,771558-VAR1,https://images.example.com/variants/771558-VAR1.jpg,True,"{""Color"": ""Black""}"
216,771558,Premium Silver,102.15,27,771558-VAR2,https://images.example.com/variants/771558-VAR2.jpg,True,"{""Color"": ""Silver""}"
217,771853,Standard Size,67.95,38,771853-VAR1,https://images.example.com/variants/771853-VAR1.jpg,True,"{""Size"": ""Standard""}"
218,773321,Standard Size,180.01,32,773321-VAR1,https://images.example.com/variants/773321-VAR1.jpg,True,"{""Size"": ""Standard""}"
219,779670,Standard Size,17.3,76,779670-VAR1,https://images.example.com/variants/779670-VAR1.jpg,True,"{""Size"": ""Standard""}"
220,783373,Standard Size,33.2,56,783373-VAR1,https://images.example.com/variants/783373-VAR1.jpg,True,"{""Size"": ""Standard""}"
221,785193,Standard Size,92.33,46,785193-VAR1,https://images.example.com/variants/785193-VAR1.jpg,True,"{""Size"": ""Standard""}"
222,786458,Standard Black,108.37,15,786458-VAR1,https://images.example.com/variants/786458-VAR1.jpg,True,"{""Color"": ""Black""}"
223,786458,Premium Silver,119.21,48,786458-VAR2,https://images.example.com/variants/786458-VAR2.jpg,True,"{""Color"": ""Silver""}"
224,791770,Standard Size,498.35,64,791770-VAR1,https://images.example.com/variants/791770-VAR1.jpg,True,"{""Size"": ""Standard""}"
225,800445,Standard Size,110.7,45,800445-VAR1,https://images.example.com/variants/800445-VAR1.jpg,True,"{""Size"": ""Standard""}"
226,810022,Standard Size,52.55,72,810022-VAR1,https://images.example.com/variants/810022-VAR1.jpg,True,"{""Size"": ""Standard""}"
227,816139,Standard Size,92.73,49,816139-VAR1,https://images.example.com/variants/816139-VAR1.jpg,True,"{""Size"": ""Standard""}"
228,818466,Standard Size,87.65,57,818466-VAR1,https://images.example.com/variants/818466-VAR1.jpg,True,"{""Size"": ""Standard""}"
229,832994,Standard Size,31.79,53,832994-VAR1,https://images.example.com/variants/832994-VAR1.jpg,True,"{""Size"": ""Standard""}"
230,838793,Standard Black,83.37,16,838793-VAR1,https://images.example.com/variants/838793-VAR1.jpg,True,"{""Color"": ""Black""}"
231,838793,Premium Silver,91.71,48,838793-VAR2,https://images.example.com/variants/838793-VAR2.jpg,True,"{""Color"": ""Silver""}"
232,845822,Size M,34.36,61,845822-VAR1,https://images.example.com/variants/845822-VAR1.jpg,True,"{""Size"": ""M""}"
233,845822,Size L,34.36,45,845822-VAR2,https://images.example.com/variants/845822-VAR2.jpg,True,"{""Size"": ""L""}"
234,849843,Standard Size,54.72,22,849843-VAR1,https://images.example.com/variants/849843-VAR1.jpg,True,"{""Size"": ""Standard""}"
235,855191,Standard Size,81.81,30,855191-VAR1,https://images.example.com/variants/855191-VAR1.jpg,True,"{""Size"": ""Standard""}"
236,856297,Standard Size,92.59,74,856297-VAR1,https://images.example.com/variants/856297-VAR1.jpg,True,"{""Size"": ""Standard""}"
237,869209,Size M,143.28,54,869209-VAR1,https://images.example.com/variants/869209-VAR1.jpg,True,"{""Size"": ""M""}"
238,869209,Size L,143.28,35,869209-VAR2,https://images.example.com/variants/869209-VAR2.jpg,True,"{""Size"": ""L""}"
239,870086,Standard Size,190.81,66,870086-VAR1,https://images.example.com/variants/870086-VAR1.jpg,True,"{""Size"": ""Standard""}"
240,870595,Paperback Edition,31.27,79,870595-VAR1,https://images.example.com/variants/870595-VAR1.jpg,True,"{""Format"": ""Paperback""}"
241,870595,Hardcover Special,34.4,54,870595-VAR2,https://images.example.com/variants/870595-VAR2.jpg,True,"{""Format"": ""Hardcover""}"
242,872404,Standard Size,30.6,30,872404-VAR1,https://images.example.com/variants/872404-VAR1.jpg,True,"{""Size"": ""Standard""}"
243,873997,Standard Size,24.8,52,873997-VAR1,https://images.example.com/variants/873997-VAR1.jpg,True,"{""Size"": ""Standard""}"
244,904672,Standard Black,24.14,62,904672-VAR1,https://images.example.com/variants/904672-VAR1.jpg,True,"{""Color"": ""Black""}"
245,904672,Premium Silver,26.55,43,904672-VAR2,https://images.example.com/variants/904672-VAR2.jpg,True,"{""Color"": ""Silver""}"
246,905677,Standard Size,85.17,43,905677-VAR1,https://images.example.com/variants/905677-VAR1.jpg,True,"{""Size"": ""Standard""}"
247,905943,Size M,46.27,32,905943-VAR1,https://images.example.com/variants/905943-VAR1.jpg,True,"{""Size"": ""M""}"
248,905943,Size L,46.27,76,905943-VAR2,https://images.example.com/variants/905943-VAR2.jpg,True,"{""Size"": ""L""}"
249,906282,Standard Black,182.98,34,906282-VAR1,https://images.example.com/variants/906282-VAR1.jpg,True,"{""Color"": ""Black""}"
250,906282,Premium Silver,201.28,73,906282-VAR2,https://images.example.com/variants/906282-VAR2.jpg,True,"{""Color"": ""Silver""}"
251,907841,Standard Black,845.58,62,907841-VAR1,https://images.example.com/variants/907841-VAR1.jpg,True,"{""Color"": ""Black""}"
252,907841,Premium Silver,930.14,68,907841-VAR2,https://images.example.com/variants/907841-VAR2.jpg,True,"{""Color"": ""Silver""}"
253,920480,Paperback Edition,9.11,75,920480-VAR1,https://images.example.com/variants/920480-VAR1.jpg,True,"{""Format"": ""Paperback""}"
254,920480,Hardcover Special,10.02,42,920480-VAR2,https://images.example.com/variants/920480-VAR2.jpg,True,"{""Format"": ""Hardcover""}"
255,925671,Standard Size,64.89,46,925671-VAR1,https://images.example.com/variants/925671-VAR1.jpg,True,"{""Size"": ""Standard""}"
256,929641,Standard Size,20.19,25,929641-VAR1,https://images.example.com/variants/929641-VAR1.jpg,True,"{""Size"": ""Standard""}"
257,931229,Standard Size,56.86,72,931229-VAR1,https://images.example.com/variants/931229-VAR1.jpg,True,"{""Size"": ""Standard""}"
258,931499,Size M,50.9,61,931499-VAR1,https://images.example.com/variants/931499-VAR1.jpg,True,"{""Size"": ""M""}"
259,931499,Size L,50.9,24,931499-VAR2,https://images.example.com/variants/931499-VAR2.jpg,True,"{""Size"": ""L""}"
260,934383,Standard Size,12.07,29,934383-VAR1,https://images.example.com/variants/934383-VAR1.jpg,True,"{""Size"": ""Standard""}"
261,936197,Standard Size,89.97,22,936197-VAR1,https://images.example.com/variants/936197-VAR1.jpg,True,"{""Size"": ""Standard""}"
262,938062,Standard Size,95.1,79,938062-VAR1,https://images.example.com/variants/938062-VAR1.jpg,True,"{""Size"": ""Standard""}"
263,939688,Standard Black,59.76,40,939688-VAR1,https://images.example.com/variants/939688-VAR1.jpg,True,"{""Color"": ""Black""}"
264,939688,Premium Silver,65.74,34,939688-VAR2,https://images.example.com/variants/939688-VAR2.jpg,True,"{""Color"": ""Silver""}"
265,947168,Standard Size,45.4,36,947168-VAR1,https://images.example.com/variants/947168-VAR1.jpg,True,"{""Size"": ""Standard""}"
266,954365,Standard Size,209.16,56,954365-VAR1,https://images.example.com/variants/954365-VAR1.jpg,True,"{""Size"": ""Standard""}"
267,955365,Standard Black,89.5,71,955365-VAR1,https://images.example.com/variants/955365-VAR1.jpg,True,"{""Color"": ""Black""}"
268,955365,Premium Silver,98.45,29,955365-VAR2,https://images.example.com/variants/955365-VAR2.jpg,True,"{""Color"": ""Silver""}"
269,961958,Standard Size,69.11,41,961958-VAR1,https://images.example.com/variants/961958-VAR1.jpg,True,"{""Size"": ""Standard""}"
270,965798,Paperback Edition,12.08,77,965798-VAR1,https://images.example.com/variants/965798-VAR1.jpg,True,"{""Format"": ""Paperback""}"
271,965798,Hardcover Special,13.29,26,965798-VAR2,https://images.example.com/variants/965798-VAR2.jpg,True,"{""Format"": ""Hardcover""}"
272,970425,Standard Black,894.84,80,970425-VAR1,https://images.example.com/variants/970425-VAR1.jpg,True,"{""Color"": ""Black""}"
273,970425,Premium Silver,984.32,72,970425-VAR2,https://images.example.com/variants/970425-VAR2.jpg,True,"{""Color"": ""Silver""}"
274,975226,Standard Black,96.54,22,975226-VAR1,https://images.example.com/variants/975226-VAR1.jpg,True,"{""Color"": ""Black""}"
275,975226,Premium Silver,106.19,73,975226-VAR2,https://images.example.com/variants/975226-VAR2.jpg,True,"{""Color"": ""Silver""}"
276,981566,Standard Black,19.53,31,981566-VAR1,https://images.example.com/variants/981566-VAR1.jpg,True,"{""Color"": ""Black""}"
277,981566,Premium Silver,21.48,80,981566-VAR2,https://images.example.com/variants/981566-VAR2.jpg,True,"{""Color"": ""Silver""}"
278,987677,Standard Size,86.27,68,987677-VAR1,https://images.example.com/variants/987677-VAR1.jpg,True,"{""Size"": ""Standard""}"
279,995550,Standard Size,87.85,73,995550-VAR1,https://images.example.com/variants/995550-VAR1.jpg,True,"{""Size"": ""Standard""}"
280,997154,Standard Size,21.86,22,997154-VAR1,https://images.example.com/variants/997154-VAR1.jpg,True,"{""Size"": ""Standard""}"
281,1001675,Size M,126.06,74,1001675-VAR1,https://images.example.com/variants/1001675-VAR1.jpg,True,"{""Size"": ""M""}"
282,1001675,Size L,126.06,54,1001675-VAR2,https://images.example.com/variants/1001675-VAR2.jpg,True,"{""Size"": ""L""}"
283,1007312,Standard Size,80.41,17,1007312-VAR1,https://images.example.com/variants/1007312-VAR1.jpg,True,"{""Size"": ""Standard""}"
284,1008152,Paperback Edition,33.32,65,1008152-VAR1,https://images.example.com/variants/1008152-VAR1.jpg,True,"{""Format"": ""Paperback""}"
285,1008152,Hardcover Special,36.65,47,1008152-VAR2,https://images.example.com/variants/1008152-VAR2.jpg,True,"{""Format"": ""Hardcover""}"
286,1008330,Standard Size,19.96,15,1008330-VAR1,https://images.example.com/variants/1008330-VAR1.jpg,True,"{""Size"": ""Standard""}"
287,1014292,Standard Black,15.16,42,1014292-VAR1,https://images.example.com/variants/1014292-VAR1.jpg,True,"{""Color"": ""Black""}"
288,1014292,Premium Silver,16.68,24,1014292-VAR2,https://images.example.com/variants/1014292-VAR2.jpg,True,"{""Color"": ""Silver""}"
289,1014296,Standard Size,85.71,20,1014296-VAR1,https://images.example.com/variants/1014296-VAR1.jpg,True,"{""Size"": ""Standard""}"
290,1024622,Standard Black,279.42,69,1024622-VAR1,https://images.example.com/variants/1024622-VAR1.jpg,True,"{""Color"": ""Black""}"
291,1024622,Premium Silver,307.36,59,1024622-VAR2,https://images.example.com/variants/1024622-VAR2.jpg,True,"{""Color"": ""Silver""}"
292,1024736,Standard Size,226.51,23,1024736-VAR1,https://images.example.com/variants/1024736-VAR1.jpg,True,"{""Size"": ""Standard""}"
293,1053132,Size M,64.52,22,1053132-VAR1,https://images.example.com/variants/1053132-VAR1.jpg,True,"{""Size"": ""M""}"
294,1053132,Size L,64.52,23,1053132-VAR2,https://images.example.com/variants/1053132-VAR2.jpg,True,"{""Size"": ""L""}"
295,1077547,Standard Size,23.15,75,1077547-VAR1,https://images.example.com/variants/1077547-VAR1.jpg,True,"{""Size"": ""Standard""}"
296,1089711,Standard Size,31.19,19,1089711-VAR1,https://images.example.com/variants/1089711-VAR1.jpg,True,"{""Size"": ""Standard""}"
297,1096863,Paperback Edition,38.01,51,1096863-VAR1,https://images.example.com/variants/1096863-VAR1.jpg,True,"{""Format"": ""Paperback""}"
298,1096863,Hardcover Special,41.81,67,1096863-VAR2,https://images.example.com/variants/1096863-VAR2.jpg,True,"{""Format"": ""Hardcover""}"
299,1106837,Standard Size,227.13,38,1106837-VAR1,https://images.example.com/variants/1106837-VAR1.jpg,True,"{""Size"": ""Standard""}"
300,1112818,Standard Black,42.57,32,1112818-VAR1,https://images.example.com/variants/1112818-VAR1.jpg,True,"{""Color"": ""Black""}"
301,1112818,Premium Silver,46.83,68,1112818-VAR2,https://images.example.com/variants/1112818-VAR2.jpg,True,"{""Color"": ""Silver""}"
302,1113979,Standard Size,218.75,62,1113979-VAR1,https://images.example.com/variants/1113979-VAR1.jpg,True,"{""Size"": ""Standard""}"
303,1115643,Standard Size,128.33,63,1115643-VAR1,https://images.example.com/variants/1115643-VAR1.jpg,True,"{""Size"": ""Standard""}"
304,1127932,Standard Size,21.79,72,1127932-VAR1,https://images.example.com/variants/1127932-VAR1.jpg,True,"{""Size"": ""Standard""}"
305,1132150,Standard Size,8.6,63,1132150-VAR1,https://images.example.com/variants/1132150-VAR1.jpg,True,"{""Size"": ""Standard""}"
306,1134646,Size M,42.81,63,1134646-VAR1,https://images.example.com/variants/1134646-VAR1.jpg,True,"{""Size"": ""M""}"
307,1134646,Size L,42.81,25,1134646-VAR2,https://images.example.com/variants/1134646-VAR2.jpg,True,"{""Size"": ""L""}"
308,1140218,Standard Size,78.92,32,1140218-VAR1,https://images.example.com/variants/1140218-VAR1.jpg,True,"{""Size"": ""Standard""}"
309,1147995,Standard Size,61.98,59,1147995-VAR1,https://images.example.com/variants/1147995-VAR1.jpg,True,"{""Size"": ""Standard""}"
310,1149771,Standard Black,203.97,30,1149771-VAR1,https://images.example.com/variants/1149771-VAR1.jpg,True,"{""Color"": ""Black""}"
311,1149771,Premium Silver,224.37,37,1149771-VAR2,https://images.example.com/variants/1149771-VAR2.jpg,True,"{""Color"": ""Silver""}"
312,1151537,Standard Size,22.87,65,1151537-VAR1,https://images.example.com/variants/1151537-VAR1.jpg,True,"{""Size"": ""Standard""}"
313,1152335,Standard Size,376.98,31,1152335-VAR1,https://images.example.com/variants/1152335-VAR1.jpg,True,"{""Size"": ""Standard""}"
314,1164412,Paperback Edition,24.6,43,1164412-VAR1,https://images.example.com/variants/1164412-VAR1.jpg,True,"{""Format"": ""Paperback""}"
315,1164412,Hardcover Special,27.06,15,1164412-VAR2,https://images.example.com/variants/1164412-VAR2.jpg,True,"{""Format"": ""Hardcover""}"
316,1168346,Standard Black,717.48,17,1168346-VAR1,https://images.example.com/variants/1168346-VAR1.jpg,True,"{""Color"": ""Black""}"
317,1168346,Premium Silver,789.23,53,1168346-VAR2,https://images.example.com/variants/1168346-VAR2.jpg,True,"{""Color"": ""Silver""}"
318,1169469,Standard Size,388.82,74,1169469-VAR1,https://images.example.com/variants/1169469-VAR1.jpg,True,"{""Size"": ""Standard""}"
319,1185201,Standard Size,39.24,69,1185201-VAR1,https://images.example.com/variants/1185201-VAR1.jpg,True,"{""Size"": ""Standard""}"
320,1188579,Standard Size,477.58,63,1188579-VAR1,https://images.example.com/variants/1188579-VAR1.jpg,True,"{""Size"": ""Standard""}"
321,1188838,Standard Black,63.58,44,1188838-VAR1,https://images.example.com/variants/1188838-VAR1.jpg,True,"{""Color"": ""Black""}"
322,1188838,Premium Silver,69.94,46,1188838-VAR2,https://images.example.com/variants/1188838-VAR2.jpg,True,"{""Color"": ""Silver""}"
323,1200627,Size M,69.27,73,1200627-VAR1,https://images.example.com/variants/1200627-VAR1.jpg,True,"{""Size"": ""M""}"
324,1200627,Size L,69.27,59,1200627-VAR2,https://images.example.com/variants/1200627-VAR2.jpg,True,"{""Size"": ""L""}"
325,1214228,Standard Size,89.6,34,1214228-VAR1,https://images.example.com/variants/1214228-VAR1.jpg,True,"{""Size"": ""Standard""}"
326,1217213,Standard Size,34.07,50,1217213-VAR1,https://images.example.com/variants/1217213-VAR1.jpg,True,"{""Size"": ""Standard""}"
327,1225298,Size M,75.88,39,1225298-VAR1,https://images.example.com/variants/1225298-VAR1.jpg,True,"{""Size"": ""M""}"
328,1225298,Size L,75.88,29,1225298-VAR2,https://images.example.com/variants/1225298-VAR2.jpg,True,"{""Size"": ""L""}"
329,1240933,Size M,33.92,19,1240933-VAR1,https://images.example.com/variants/1240933-VAR1.jpg,True,"{""Size"": ""M""}"
330,1240933,Size L,33.92,68,1240933-VAR2,https://images.example.com/variants/1240933-VAR2.jpg,True,"{""Size"": ""L""}"
331,1241301,Paperback Edition,14.76,17,1241301-VAR1,https://images.example.com/variants/1241301-VAR1.jpg,True,"{""Format"": ""Paperback""}"
332,1241301,Hardcover Special,16.24,45,1241301-VAR2,https://images.example.com/variants/1241301-VAR2.jpg,True,"{""Format"": ""Hardcover""}"
333,1254527,Size M,75.18,41,1254527-VAR1,https://images.example.com/variants/1254527-VAR1.jpg,True,"{""Size"": ""M""}"
334,1254527,Size L,75.18,23,1254527-VAR2,https://images.example.com/variants/1254527-VAR2.jpg,True,"{""Size"": ""L""}"
335,1257002,Standard Black,75.32,27,1257002-VAR1,https://images.example.com/variants/1257002-VAR1.jpg,True,"{""Color"": ""Black""}"
336,1257002,Premium Silver,82.85,19,1257002-VAR2,https://images.example.com/variants/1257002-VAR2.jpg,True,"{""Color"": ""Silver""}"
337,1266437,Standard Size,337.9,72,1266437-VAR1,https://images.example.com/variants/1266437-VAR1.jpg,True,"{""Size"": ""Standard""}"
338,1273440,Size M,84.67,21,1273440-VAR1,https://images.example.com/variants/1273440-VAR1.jpg,True,"{""Size"": ""M""}"
339,1273440,Size L,84.67,46,1273440-VAR2,https://images.example.com/variants/1273440-VAR2.jpg,True,"{""Size"": ""L""}"
340,1275059,Paperback Edition,18.12,20,1275059-VAR1,https://images.example.com/variants/1275059-VAR1.jpg,True,"{""Format"": ""Paperback""}"
341,1275059,Hardcover Special,19.93,66,1275059-VAR2,https://images.example.com/variants/1275059-VAR2.jpg,True,"{""Format"": ""Hardcover""}"
342,1279406,Standard Size,260.12,71,1279406-VAR1,https://images.example.com/variants/1279406-VAR1.jpg,True,"{""Size"": ""Standard""}"
343,1286844,Standard Size,62.03,44,1286844-VAR1,https://images.example.com/variants/1286844-VAR1.jpg,True,"{""Size"": ""Standard""}"
344,1290730,Paperback Edition,22.95,42,1290730-VAR1,https://images.example.com/variants/1290730-VAR1.jpg,True,"{""Format"": ""Paperback""}"
345,1290730,Hardcover Special,25.25,22,1290730-VAR2,https://images.example.com/variants/1290730-VAR2.jpg,True,"{""Format"": ""Hardcover""}"
346,1292323,Standard Size,68.51,32,1292323-VAR1,https://images.example.com/variants/1292323-VAR1.jpg,True,"{""Size"": ""Standard""}"
347,1292667,Size M,92.05,79,1292667-VAR1,https://images.example.com/variants/1292667-VAR1.jpg,True,"{""Size"": ""M""}"
348,1292667,Size L,92.05,52,1292667-VAR2,https://images.example.com/variants/1292667-VAR2.jpg,True,"{""Size"": ""L""}"
349,1299608,Standard Black,252.55,44,1299608-VAR1,https://images.example.com/variants/1299608-VAR1.jpg,True,"{""Color"": ""Black""}"
350,1299608,Premium Silver,277.81,55,1299608-VAR2,https://images.example.com/variants/1299608-VAR2.jpg,True,"{""Color"": ""Silver""}"
351,1304452,Paperback Edition,17.51,56,1304452-VAR1,https://images.example.com/variants/1304452-VAR1.jpg,True,"{""Format"": ""Paperback""}"
352,1304452,Hardcover Special,19.26,45,1304452-VAR2,https://images.example.com/variants/1304452-VAR2.jpg,True,"{""Format"": ""Hardcover""}"
353,1312452,Standard Size,345.2,53,1312452-VAR1,https://images.example.com/variants/1312452-VAR1.jpg,True,"{""Size"": ""Standard""}"
354,1327049,Standard Size,13.78,33,1327049-VAR1,https://images.example.com/variants/1327049-VAR1.jpg,True,"{""Size"": ""Standard""}"
355,1335684,Standard Size,68.24,43,1335684-VAR1,https://images.example.com/variants/1335684-VAR1.jpg,True,"{""Size"": ""Standard""}"
356,1338355,Size M,66.62,67,1338355-VAR1,https://images.example.com/variants/1338355-VAR1.jpg,True,"{""Size"": ""M""}"
357,1338355,Size L,66.62,53,1338355-VAR2,https://images.example.com/variants/1338355-VAR2.jpg,True,"{""Size"": ""L""}"
358,1339786,Size M,16.56,50,1339786-VAR1,https://images.example.com/variants/1339786-VAR1.jpg,True,"{""Size"": ""M""}"
359,1339786,Size L,16.56,22,1339786-VAR2,https://images.example.com/variants/1339786-VAR2.jpg,True,"{""Size"": ""L""}"
360,1340397,Size M,77.97,37,1340397-VAR1,https://images.example.com/variants/1340397-VAR1.jpg,True,"{""Size"": ""M""}"
361,1340397,Size L,77.97,69,1340397-VAR2,https://images.example.com/variants/1340397-VAR2.jpg,True,"{""Size"": ""L""}"
362,1341755,Standard Size,84.88,78,1341755-VAR1,https://images.example.com/variants/1341755-VAR1.jpg,True,"{""Size"": ""Standard""}"
363,1347509,Size M,90.1,21,1347509-VAR1,https://images.example.com/variants/1347509-VAR1.jpg,True,"{""Size"": ""M""}"
364,1347509,Size L,90.1,59,1347509-VAR2,https://images.example.com/variants/1347509-VAR2.jpg,True,"{""Size"": ""L""}"
365,1348316,Standard Size,59.11,63,1348316-VAR1,https://images.example.com/variants/1348316-VAR1.jpg,True,"{""Size"": ""Standard""}"
366,1349892,Standard Size,70.46,55,1349892-VAR1,https://images.example.com/variants/1349892-VAR1.jpg,True,"{""Size"": ""Standard""}"
367,1357617,Paperback Edition,20.99,68,1357617-VAR1,https://images.example.com/variants/1357617-VAR1.jpg,True,"{""Format"": ""Paperback""}"
368,1357617,Hardcover Special,23.09,67,1357617-VAR2,https://images.example.com/variants/1357617-VAR2.jpg,True,"{""Format"": ""Hardcover""}"
369,1357688,Paperback Edition,28.68,34,1357688-VAR1,https://images.example.com/variants/1357688-VAR1.jpg,True,"{""Format"": ""Paperback""}"
370,1357688,Hardcover Special,31.55,53,1357688-VAR2,https://images.example.com/variants/1357688-VAR2.jpg,True,"{""Format"": ""Hardcover""}"
371,1358583,Size M,72.13,63,1358583-VAR1,https://images.example.com/variants/1358583-VAR1.jpg,True,"{""Size"": ""M""}"
372,1358583,Size L,72.13,38,1358583-VAR2,https://images.example.com/variants/1358583-VAR2.jpg,True,"{""Size"": ""L""}"
373,1365115,Standard Size,78.17,75,1365115-VAR1,https://images.example.com/variants/1365115-VAR1.jpg,True,"{""Size"": ""Standard""}"
374,1366286,Standard Size,153.7,45,1366286-VAR1,https://images.example.com/variants/1366286-VAR1.jpg,True,"{""Size"": ""Standard""}"
375,1369597,Standard Black,53.69,43,1369597-VAR1,https://images.example.com/variants/1369597-VAR1.jpg,True,"{""Color"": ""Black""}"
376,1369597,Premium Silver,59.06,53,1369597-VAR2,https://images.example.com/variants/1369597-VAR2.jpg,True,"{""Color"": ""Silver""}"
377,1370564,Standard Size,57.4,33,1370564-VAR1,https://images.example.com/variants/1370564-VAR1.jpg,True,"{""Size"": ""Standard""}"
378,1370770,Standard Size,47.91,74,1370770-VAR1,https://images.example.com/variants/1370770-VAR1.jpg,True,"{""Size"": ""Standard""}"
379,1370806,Standard Size,67.75,22,1370806-VAR1,https://images.example.com/variants/1370806-VAR1.jpg,True,"{""Size"": ""Standard""}"
380,1370842,Paperback Edition,26.86,67,1370842-VAR1,https://images.example.com/variants/1370842-VAR1.jpg,True,"{""Format"": ""Paperback""}"
381,1370842,Hardcover Special,29.55,68,1370842-VAR2,https://images.example.com/variants/1370842-VAR2.jpg,True,"{""Format"": ""Hardcover""}"
382,1372769,Standard Size,62.59,32,1372769-VAR1,https://images.example.com/variants/1372769-VAR1.jpg,True,"{""Size"": ""Standard""}"
383,1381037,Standard Black,88.85,64,1381037-VAR1,https://images.example.com/variants/1381037-VAR1.jpg,True,"{""Color"": ""Black""}"
384,1381037,Premium Silver,97.73,46,1381037-VAR2,https://images.example.com/variants/1381037-VAR2.jpg,True,"{""Color"": ""Silver""}"
385,1389713,Size M,68.16,47,1389713-VAR1,https://images.example.com/variants/1389713-VAR1.jpg,True,"{""Size"": ""M""}"
386,1389713,Size L,68.16,41,1389713-VAR2,https://images.example.com/variants/1389713-VAR2.jpg,True,"{""Size"": ""L""}"
387,1413154,Standard Size,46.92,57,1413154-VAR1,https://images.example.com/variants/1413154-VAR1.jpg,True,"{""Size"": ""Standard""}"
388,1413966,Size M,62.59,25,1413966-VAR1,https://images.example.com/variants/1413966-VAR1.jpg,True,"{""Size"": ""M""}"
389,1413966,Size L,62.59,72,1413966-VAR2,https://images.example.com/variants/1413966-VAR2.jpg,True,"{""Size"": ""L""}"
390,1415285,Standard Size,47.31,62,1415285-VAR1,https://images.example.com/variants/1415285-VAR1.jpg,True,"{""Size"": ""Standard""}"
391,1420923,Paperback Edition,34.2,26,1420923-VAR1,https://images.example.com/variants/1420923-VAR1.jpg,True,"{""Format"": ""Paperback""}"
392,1420923,Hardcover Special,37.62,39,1420923-VAR2,https://images.example.com/variants/1420923-VAR2.jpg,True,"{""Format"": ""Hardcover""}"
393,1422728,Size M,124.24,21,1422728-VAR1,https://images.example.com/variants/1422728-VAR1.jpg,True,"{""Size"": ""M""}"
394,1422728,Size L,124.24,49,1422728-VAR2,https://images.example.com/variants/1422728-VAR2.jpg,True,"{""Size"": ""L""}"
395,1432656,Paperback Edition,23.54,63,1432656-VAR1,https://images.example.com/variants/1432656-VAR1.jpg,True,"{""Format"": ""Paperback""}"
396,1432656,Hardcover Special,25.89,20,1432656-VAR2,https://images.example.com/variants/1432656-VAR2.jpg,True,"{""Format"": ""Hardcover""}"
397,1443114,Size M,32.57,24,1443114-VAR1,https://images.example.com/variants/1443114-VAR1.jpg,True,"{""Size"": ""M""}"
398,1443114,Size L,32.57,39,1443114-VAR2,https://images.example.com/variants/1443114-VAR2.jpg,True,"{""Size"": ""L""}"
399,1443490,Standard Size,72.07,42,1443490-VAR1,https://images.example.com/variants/1443490-VAR1.jpg,True,"{""Size"": ""Standard""}"
400,1447844,Size M,32.39,76,1447844-VAR1,https://images.example.com/variants/1447844-VAR1.jpg,True,"{""Size"": ""M""}"
401,1447844,Size L,32.39,41,1447844-VAR2,https://images.example.com/variants/1447844-VAR2.jpg,True,"{""Size"": ""L""}"
402,1447850,Size M,72.15,57,1447850-VAR1,https://images.example.com/variants/1447850-VAR1.jpg,True,"{""Size"": ""M""}"
403,1447850,Size L,72.15,53,1447850-VAR2,https://images.example.com/variants/1447850-VAR2.jpg,True,"{""Size"": ""L""}"
404,1462679,Paperback Edition,13.15,16,1462679-VAR1,https://images.example.com/variants/1462679-VAR1.jpg,True,"{""Format"": ""Paperback""}"
405,1462679,Hardcover Special,14.47,42,1462679-VAR2,https://images.example.com/variants/1462679-VAR2.jpg,True,"{""Format"": ""Hardcover""}"
406,1464478,Standard Size,240.49,39,1464478-VAR1,https://images.example.com/variants/1464478-VAR1.jpg,True,"{""Size"": ""Standard""}"
407,1483161,Standard Size,71.4,30,1483161-VAR1,https://images.example.com/variants/1483161-VAR1.jpg,True,"{""Size"": ""Standard""}"
408,1489724,Size M,85.64,76,1489724-VAR1,https://images.example.com/variants/1489724-VAR1.jpg,True,"{""Size"": ""M""}"
409,1489724,Size L,85.64,46,1489724-VAR2,https://images.example.com/variants/1489724-VAR2.jpg,True,"{""Size"": ""L""}"
410,1501733,Paperback Edition,25.28,41,1501733-VAR1,https://images.example.com/variants/1501733-VAR1.jpg,True,"{""Format"": ""Paperback""}"
411,1501733,Hardcover Special,27.81,65,1501733-VAR2,https://images.example.com/variants/1501733-VAR2.jpg,True,"{""Format"": ""Hardcover""}"
412,1505876,Standard Size,10.85,45,1505876-VAR1,https://images.example.com/variants/1505876-VAR1.jpg,True,"{""Size"": ""Standard""}"
413,1509041,Paperback Edition,20.68,56,1509041-VAR1,https://images.example.com/variants/1509041-VAR1.jpg,True,"{""Format"": ""Paperback""}"
414,1509041,Hardcover Special,22.75,51,1509041-VAR2,https://images.example.com/variants/1509041-VAR2.jpg,True,"{""Format"": ""Hardcover""}"
415,1526737,Paperback Edition,37.38,63,1526737-VAR1,https://images.example.com/variants/1526737-VAR1.jpg,True,"{""Format"": ""Paperback""}"
416,1526737,Hardcover Special,41.12,74,1526737-VAR2,https://images.example.com/variants/1526737-VAR2.jpg,True,"{""Format"": ""Hardcover""}"
417,1533647,Standard Black,85.53,60,1533647-VAR1,https://images.example.com/variants/1533647-VAR1.jpg,True,"{""Color"": ""Black""}"
418,1533647,Premium Silver,94.08,54,1533647-VAR2,https://images.example.com/variants/1533647-VAR2.jpg,True,"{""Color"": ""Silver""}"
419,1545024,Standard Size,40.76,48,1545024-VAR1,https://images.example.com/variants/1545024-VAR1.jpg,True,"{""Size"": ""Standard""}"
420,1551966,Standard Black,947.52,61,1551966-VAR1,https://images.example.com/variants/1551966-VAR1.jpg,True,"{""Color"": ""Black""}"
421,1551966,Premium Silver,1042.27,80,1551966-VAR2,https://images.example.com/variants/1551966-VAR2.jpg,True,"{""Color"": ""Silver""}"
422,1556593,Standard Size,75.83,78,1556593-VAR1,https://images.example.com/variants/1556593-VAR1.jpg,True,"{""Size"": ""Standard""}"
423,1559384,Size M,49.45,74,1559384-VAR1,https://images.example.com/variants/1559384-VAR1.jpg,True,"{""Size"": ""M""}"
424,1559384,Size L,49.45,27,1559384-VAR2,https://images.example.com/variants/1559384-VAR2.jpg,True,"{""Size"": ""L""}"
425,1565910,Paperback Edition,25.38,75,1565910-VAR1,https://images.example.com/variants/1565910-VAR1.jpg,True,"{""Format"": ""Paperback""}"
426,1565910,Hardcover Special,27.92,55,1565910-VAR2,https://images.example.com/variants/1565910-VAR2.jpg,True,"{""Format"": ""Hardcover""}"
427,1572510,Standard Size,456.18,41,1572510-VAR1,https://images.example.com/variants/1572510-VAR1.jpg,True,"{""Size"": ""Standard""}"
428,1576207,Standard Black,297.26,62,1576207-VAR1,https://images.example.com/variants/1576207-VAR1.jpg,True,"{""Color"": ""Black""}"
429,1576207,Premium Silver,326.99,55,1576207-VAR2,https://images.example.com/variants/1576207-VAR2.jpg,True,"{""Color"": ""Silver""}"
430,1582775,Standard Size,50.65,67,1582775-VAR1,https://images.example.com/variants/1582775-VAR1.jpg,True,"{""Size"": ""Standard""}"
431,1589561,Standard Black,402.18,20,1589561-VAR1,https://images.example.com/variants/1589561-VAR1.jpg,True,"{""Color"": ""Black""}"
432,1589561,Premium Silver,442.4,43,1589561-VAR2,https://images.example.com/variants/1589561-VAR2.jpg,True,"{""Color"": ""Silver""}"
433,1616429,Standard Black,80.03,33,1616429-VAR1,https://images.example.com/variants/1616429-VAR1.jpg,True,"{""Color"": ""Black""}"
434,1616429,Premium Silver,88.03,17,1616429-VAR2,https://images.example.com/variants/1616429-VAR2.jpg,True,"{""Color"": ""Silver""}"
435,1624837,Size M,25.56,48,1624837-VAR1,https://images.example.com/variants/1624837-VAR1.jpg,True,"{""Size"": ""M""}"
436,1624837,Size L,25.56,68,1624837-VAR2,https://images.example.com/variants/1624837-VAR2.jpg,True,"{""Size"": ""L""}"
437,1632677,Standard Black,926.67,52,1632677-VAR1,https://images.example.com/variants/1632677-VAR1.jpg,True,"{""Color"": ""Black""}"
438,1632677,Premium Silver,1019.34,34,1632677-VAR2,https://images.example.com/variants/1632677-VAR2.jpg,True,"{""Color"": ""Silver""}"
439,1632783,Standard Size,303.8,40,1632783-VAR1,https://images.example.com/variants/1632783-VAR1.jpg,True,"{""Size"": ""Standard""}"
440,1636223,Standard Size,60.64,57,1636223-VAR1,https://images.example.com/variants/1636223-VAR1.jpg,True,"{""Size"": ""Standard""}"
441,1657754,Standard Size,91.36,44,1657754-VAR1,https://images.example.com/variants/1657754-VAR1.jpg,True,"{""Size"": ""Standard""}"
442,1659199,Standard Size,45.29,63,1659199-VAR1,https://images.example.com/variants/1659199-VAR1.jpg,True,"{""Size"": ""Standard""}"
443,1679779,Size M,26.63,46,1679779-VAR1,https://images.example.com/variants/1679779-VAR1.jpg,True,"{""Size"": ""M""}"
444,1679779,Size L,26.63,78,1679779-VAR2,https://images.example.com/variants/1679779-VAR2.jpg,True,"{""Size"": ""L""}"
445,1685244,Standard Size,40.64,58,1685244-VAR1,https://images.example.com/variants/1685244-VAR1.jpg,True,"{""Size"": ""Standard""}"
446,1697078,Standard Size,47.74,47,1697078-VAR1,https://images.example.com/variants/1697078-VAR1.jpg,True,"{""Size"": ""Standard""}"
447,1699399,Standard Black,76.56,77,1699399-VAR1,https://images.example.com/variants/1699399-VAR1.jpg,True,"{""Color"": ""Black""}"
448,1699399,Premium Silver,84.22,77,1699399-VAR2,https://images.example.com/variants/1699399-VAR2.jpg,True,"{""Color"": ""Silver""}"
449,1701914,Standard Black,350.15,73,1701914-VAR1,https://images.example.com/variants/1701914-VAR1.jpg,True,"{""Color"": ""Black""}"
450,1701914,Premium Silver,385.17,36,1701914-VAR2,https://images.example.com/variants/1701914-VAR2.jpg,True,"{""Color"": ""Silver""}"
451,1703317,Standard Black,28.71,60,1703317-VAR1,https://images.example.com/variants/1703317-VAR1.jpg,True,"{""Color"": ""Black""}"
452,1703317,Premium Silver,31.58,36,1703317-VAR2,https://images.example.com/variants/1703317-VAR2.jpg,True,"{""Color"": ""Silver""}"
453,1708839,Standard Size,49.21,32,1708839-VAR1,https://images.example.com/variants/1708839-VAR1.jpg,True,"{""Size"": ""Standard""}"
454,1714664,Standard Black,584.94,77,1714664-VAR1,https://images.example.com/variants/1714664-VAR1.jpg,True,"{""Color"": ""Black""}"
455,1714664,Premium Silver,643.43,38,1714664-VAR2,https://images.example.com/variants/1714664-VAR2.jpg,True,"{""Color"": ""Silver""}"
456,1723753,Standard Size,173.95,22,1723753-VAR1,https://images.example.com/variants/1723753-VAR1.jpg,True,"{""Size"": ""Standard""}"
457,1727986,Size M,125.94,19,1727986-VAR1,https://images.example.com/variants/1727986-VAR1.jpg,True,"{""Size"": ""M""}"
458,1727986,Size L,125.94,24,1727986-VAR2,https://images.example.com/variants/1727986-VAR2.jpg,True,"{""Size"": ""L""}"
459,1728241,Paperback Edition,10.21,21,1728241-VAR1,https://images.example.com/variants/1728241-VAR1.jpg,True,"{""Format"": ""Paperback""}"
460,1728241,Hardcover Special,11.23,15,1728241-VAR2,https://images.example.com/variants/1728241-VAR2.jpg,True,"{""Format"": ""Hardcover""}"
461,1735206,Size M,75.78,67,1735206-VAR1,https://images.example.com/variants/1735206-VAR1.jpg,True,"{""Size"": ""M""}"
462,1735206,Size L,75.78,32,1735206-VAR2,https://images.example.com/variants/1735206-VAR2.jpg,True,"{""Size"": ""L""}"
463,1757094,Standard Size,83.89,44,1757094-VAR1,https://images.example.com/variants/1757094-VAR1.jpg,True,"{""Size"": ""Standard""}"
464,1762506,Paperback Edition,13.57,23,1762506-VAR1,https://images.example.com/variants/1762506-VAR1.jpg,True,"{""Format"": ""Paperback""}"
465,1762506,Hardcover Special,14.93,34,1762506-VAR2,https://images.example.com/variants/1762506-VAR2.jpg,True,"{""Format"": ""Hardcover""}"
466,1764042,Standard Black,49.51,16,1764042-VAR1,https://images.example.com/variants/1764042-VAR1.jpg,True,"{""Color"": ""Black""}"
467,1764042,Premium Silver,54.46,42,1764042-VAR2,https://images.example.com/variants/1764042-VAR2.jpg,True,"{""Color"": ""Silver""}"
468,1766214,Standard Black,58.01,79,1766214-VAR1,https://images.example.com/variants/1766214-VAR1.jpg,True,"{""Color"": ""Black""}"
469,1766214,Premium Silver,63.81,73,1766214-VAR2,https://images.example.com/variants/1766214-VAR2.jpg,True,"{""Color"": ""Silver""}"
470,1773417,Standard Size,48.71,62,1773417-VAR1,https://images.example.com/variants/1773417-VAR1.jpg,True,"{""Size"": ""Standard""}"
471,1779897,Standard Black,789.44,22,1779897-VAR1,https://images.example.com/variants/1779897-VAR1.jpg,True,"{""Color"": ""Black""}"
472,1779897,Premium Silver,868.38,76,1779897-VAR2,https://images.example.com/variants/1779897-VAR2.jpg,True,"{""Color"": ""Silver""}"
473,1780583,Standard Size,61.95,77,1780583-VAR1,https://images.example.com/variants/1780583-VAR1.jpg,True,"{""Size"": ""Standard""}"
474,1783613,Standard Size,72.53,17,1783613-VAR1,https://images.example.com/variants/1783613-VAR1.jpg,True,"{""Size"": ""Standard""}"
475,1785183,Paperback Edition,37.94,15,1785183-VAR1,https://images.example.com/variants/1785183-VAR1.jpg,True,"{""Format"": ""Paperback""}"
476,1785183,Hardcover Special,41.73,67,1785183-VAR2,https://images.example.com/variants/1785183-VAR2.jpg,True,"{""Format"": ""Hardcover""}"
477,1788471,Size M,52.04,16,1788471-VAR1,https://images.example.com/variants/1788471-VAR1.jpg,True,"{""Size"": ""M""}"
478,1788471,Size L,52.04,17,1788471-VAR2,https://images.example.com/variants/1788471-VAR2.jpg,True,"{""Size"": ""L""}"
479,1791424,Size M,51.85,50,1791424-VAR1,https://images.example.com/variants/1791424-VAR1.jpg,True,"{""Size"": ""M""}"
480,1791424,Size L,51.85,51,1791424-VAR2,https://images.example.com/variants/1791424-VAR2.jpg,True,"{""Size"": ""L""}"
481,1795031,Standard Black,456.59,17,1795031-VAR1,https://images.example.com/variants/1795031-VAR1.jpg,True,"{""Color"": ""Black""}"
482,1795031,Premium Silver,502.25,79,1795031-VAR2,https://images.example.com/variants/1795031-VAR2.jpg,True,"{""Color"": ""Silver""}"
483,1795671,Standard Size,23.64,70,1795671-VAR1,https://images.example.com/variants/1795671-VAR1.jpg,True,"{""Size"": ""Standard""}"
484,1802878,Standard Black,720.86,37,1802878-VAR1,https://images.example.com/variants/1802878-VAR1.jpg,True,"{""Color"": ""Black""}"
485,1802878,Premium Silver,792.95,28,1802878-VAR2,https://images.example.com/variants/1802878-VAR2.jpg,True,"{""Color"": ""Silver""}"
486,1804513,Size M,30.54,27,1804513-VAR1,https://images.example.com/variants/1804513-VAR1.jpg,True,"{""Size"": ""M""}"
487,1804513,Size L,30.54,34,1804513-VAR2,https://images.example.com/variants/1804513-VAR2.jpg,True,"{""Size"": ""L""}"
488,1808592,Standard Size,77.61,45,1808592-VAR1,https://images.example.com/variants/1808592-VAR1.jpg,True,"{""Size"": ""Standard""}"
489,1814314,Paperback Edition,27.01,39,1814314-VAR1,https://images.example.com/variants/1814314-VAR1.jpg,True,"{""Format"": ""Paperback""}"
490,1814314,Hardcover Special,29.71,47,1814314-VAR2,https://images.example.com/variants/1814314-VAR2.jpg,True,"{""Format"": ""Hardcover""}"
491,1815456,Paperback Edition,32.89,60,1815456-VAR1,https://images.example.com/variants/1815456-VAR1.jpg,True,"{""Format"": ""Paperback""}"
492,1815456,Hardcover Special,36.18,49,1815456-VAR2,https://images.example.com/variants/1815456-VAR2.jpg,True,"{""Format"": ""Hardcover""}"
493,1818928,Standard Size,78.57,65,1818928-VAR1,https://images.example.com/variants/1818928-VAR1.jpg,True,"{""Size"": ""Standard""}"
494,1826559,Standard Black,578.94,25,1826559-VAR1,https://images.example.com/variants/1826559-VAR1.jpg,True,"{""Color"": ""Black""}"
495,1826559,Premium Silver,636.83,62,1826559-VAR2,https://images.example.com/variants/1826559-VAR2.jpg,True,"{""Color"": ""Silver""}"
496,1831836,Standard Size,39.83,66,1831836-VAR1,https://images.example.com/variants/1831836-VAR1.jpg,True,"{""Size"": ""Standard""}"
497,1833783,Standard Black,65.87,73,1833783-VAR1,https://images.example.com/variants/1833783-VAR1.jpg,True,"{""Color"": ""Black""}"
498,1833783,Premium Silver,72.46,46,1833783-VAR2,https://images.example.com/variants/1833783-VAR2.jpg,True,"{""Color"": ""Silver""}"
499,1839074,Standard Size,84.86,43,1839074-VAR1,https://images.example.com/variants/1839074-VAR1.jpg,True,"{""Size"": ""Standard""}"
500,1843392,Standard Size,14.92,53,1843392-VAR1,https://images.example.com/variants/1843392-VAR1.jpg,True,"{""Size"": ""Standard""}"
501,1849180,Standard Size,346.31,25,1849180-VAR1,https://images.example.com/variants/1849180-VAR1.jpg,True,"{""Size"": ""Standard""}"
502,1855491,Standard Black,735.87,19,1855491-VAR1,https://images.example.com/variants/1855491-VAR1.jpg,True,"{""Color"": ""Black""}"
503,1855491,Premium Silver,809.46,26,1855491-VAR2,https://images.example.com/variants/1855491-VAR2.jpg,True,"{""Color"": ""Silver""}"
504,1857391,Standard Size,21.56,66,1857391-VAR1,https://images.example.com/variants/1857391-VAR1.jpg,True,"{""Size"": ""Standard""}"
505,1864005,Standard Black,967.96,63,1864005-VAR1,https://images.example.com/variants/1864005-VAR1.jpg,True,"{""Color"": ""Black""}"
506,1864005,Premium Silver,1064.76,63,1864005-VAR2,https://images.example.com/variants/1864005-VAR2.jpg,True,"{""Color"": ""Silver""}"
507,1870386,Standard Size,338.07,75,1870386-VAR1,https://images.example.com/variants/1870386-VAR1.jpg,True,"{""Size"": ""Standard""}"
508,1871881,Standard Size,404.57,22,1871881-VAR1,https://images.example.com/variants/1871881-VAR1.jpg,True,"{""Size"": ""Standard""}"
509,1880571,Standard Size,45.94,16,1880571-VAR1,https://images.example.com/variants/1880571-VAR1.jpg,True,"{""Size"": ""Standard""}"
510,1885579,Standard Black,632.63,36,1885579-VAR1,https://images.example.com/variants/1885579-VAR1.jpg,True,"{""Color"": ""Black""}"
511,1885579,Premium Silver,695.89,25,1885579-VAR2,https://images.example.com/variants/1885579-VAR2.jpg,True,"{""Color"": ""Silver""}"
512,1892802,Standard Size,85.06,78,1892802-VAR1,https://images.example.com/variants/1892802-VAR1.jpg,True,"{""Size"": ""Standard""}"
513,1892817,Standard Size,31.22,70,1892817-VAR1,https://images.example.com/variants/1892817-VAR1.jpg,True,"{""Size"": ""Standard""}"
514,1893423,Standard Black,319.23,57,1893423-VAR1,https://images.example.com/variants/1893423-VAR1.jpg,True,"{""Color"": ""Black""}"
515,1893423,Premium Silver,351.15,27,1893423-VAR2,https://images.example.com/variants/1893423-VAR2.jpg,True,"{""Color"": ""Silver""}"
516,1898034,Standard Black,612.29,20,1898034-VAR1,https://images.example.com/variants/1898034-VAR1.jpg,True,"{""Color"": ""Black""}"
517,1898034,Premium Silver,673.52,44,1898034-VAR2,https://images.example.com/variants/1898034-VAR2.jpg,True,"{""Color"": ""Silver""}"
518,1905948,Standard Size,40.62,42,1905948-VAR1,https://images.example.com/variants/1905948-VAR1.jpg,True,"{""Size"": ""Standard""}"
519,1931272,Standard Size,51.46,75,1931272-VAR1,https://images.example.com/variants/1931272-VAR1.jpg,True,"{""Size"": ""Standard""}"
520,1941452,Size M,26.64,49,1941452-VAR1,https://images.example.com/variants/1941452-VAR1.jpg,True,"{""Size"": ""M""}"
521,1941452,Size L,26.64,20,1941452-VAR2,https://images.example.com/variants/1941452-VAR2.jpg,True,"{""Size"": ""L""}"
522,1944257,Standard Black,418.99,24,1944257-VAR1,https://images.example.com/variants/1944257-VAR1.jpg,True,"{""Color"": ""Black""}"
523,1944257,Premium Silver,460.89,50,1944257-VAR2,https://images.example.com/variants/1944257-VAR2.jpg,True,"{""Color"": ""Silver""}"
524,1944561,Standard Size,36.99,19,1944561-VAR1,https://images.example.com/variants/1944561-VAR1.jpg,True,"{""Size"": ""Standard""}"
525,1951985,Standard Size,70.91,37,1951985-VAR1,https://images.example.com/variants/1951985-VAR1.jpg,True,"{""Size"": ""Standard""}"
526,1954667,Standard Size,312.88,55,1954667-VAR1,https://images.example.com/variants/1954667-VAR1.jpg,True,"{""Size"": ""Standard""}"
527,1955639,Standard Size,477.24,17,1955639-VAR1,https://images.example.com/variants/1955639-VAR1.jpg,True,"{""Size"": ""Standard""}"
528,1957949,Standard Size,27.69,41,1957949-VAR1,https://images.example.com/variants/1957949-VAR1.jpg,True,"{""Size"": ""Standard""}"
529,1958270,Standard Size,50.93,33,1958270-VAR1,https://images.example.com/variants/1958270-VAR1.jpg,True,"{""Size"": ""Standard""}"
530,1959091,Standard Size,369.37,65,1959091-VAR1,https://images.example.com/variants/1959091-VAR1.jpg,True,"{""Size"": ""Standard""}"
531,1960493,Standard Size,71.91,24,1960493-VAR1,https://images.example.com/variants/1960493-VAR1.jpg,True,"{""Size"": ""Standard""}"
532,1963858,Standard Size,79.54,53,1963858-VAR1,https://images.example.com/variants/1963858-VAR1.jpg,True,"{""Size"": ""Standard""}"
533,1968023,Standard Black,32.66,35,1968023-VAR1,https://images.example.com/variants/1968023-VAR1.jpg,True,"{""Color"": ""Black""}"
534,1968023,Premium Silver,35.93,45,1968023-VAR2,https://images.example.com/variants/1968023-VAR2.jpg,True,"{""Color"": ""Silver""}"
535,1971928,Standard Black,721.92,64,1971928-VAR1,https://images.example.com/variants/1971928-VAR1.jpg,True,"{""Color"": ""Black""}"
536,1971928,Premium Silver,794.11,57,1971928-VAR2,https://images.example.com/variants/1971928-VAR2.jpg,True,"{""Color"": ""Silver""}"
537,1972511,Standard Size,67.41,64,1972511-VAR1,https://images.example.com/variants/1972511-VAR1.jpg,True,"{""Size"": ""Standard""}"
538,1972955,Standard Black,525.46,32,1972955-VAR1,https://images.example.com/variants/1972955-VAR1.jpg,True,"{""Color"": ""Black""}"
539,1972955,Premium Silver,578.01,25,1972955-VAR2,https://images.example.com/variants/1972955-VAR2.jpg,True,"{""Color"": ""Silver""}"
540,1973512,Standard Size,37.31,79,1973512-VAR1,https://images.example.com/variants/1973512-VAR1.jpg,True,"{""Size"": ""Standard""}"
541,1986707,Paperback Edition,25.51,59,1986707-VAR1,https://images.example.com/variants/1986707-VAR1.jpg,True,"{""Format"": ""Paperback""}"
542,1986707,Hardcover Special,28.06,21,1986707-VAR2,https://images.example.com/variants/1986707-VAR2.jpg,True,"{""Format"": ""Hardcover""}"
543,1986867,Standard Size,71.07,27,1986867-VAR1,https://images.example.com/variants/1986867-VAR1.jpg,True,"{""Size"": ""Standard""}"
544,1993958,Standard Size,33.82,70,1993958-VAR1,https://images.example.com/variants/1993958-VAR1.jpg,True,"{""Size"": ""Standard""}"
545,1999063,Standard Black,208.47,44,1999063-VAR1,https://images.example.com/variants/1999063-VAR1.jpg,True,"{""Color"": ""Black""}"
546,1999063,Premium Silver,229.32,24,1999063-VAR2,https://images.example.com/variants/1999063-VAR2.jpg,True,"{""Color"": ""Silver""}"
547,2010880,Paperback Edition,18.47,58,2010880-VAR1,https://images.example.com/variants/2010880-VAR1.jpg,True,"{""Format"": ""Paperback""}"
548,2010880,Hardcover Special,20.32,65,2010880-VAR2,https://images.example.com/variants/2010880-VAR2.jpg,True,"{""Format"": ""Hardcover""}"
549,2013888,Paperback Edition,25.08,56,2013888-VAR1,https://images.example.com/variants/2013888-VAR1.jpg,True,"{""Format"": ""Paperback""}"
550,2013888,Hardcover Special,27.59,18,2013888-VAR2,https://images.example.com/variants/2013888-VAR2.jpg,True,"{""Format"": ""Hardcover""}"
551,2028434,Standard Size,22.4,49,2028434-VAR1,https://images.example.com/variants/2028434-VAR1.jpg,True,"{""Size"": ""Standard""}"
552,2032855,Size M,62.27,72,2032855-VAR1,https://images.example.com/variants/2032855-VAR1.jpg,True,"{""Size"": ""M""}"
553,2032855,Size L,62.27,77,2032855-VAR2,https://images.example.com/variants/2032855-VAR2.jpg,True,"{""Size"": ""L""}"
554,2033793,Paperback Edition,30.74,44,2033793-VAR1,https://images.example.com/variants/2033793-VAR1.jpg,True,"{""Format"": ""Paperback""}"
555,2033793,Hardcover Special,33.81,60,2033793-VAR2,https://images.example.com/variants/2033793-VAR2.jpg,True,"{""Format"": ""Hardcover""}"
556,2040053,Standard Size,61.1,63,2040053-VAR1,https://images.example.com/variants/2040053-VAR1.jpg,True,"{""Size"": ""Standard""}"
557,2040621,Standard Size,428.87,70,2040621-VAR1,https://images.example.com/variants/2040621-VAR1.jpg,True,"{""Size"": ""Standard""}"
558,2041725,Paperback Edition,15.82,38,2041725-VAR1,https://images.example.com/variants/2041725-VAR1.jpg,True,"{""Format"": ""Paperback""}"
559,2041725,Hardcover Special,17.4,63,2041725-VAR2,https://images.example.com/variants/2041725-VAR2.jpg,True,"{""Format"": ""Hardcover""}"
560,2044299,Standard Size,33.41,25,2044299-VAR1,https://images.example.com/variants/2044299-VAR1.jpg,True,"{""Size"": ""Standard""}"
561,2044528,Size M,98.75,52,2044528-VAR1,https://images.example.com/variants/2044528-VAR1.jpg,True,"{""Size"": ""M""}"
562,2044528,Size L,98.75,46,2044528-VAR2,https://images.example.com/variants/2044528-VAR2.jpg,True,"{""Size"": ""L""}"
563,2061909,Size M,17.91,24,2061909-VAR1,https://images.example.com/variants/2061909-VAR1.jpg,True,"{""Size"": ""M""}"
564,2061909,Size L,17.91,25,2061909-VAR2,https://images.example.com/variants/2061909-VAR2.jpg,True,"{""Size"": ""L""}"
565,2068780,Standard Size,57.02,49,2068780-VAR1,https://images.example.com/variants/2068780-VAR1.jpg,True,"{""Size"": ""Standard""}"
566,2075326,Size M,143.85,34,2075326-VAR1,https://images.example.com/variants/2075326-VAR1.jpg,True,"{""Size"": ""M""}"
567,2075326,Size L,143.85,63,2075326-VAR2,https://images.example.com/variants/2075326-VAR2.jpg,True,"{""Size"": ""L""}"
568,2075893,Standard Size,86.64,34,2075893-VAR1,https://images.example.com/variants/2075893-VAR1.jpg,True,"{""Size"": ""Standard""}"
569,2078526,Size M,51.28,64,2078526-VAR1,https://images.example.com/variants/2078526-VAR1.jpg,True,"{""Size"": ""M""}"
570,2078526,Size L,51.28,55,2078526-VAR2,https://images.example.com/variants/2078526-VAR2.jpg,True,"{""Size"": ""L""}"
571,2087115,Size M,103.15,61,2087115-VAR1,https://images.example.com/variants/2087115-VAR1.jpg,True,"{""Size"": ""M""}"
572,2087115,Size L,103.15,28,2087115-VAR2,https://images.example.com/variants/2087115-VAR2.jpg,True,"{""Size"": ""L""}"
573,2103782,Paperback Edition,23.36,26,2103782-VAR1,https://images.example.com/variants/2103782-VAR1.jpg,True,"{""Format"": ""Paperback""}"
574,2103782,Hardcover Special,25.7,15,2103782-VAR2,https://images.example.com/variants/2103782-VAR2.jpg,True,"{""Format"": ""Hardcover""}"
575,2105259,Standard Size,157.25,54,2105259-VAR1,https://images.example.com/variants/2105259-VAR1.jpg,True,"{""Size"": ""Standard""}"
576,2119408,Standard Size,28.73,71,2119408-VAR1,https://images.example.com/variants/2119408-VAR1.jpg,True,"{""Size"": ""Standard""}"
577,2127636,Standard Size,15.72,61,2127636-VAR1,https://images.example.com/variants/2127636-VAR1.jpg,True,"{""Size"": ""Standard""}"
578,2127965,Standard Black,42.67,49,2127965-VAR1,https://images.example.com/variants/2127965-VAR1.jpg,True,"{""Color"": ""Black""}"
579,2127965,Premium Silver,46.94,28,2127965-VAR2,https://images.example.com/variants/2127965-VAR2.jpg,True,"{""Color"": ""Silver""}"
580,2128740,Standard Size,59.24,31,2128740-VAR1,https://images.example.com/variants/2128740-VAR1.jpg,True,"{""Size"": ""Standard""}"
581,2129777,Size M,45.9,26,2129777-VAR1,https://images.example.com/variants/2129777-VAR1.jpg,True,"{""Size"": ""M""}"
582,2129777,Size L,45.9,38,2129777-VAR2,https://images.example.com/variants/2129777-VAR2.jpg,True,"{""Size"": ""L""}"
583,2137013,Standard Size,81.25,70,2137013-VAR1,https://images.example.com/variants/2137013-VAR1.jpg,True,"{""Size"": ""Standard""}"
584,2137370,Standard Size,115.69,72,2137370-VAR1,https://images.example.com/variants/2137370-VAR1.jpg,True,"{""Size"": ""Standard""}"
585,2138013,Standard Size,129.63,80,2138013-VAR1,https://images.example.com/variants/2138013-VAR1.jpg,True,"{""Size"": ""Standard""}"
586,2139942,Standard Size,61.99,67,2139942-VAR1,https://images.example.com/variants/2139942-VAR1.jpg,True,"{""Size"": ""Standard""}"
587,2140034,Standard Size,174.56,28,2140034-VAR1,https://images.example.com/variants/2140034-VAR1.jpg,True,"{""Size"": ""Standard""}"
588,2158725,Standard Size,40.76,18,2158725-VAR1,https://images.example.com/variants/2158725-VAR1.jpg,True,"{""Size"": ""Standard""}"
589,2160688,Paperback Edition,17.92,26,2160688-VAR1,https://images.example.com/variants/2160688-VAR1.jpg,True,"{""Format"": ""Paperback""}"
590,2160688,Hardcover Special,19.71,60,2160688-VAR2,https://images.example.com/variants/2160688-VAR2.jpg,True,"{""Format"": ""Hardcover""}"
591,2164892,Standard Size,98.06,26,2164892-VAR1,https://images.example.com/variants/2164892-VAR1.jpg,True,"{""Size"": ""Standard""}"
592,2180798,Paperback Edition,26.06,56,2180798-VAR1,https://images.example.com/variants/2180798-VAR1.jpg,True,"{""Format"": ""Paperback""}"
593,2180798,Hardcover Special,28.67,64,2180798-VAR2,https://images.example.com/variants/2180798-VAR2.jpg,True,"{""Format"": ""Hardcover""}"
594,2184170,Standard Black,648.06,16,2184170-VAR1,https://images.example.com/variants/2184170-VAR1.jpg,True,"{""Color"": ""Black""}"
595,2184170,Premium Silver,712.87,52,2184170-VAR2,https://images.example.com/variants/2184170-VAR2.jpg,True,"{""Color"": ""Silver""}"
596,2186668,Standard Black,189.21,67,2186668-VAR1,https://images.example.com/variants/2186668-VAR1.jpg,True,"{""Color"": ""Black""}"
597,2186668,Premium Silver,208.13,64,2186668-VAR2,https://images.example.com/variants/2186668-VAR2.jpg,True,"{""Color"": ""Silver""}"
598,2187255,Paperback Edition,27.77,25,2187255-VAR1,https://images.example.com/variants/2187255-VAR1.jpg,True,"{""Format"": ""Paperback""}"
599,2187255,Hardcover Special,30.55,46,2187255-VAR2,https://images.example.com/variants/2187255-VAR2.jpg,True,"{""Format"": ""Hardcover""}"
600,2190257,Size M,57.27,36,2190257-VAR1,https://images.example.com/variants/2190257-VAR1.jpg,True,"{""Size"": ""M""}"
601,2190257,Size L,57.27,63,2190257-VAR2,https://images.example.com/variants/2190257-VAR2.jpg,True,"{""Size"": ""L""}"
602,2192947,Standard Size,180.5,36,2192947-VAR1,https://images.example.com/variants/2192947-VAR1.jpg,True,"{""Size"": ""Standard""}"
603,2193689,Standard Black,167.48,32,2193689-VAR1,https://images.example.com/variants/2193689-VAR1.jpg,True,"{""Color"": ""Black""}"
604,2193689,Premium Silver,184.23,49,2193689-VAR2,https://images.example.com/variants/2193689-VAR2.jpg,True,"{""Color"": ""Silver""}"
605,2199692,Paperback Edition,21.26,53,2199692-VAR1,https://images.example.com/variants/2199692-VAR1.jpg,True,"{""Format"": ""Paperback""}"
606,2199692,Hardcover Special,23.39,49,2199692-VAR2,https://images.example.com/variants/2199692-VAR2.jpg,True,"{""Format"": ""Hardcover""}"
607,2204051,Standard Size,60.82,78,2204051-VAR1,https://images.example.com/variants/2204051-VAR1.jpg,True,"{""Size"": ""Standard""}"
608,2210978,Standard Black,129.34,33,2210978-VAR1,https://images.example.com/variants/2210978-VAR1.jpg,True,"{""Color"": ""Black""}"
609,2210978,Premium Silver,142.27,23,2210978-VAR2,https://images.example.com/variants/2210978-VAR2.jpg,True,"{""Color"": ""Silver""}"
610,2219674,Size M,117.77,36,2219674-VAR1,https://images.example.com/variants/2219674-VAR1.jpg,True,"{""Size"": ""M""}"
611,2219674,Size L,117.77,70,2219674-VAR2,https://images.example.com/variants/2219674-VAR2.jpg,True,"{""Size"": ""L""}"
612,2220235,Paperback Edition,34.79,50,2220235-VAR1,https://images.example.com/variants/2220235-VAR1.jpg,True,"{""Format"": ""Paperback""}"
613,2220235,Hardcover Special,38.27,68,2220235-VAR2,https://images.example.com/variants/2220235-VAR2.jpg,True,"{""Format"": ""Hardcover""}"
614,2242453,Standard Size,368.01,53,2242453-VAR1,https://images.example.com/variants/2242453-VAR1.jpg,True,"{""Size"": ""Standard""}"
615,2250923,Size M,65.42,76,2250923-VAR1,https://images.example.com/variants/2250923-VAR1.jpg,True,"{""Size"": ""M""}"
616,2250923,Size L,65.42,24,2250923-VAR2,https://images.example.com/variants/2250923-VAR2.jpg,True,"{""Size"": ""L""}"
617,2251060,Standard Size,60.44,61,2251060-VAR1,https://images.example.com/variants/2251060-VAR1.jpg,True,"{""Size"": ""Standard""}"
618,2255678,Standard Size,258.13,47,2255678-VAR1,https://images.example.com/variants/2255678-VAR1.jpg,True,"{""Size"": ""Standard""}"
619,2256042,Standard Black,26.13,46,2256042-VAR1,https://images.example.com/variants/2256042-VAR1.jpg,True,"{""Color"": ""Black""}"
620,2256042,Premium Silver,28.74,78,2256042-VAR2,https://images.example.com/variants/2256042-VAR2.jpg,True,"{""Color"": ""Silver""}"
621,2256962,Standard Size,90.39,40,2256962-VAR1,https://images.example.com/variants/2256962-VAR1.jpg,True,"{""Size"": ""Standard""}"
622,2275422,Paperback Edition,11.14,73,2275422-VAR1,https://images.example.com/variants/2275422-VAR1.jpg,True,"{""Format"": ""Paperback""}"
623,2275422,Hardcover Special,12.25,28,2275422-VAR2,https://images.example.com/variants/2275422-VAR2.jpg,True,"{""Format"": ""Hardcover""}"
624,2279108,Standard Size,79.51,32,2279108-VAR1,https://images.example.com/variants/2279108-VAR1.jpg,True,"{""Size"": ""Standard""}"
625,2285833,Paperback Edition,31.47,53,2285833-VAR1,https://images.example.com/variants/2285833-VAR1.jpg,True,"{""Format"": ""Paperback""}"
626,2285833,Hardcover Special,34.62,15,2285833-VAR2,https://images.example.com/variants/2285833-VAR2.jpg,True,"{""Format"": ""Hardcover""}"
627,2290512,Standard Size,91.59,65,2290512-VAR1,https://images.example.com/variants/2290512-VAR1.jpg,True,"{""Size"": ""Standard""}"
628,2292668,Standard Size,16.69,57,2292668-VAR1,https://images.example.com/variants/2292668-VAR1.jpg,True,"{""Size"": ""Standard""}"
629,2295206,Standard Black,373.38,63,2295206-VAR1,https://images.example.com/variants/2295206-VAR1.jpg,True,"{""Color"": ""Black""}"
630,2295206,Premium Silver,410.72,57,2295206-VAR2,https://images.example.com/variants/2295206-VAR2.jpg,True,"{""Color"": ""Silver""}"
631,2299965,Size M,75.33,71,2299965-VAR1,https://images.example.com/variants/2299965-VAR1.jpg,True,"{""Size"": ""M""}"
632,2299965,Size L,75.33,57,2299965-VAR2,https://images.example.com/variants/2299965-VAR2.jpg,True,"{""Size"": ""L""}"
633,2300846,Standard Black,55.76,70,2300846-VAR1,https://images.example.com/variants/2300846-VAR1.jpg,True,"{""Color"": ""Black""}"
634,2300846,Premium Silver,61.34,32,2300846-VAR2,https://images.example.com/variants/2300846-VAR2.jpg,True,"{""Color"": ""Silver""}"
635,2301519,Standard Size,113.71,53,2301519-VAR1,https://images.example.com/variants/2301519-VAR1.jpg,True,"{""Size"": ""Standard""}"
636,2304016,Standard Black,899.59,56,2304016-VAR1,https://images.example.com/variants/2304016-VAR1.jpg,True,"{""Color"": ""Black""}"
637,2304016,Premium Silver,989.55,40,2304016-VAR2,https://images.example.com/variants/2304016-VAR2.jpg,True,"{""Color"": ""Silver""}"
638,2305096,Standard Size,35.3,76,2305096-VAR1,https://images.example.com/variants/2305096-VAR1.jpg,True,"{""Size"": ""Standard""}"
639,2308420,Standard Size,7.43,55,2308420-VAR1,https://images.example.com/variants/2308420-VAR1.jpg,True,"{""Size"": ""Standard""}"
640,2322529,Standard Black,95.42,37,2322529-VAR1,https://images.example.com/variants/2322529-VAR1.jpg,True,"{""Color"": ""Black""}"
641,2322529,Premium Silver,104.96,65,2322529-VAR2,https://images.example.com/variants/2322529-VAR2.jpg,True,"{""Color"": ""Silver""}"
642,2331370,Size M,52.58,55,2331370-VAR1,https://images.example.com/variants/2331370-VAR1.jpg,True,"{""Size"": ""M""}"
643,2331370,Size L,52.58,52,2331370-VAR2,https://images.example.com/variants/2331370-VAR2.jpg,True,"{""Size"": ""L""}"
644,2332631,Standard Size,498.82,77,2332631-VAR1,https://images.example.com/variants/2332631-VAR1.jpg,True,"{""Size"": ""Standard""}"
645,2334611,Size M,130.36,46,2334611-VAR1,https://images.example.com/variants/2334611-VAR1.jpg,True,"{""Size"": ""M""}"
646,2334611,Size L,130.36,56,2334611-VAR2,https://images.example.com/variants/2334611-VAR2.jpg,True,"{""Size"": ""L""}"
647,2335179,Paperback Edition,10.21,63,2335179-VAR1,https://images.example.com/variants/2335179-VAR1.jpg,True,"{""Format"": ""Paperback""}"
648,2335179,Hardcover Special,11.23,50,2335179-VAR2,https://images.example.com/variants/2335179-VAR2.jpg,True,"{""Format"": ""Hardcover""}"
649,2356958,Standard Black,49.23,65,2356958-VAR1,https://images.example.com/variants/2356958-VAR1.jpg,True,"{""Color"": ""Black""}"
650,2356958,Premium Silver,54.15,61,2356958-VAR2,https://images.example.com/variants/2356958-VAR2.jpg,True,"{""Color"": ""Silver""}"
651,2360940,Size M,88.65,29,2360940-VAR1,https://images.example.com/variants/2360940-VAR1.jpg,True,"{""Size"": ""M""}"
652,2360940,Size L,88.65,40,2360940-VAR2,https://images.example.com/variants/2360940-VAR2.jpg,True,"{""Size"": ""L""}"
653,2364679,Standard Size,22.06,38,2364679-VAR1,https://images.example.com/variants/2364679-VAR1.jpg,True,"{""Size"": ""Standard""}"
654,2381943,Standard Size,45.97,18,2381943-VAR1,https://images.example.com/variants/2381943-VAR1.jpg,True,"{""Size"": ""Standard""}"
655,2382901,Paperback Edition,38.07,74,2382901-VAR1,https://images.example.com/variants/2382901-VAR1.jpg,True,"{""Format"": ""Paperback""}"
656,2382901,Hardcover Special,41.88,41,2382901-VAR2,https://images.example.com/variants/2382901-VAR2.jpg,True,"{""Format"": ""Hardcover""}"
657,2383163,Standard Size,37.71,71,2383163-VAR1,https://images.example.com/variants/2383163-VAR1.jpg,True,"{""Size"": ""Standard""}"
658,2384108,Standard Size,35.18,52,2384108-VAR1,https://images.example.com/variants/2384108-VAR1.jpg,True,"{""Size"": ""Standard""}"
659,2385268,Standard Black,871.1,23,2385268-VAR1,https://images.example.com/variants/2385268-VAR1.jpg,True,"{""Color"": ""Black""}"
660,2385268,Premium Silver,958.21,67,2385268-VAR2,https://images.example.com/variants/2385268-VAR2.jpg,True,"{""Color"": ""Silver""}"
661,2393831,Standard Size,252.48,78,2393831-VAR1,https://images.example.com/variants/2393831-VAR1.jpg,True,"{""Size"": ""Standard""}"
662,2397544,Paperback Edition,17.65,32,2397544-VAR1,https://images.example.com/variants/2397544-VAR1.jpg,True,"{""Format"": ""Paperback""}"
663,2397544,Hardcover Special,19.41,53,2397544-VAR2,https://images.example.com/variants/2397544-VAR2.jpg,True,"{""Format"": ""Hardcover""}"
664,2405091,Standard Size,81.48,45,2405091-VAR1,https://images.example.com/variants/2405091-VAR1.jpg,True,"{""Size"": ""Standard""}"
665,2407084,Standard Size,8.45,47,2407084-VAR1,https://images.example.com/variants/2407084-VAR1.jpg,True,"{""Size"": ""Standard""}"
666,2410985,Standard Size,211.78,34,2410985-VAR1,https://images.example.com/variants/2410985-VAR1.jpg,True,"{""Size"": ""Standard""}"
667,2413573,Size M,52.75,69,2413573-VAR1,https://images.example.com/variants/2413573-VAR1.jpg,True,"{""Size"": ""M""}"
668,2413573,Size L,52.75,63,2413573-VAR2,https://images.example.com/variants/2413573-VAR2.jpg,True,"{""Size"": ""L""}"
669,2425522,Size M,70.35,24,2425522-VAR1,https://images.example.com/variants/2425522-VAR1.jpg,True,"{""Size"": ""M""}"
670,2425522,Size L,70.35,72,2425522-VAR2,https://images.example.com/variants/2425522-VAR2.jpg,True,"{""Size"": ""L""}"
671,2438523,Size M,112.34,76,2438523-VAR1,https://images.example.com/variants/2438523-VAR1.jpg,True,"{""Size"": ""M""}"
672,2438523,Size L,112.34,66,2438523-VAR2,https://images.example.com/variants/2438523-VAR2.jpg,True,"{""Size"": ""L""}"
673,2441285,Standard Size,48.43,79,2441285-VAR1,https://images.example.com/variants/2441285-VAR1.jpg,True,"{""Size"": ""Standard""}"
674,2448944,Standard Black,268.64,68,2448944-VAR1,https://images.example.com/variants/2448944-VAR1.jpg,True,"{""Color"": ""Black""}"
675,2448944,Premium Silver,295.5,19,2448944-VAR2,https://images.example.com/variants/2448944-VAR2.jpg,True,"{""Color"": ""Silver""}"
676,2452738,Standard Black,659.75,61,2452738-VAR1,https://images.example.com/variants/2452738-VAR1.jpg,True,"{""Color"": ""Black""}"
677,2452738,Premium Silver,725.73,25,2452738-VAR2,https://images.example.com/variants/2452738-VAR2.jpg,True,"{""Color"": ""Silver""}"
678,2453685,Standard Size,63.79,28,2453685-VAR1,https://images.example.com/variants/2453685-VAR1.jpg,True,"{""Size"": ""Standard""}"
679,2453991,Standard Size,24.13,46,2453991-VAR1,https://images.example.com/variants/2453991-VAR1.jpg,True,"{""Size"": ""Standard""}"
680,2457004,Standard Size,17.32,60,2457004-VAR1,https://images.example.com/variants/2457004-VAR1.jpg,True,"{""Size"": ""Standard""}"
681,2472136,Paperback Edition,22.14,36,2472136-VAR1,https://images.example.com/variants/2472136-VAR1.jpg,True,"{""Format"": ""Paperback""}"
682,2472136,Hardcover Special,24.35,20,2472136-VAR2,https://images.example.com/variants/2472136-VAR2.jpg,True,"{""Format"": ""Hardcover""}"
683,2497205,Standard Size,50.56,66,2497205-VAR1,https://images.example.com/variants/2497205-VAR1.jpg,True,"{""Size"": ""Standard""}"
684,2499287,Paperback Edition,38.19,57,2499287-VAR1,https://images.example.com/variants/2499287-VAR1.jpg,True,"{""Format"": ""Paperback""}"
685,2499287,Hardcover Special,42.01,70,2499287-VAR2,https://images.example.com/variants/2499287-VAR2.jpg,True,"{""Format"": ""Hardcover""}"
686,2505118,Standard Size,414.91,28,2505118-VAR1,https://images.example.com/variants/2505118-VAR1.jpg,True,"{""Size"": ""Standard""}"
687,2517919,Standard Black,19.89,16,2517919-VAR1,https://images.example.com/variants/2517919-VAR1.jpg,True,"{""Color"": ""Black""}"
688,2517919,Premium Silver,21.88,27,2517919-VAR2,https://images.example.com/variants/2517919-VAR2.jpg,True,"{""Color"": ""Silver""}"
689,2521933,Standard Size,6.29,48,2521933-VAR1,https://images.example.com/variants/2521933-VAR1.jpg,True,"{""Size"": ""Standard""}"
690,2526892,Standard Size,13.76,43,2526892-VAR1,https://images.example.com/variants/2526892-VAR1.jpg,True,"{""Size"": ""Standard""}"
691,2528039,Standard Size,48.38,80,2528039-VAR1,https://images.example.com/variants/2528039-VAR1.jpg,True,"{""Size"": ""Standard""}"
692,2550378,Paperback Edition,28.43,43,2550378-VAR1,https://images.example.com/variants/2550378-VAR1.jpg,True,"{""Format"": ""Paperback""}"
693,2550378,Hardcover Special,31.27,72,2550378-VAR2,https://images.example.com/variants/2550378-VAR2.jpg,True,"{""Format"": ""Hardcover""}"
694,2552942,Size M,94.82,62,2552942-VAR1,https://images.example.com/variants/2552942-VAR1.jpg,True,"{""Size"": ""M""}"
695,2552942,Size L,94.82,65,2552942-VAR2,https://images.example.com/variants/2552942-VAR2.jpg,True,"{""Size"": ""L""}"
696,2553889,Standard Black,32.43,74,2553889-VAR1,https://images.example.com/variants/2553889-VAR1.jpg,True,"{""Color"": ""Black""}"
697,2553889,Premium Silver,35.67,79,2553889-VAR2,https://images.example.com/variants/2553889-VAR2.jpg,True,"{""Color"": ""Silver""}"
698,2557785,Standard Size,30.7,34,2557785-VAR1,https://images.example.com/variants/2557785-VAR1.jpg,True,"{""Size"": ""Standard""}"
699,2579386,Standard Size,97.14,59,2579386-VAR1,https://images.example.com/variants/2579386-VAR1.jpg,True,"{""Size"": ""Standard""}"
700,2580972,Size M,44.23,18,2580972-VAR1,https://images.example.com/variants/2580972-VAR1.jpg,True,"{""Size"": ""M""}"
701,2580972,Size L,44.23,76,2580972-VAR2,https://images.example.com/variants/2580972-VAR2.jpg,True,"{""Size"": ""L""}"
702,2583697,Size M,82.19,28,2583697-VAR1,https://images.example.com/variants/2583697-VAR1.jpg,True,"{""Size"": ""M""}"
703,2583697,Size L,82.19,52,2583697-VAR2,https://images.example.com/variants/2583697-VAR2.jpg,True,"{""Size"": ""L""}"
704,2592122,Size M,47.53,68,2592122-VAR1,https://images.example.com/variants/2592122-VAR1.jpg,True,"{""Size"": ""M""}"
705,2592122,Size L,47.53,25,2592122-VAR2,https://images.example.com/variants/2592122-VAR2.jpg,True,"{""Size"": ""L""}"
706,2604550,Standard Size,442.03,29,2604550-VAR1,https://images.example.com/variants/2604550-VAR1.jpg,True,"{""Size"": ""Standard""}"
707,2615507,Standard Size,77.63,33,2615507-VAR1,https://images.example.com/variants/2615507-VAR1.jpg,True,"{""Size"": ""Standard""}"
708,2618435,Paperback Edition,19.2,59,2618435-VAR1,https://images.example.com/variants/2618435-VAR1.jpg,True,"{""Format"": ""Paperback""}"
709,2618435,Hardcover Special,21.12,54,2618435-VAR2,https://images.example.com/variants/2618435-VAR2.jpg,True,"{""Format"": ""Hardcover""}"
710,2622294,Standard Size,191.95,58,2622294-VAR1,https://images.example.com/variants/2622294-VAR1.jpg,True,"{""Size"": ""Standard""}"
711,2624906,Standard Size,198.51,73,2624906-VAR1,https://images.example.com/variants/2624906-VAR1.jpg,True,"{""Size"": ""Standard""}"
712,2629212,Standard Size,83.72,41,2629212-VAR1,https://images.example.com/variants/2629212-VAR1.jpg,True,"{""Size"": ""Standard""}"
713,2629948,Standard Black,98.9,76,2629948-VAR1,https://images.example.com/variants/2629948-VAR1.jpg,True,"{""Color"": ""Black""}"
714,2629948,Premium Silver,108.79,59,2629948-VAR2,https://images.example.com/variants/2629948-VAR2.jpg,True,"{""Color"": ""Silver""}"
715,2633450,Standard Black,86.33,75,2633450-VAR1,https://images.example.com/variants/2633450-VAR1.jpg,True,"{""Color"": ""Black""}"
716,2633450,Premium Silver,94.96,27,2633450-VAR2,https://images.example.com/variants/2633450-VAR2.jpg,True,"{""Color"": ""Silver""}"
717,2635102,Size M,49.47,71,2635102-VAR1,https://images.example.com/variants/2635102-VAR1.jpg,True,"{""Size"": ""M""}"
718,2635102,Size L,49.47,72,2635102-VAR2,https://images.example.com/variants/2635102-VAR2.jpg,True,"{""Size"": ""L""}"
719,2635552,Standard Black,36.25,55,2635552-VAR1,https://images.example.com/variants/2635552-VAR1.jpg,True,"{""Color"": ""Black""}"
720,2635552,Premium Silver,39.88,23,2635552-VAR2,https://images.example.com/variants/2635552-VAR2.jpg,True,"{""Color"": ""Silver""}"
721,2643848,Standard Size,40.46,53,2643848-VAR1,https://images.example.com/variants/2643848-VAR1.jpg,True,"{""Size"": ""Standard""}"
722,2651113,Size M,70.65,20,2651113-VAR1,https://images.example.com/variants/2651113-VAR1.jpg,True,"{""Size"": ""M""}"
723,2651113,Size L,70.65,29,2651113-VAR2,https://images.example.com/variants/2651113-VAR2.jpg,True,"{""Size"": ""L""}"
724,2657502,Size M,30.28,17,2657502-VAR1,https://images.example.com/variants/2657502-VAR1.jpg,True,"{""Size"": ""M""}"
725,2657502,Size L,30.28,58,2657502-VAR2,https://images.example.com/variants/2657502-VAR2.jpg,True,"{""Size"": ""L""}"
726,2658989,Standard Black,309.97,28,2658989-VAR1,https://images.example.com/variants/2658989-VAR1.jpg,True,"{""Color"": ""Black""}"
727,2658989,Premium Silver,340.97,36,2658989-VAR2,https://images.example.com/variants/2658989-VAR2.jpg,True,"{""Color"": ""Silver""}"
728,2659396,Standard Size,9.1,46,2659396-VAR1,https://images.example.com/variants/2659396-VAR1.jpg,True,"{""Size"": ""Standard""}"
729,2667082,Standard Size,49.46,37,2667082-VAR1,https://images.example.com/variants/2667082-VAR1.jpg,True,"{""Size"": ""Standard""}"
730,2671601,Standard Size,41.29,35,2671601-VAR1,https://images.example.com/variants/2671601-VAR1.jpg,True,"{""Size"": ""Standard""}"
731,2672445,Standard Size,79.49,57,2672445-VAR1,https://images.example.com/variants/2672445-VAR1.jpg,True,"{""Size"": ""Standard""}"
732,2673053,Size M,147.89,69,2673053-VAR1,https://images.example.com/variants/2673053-VAR1.jpg,True,"{""Size"": ""M""}"
733,2673053,Size L,147.89,74,2673053-VAR2,https://images.example.com/variants/2673053-VAR2.jpg,True,"{""Size"": ""L""}"
734,2674960,Size M,146.13,44,2674960-VAR1,https://images.example.com/variants/2674960-VAR1.jpg,True,"{""Size"": ""M""}"
735,2674960,Size L,146.13,66,2674960-VAR2,https://images.example.com/variants/2674960-VAR2.jpg,True,"{""Size"": ""L""}"
736,2675011,Standard Black,551.56,38,2675011-VAR1,https://images.example.com/variants/2675011-VAR1.jpg,True,"{""Color"": ""Black""}"
737,2675011,Premium Silver,606.72,38,2675011-VAR2,https://images.example.com/variants/2675011-VAR2.jpg,True,"{""Color"": ""Silver""}"
738,2687493,Standard Black,398.46,70,2687493-VAR1,https://images.example.com/variants/2687493-VAR1.jpg,True,"{""Color"": ""Black""}"
739,2687493,Premium Silver,438.31,65,2687493-VAR2,https://images.example.com/variants/2687493-VAR2.jpg,True,"{""Color"": ""Silver""}"
740,2688087,Standard Size,446.29,18,2688087-VAR1,https://images.example.com/variants/2688087-VAR1.jpg,True,"{""Size"": ""Standard""}"
741,2692681,Size M,21.38,40,2692681-VAR1,https://images.example.com/variants/2692681-VAR1.jpg,True,"{""Size"": ""M""}"
742,2692681,Size L,21.38,72,2692681-VAR2,https://images.example.com/variants/2692681-VAR2.jpg,True,"{""Size"": ""L""}"
743,2695795,Paperback Edition,9.46,69,2695795-VAR1,https://images.example.com/variants/2695795-VAR1.jpg,True,"{""Format"": ""Paperback""}"
744,2695795,Hardcover Special,10.41,64,2695795-VAR2,https://images.example.com/variants/2695795-VAR2.jpg,True,"{""Format"": ""Hardcover""}"
745,2696738,Standard Size,43.54,15,2696738-VAR1,https://images.example.com/variants/2696738-VAR1.jpg,True,"{""Size"": ""Standard""}"
746,2700020,Standard Size,96.18,42,2700020-VAR1,https://images.example.com/variants/2700020-VAR1.jpg,True,"{""Size"": ""Standard""}"
747,2701204,Standard Black,522.07,41,2701204-VAR1,https://images.example.com/variants/2701204-VAR1.jpg,True,"{""Color"": ""Black""}"
748,2701204,Premium Silver,574.28,50,2701204-VAR2,https://images.example.com/variants/2701204-VAR2.jpg,True,"{""Color"": ""Silver""}"
749,2704566,Standard Size,36.82,23,2704566-VAR1,https://images.example.com/variants/2704566-VAR1.jpg,True,"{""Size"": ""Standard""}"
750,2707677,Standard Size,42.36,28,2707677-VAR1,https://images.example.com/variants/2707677-VAR1.jpg,True,"{""Size"": ""Standard""}"
751,2708978,Standard Size,85.07,38,2708978-VAR1,https://images.example.com/variants/2708978-VAR1.jpg,True,"{""Size"": ""Standard""}"
752,2709813,Standard Size,85.78,61,2709813-VAR1,https://images.example.com/variants/2709813-VAR1.jpg,True,"{""Size"": ""Standard""}"
753,2718833,Standard Black,94.69,56,2718833-VAR1,https://images.example.com/variants/2718833-VAR1.jpg,True,"{""Color"": ""Black""}"
754,2718833,Premium Silver,104.16,40,2718833-VAR2,https://images.example.com/variants/2718833-VAR2.jpg,True,"{""Color"": ""Silver""}"
755,2721889,Paperback Edition,30.56,73,2721889-VAR1,https://images.example.com/variants/2721889-VAR1.jpg,True,"{""Format"": ""Paperback""}"
756,2721889,Hardcover Special,33.62,29,2721889-VAR2,https://images.example.com/variants/2721889-VAR2.jpg,True,"{""Format"": ""Hardcover""}"
757,2730342,Standard Size,87.0,48,2730342-VAR1,https://images.example.com/variants/2730342-VAR1.jpg,True,"{""Size"": ""Standard""}"
758,2731813,Standard Size,63.04,77,2731813-VAR1,https://images.example.com/variants/2731813-VAR1.jpg,True,"{""Size"": ""Standard""}"
759,2737657,Standard Black,667.41,55,2737657-VAR1,https://images.example.com/variants/2737657-VAR1.jpg,True,"{""Color"": ""Black""}"
760,2737657,Premium Silver,734.15,64,2737657-VAR2,https://images.example.com/variants/2737657-VAR2.jpg,True,"{""Color"": ""Silver""}"
761,2740047,Size M,78.84,65,2740047-VAR1,https://images.example.com/variants/2740047-VAR1.jpg,True,"{""Size"": ""M""}"
762,2740047,Size L,78.84,29,2740047-VAR2,https://images.example.com/variants/2740047-VAR2.jpg,True,"{""Size"": ""L""}"
763,2740686,Standard Black,181.25,59,2740686-VAR1,https://images.example.com/variants/2740686-VAR1.jpg,True,"{""Color"": ""Black""}"
764,2740686,Premium Silver,199.38,60,2740686-VAR2,https://images.example.com/variants/2740686-VAR2.jpg,True,"{""Color"": ""Silver""}"
765,2748554,Standard Black,783.57,73,2748554-VAR1,https://images.example.com/variants/2748554-VAR1.jpg,True,"{""Color"": ""Black""}"
766,2748554,Premium Silver,861.93,37,2748554-VAR2,https://images.example.com/variants/2748554-VAR2.jpg,True,"{""Color"": ""Silver""}"
767,2749663,Standard Size,445.61,53,2749663-VAR1,https://images.example.com/variants/2749663-VAR1.jpg,True,"{""Size"": ""Standard""}"
768,2750969,Paperback Edition,13.99,25,2750969-VAR1,https://images.example.com/variants/2750969-VAR1.jpg,True,"{""Format"": ""Paperback""}"
769,2750969,Hardcover Special,15.39,32,2750969-VAR2,https://images.example.com/variants/2750969-VAR2.jpg,True,"{""Format"": ""Hardcover""}"
770,2773575,Standard Black,912.18,55,2773575-VAR1,https://images.example.com/variants/2773575-VAR1.jpg,True,"{""Color"": ""Black""}"
771,2773575,Premium Silver,1003.4,30,2773575-VAR2,https://images.example.com/variants/2773575-VAR2.jpg,True,"{""Color"": ""Silver""}"
772,2777840,Standard Size,215.91,45,2777840-VAR1,https://images.example.com/variants/2777840-VAR1.jpg,True,"{""Size"": ""Standard""}"
773,2780673,Size M,33.78,54,2780673-VAR1,https://images.example.com/variants/2780673-VAR1.jpg,True,"{""Size"": ""M""}"
774,2780673,Size L,33.78,29,2780673-VAR2,https://images.example.com/variants/2780673-VAR2.jpg,True,"{""Size"": ""L""}"
775,2790543,Standard Black,45.48,38,2790543-VAR1,https://images.example.com/variants/2790543-VAR1.jpg,True,"{""Color"": ""Black""}"
776,2790543,Premium Silver,50.03,62,2790543-VAR2,https://images.example.com/variants/2790543-VAR2.jpg,True,"{""Color"": ""Silver""}"
777,2793823,Standard Black,54.93,33,2793823-VAR1,https://images.example.com/variants/2793823-VAR1.jpg,True,"{""Color"": ""Black""}"
778,2793823,Premium Silver,60.42,80,2793823-VAR2,https://images.example.com/variants/2793823-VAR2.jpg,True,"{""Color"": ""Silver""}"
779,2793877,Standard Size,69.09,64,2793877-VAR1,https://images.example.com/variants/2793877-VAR1.jpg,True,"{""Size"": ""Standard""}"
780,2793892,Size M,25.88,68,2793892-VAR1,https://images.example.com/variants/2793892-VAR1.jpg,True,"{""Size"": ""M""}"
781,2793892,Size L,25.88,32,2793892-VAR2,https://images.example.com/variants/2793892-VAR2.jpg,True,"{""Size"": ""L""}"
782,2794153,Standard Size,62.29,64,2794153-VAR1,https://images.example.com/variants/2794153-VAR1.jpg,True,"{""Size"": ""Standard""}"
783,2795410,Paperback Edition,27.59,69,2795410-VAR1,https://images.example.com/variants/2795410-VAR1.jpg,True,"{""Format"": ""Paperback""}"
784,2795410,Hardcover Special,30.35,38,2795410-VAR2,https://images.example.com/variants/2795410-VAR2.jpg,True,"{""Format"": ""Hardcover""}"
785,2797533,Standard Size,51.78,77,2797533-VAR1,https://images.example.com/variants/2797533-VAR1.jpg,True,"{""Size"": ""Standard""}"
786,2810705,Standard Size,18.45,37,2810705-VAR1,https://images.example.com/variants/2810705-VAR1.jpg,True,"{""Size"": ""Standard""}"
787,2819476,Standard Size,64.96,36,2819476-VAR1,https://images.example.com/variants/2819476-VAR1.jpg,True,"{""Size"": ""Standard""}"
788,2821630,Standard Size,29.0,77,2821630-VAR1,https://images.example.com/variants/2821630-VAR1.jpg,True,"{""Size"": ""Standard""}"
789,2823620,Standard Size,456.64,51,2823620-VAR1,https://images.example.com/variants/2823620-VAR1.jpg,True,"{""Size"": ""Standard""}"
790,2825454,Standard Size,457.61,32,2825454-VAR1,https://images.example.com/variants/2825454-VAR1.jpg,True,"{""Size"": ""Standard""}"
791,2825567,Standard Size,56.38,38,2825567-VAR1,https://images.example.com/variants/2825567-VAR1.jpg,True,"{""Size"": ""Standard""}"
792,2831190,Standard Size,265.08,55,2831190-VAR1,https://images.example.com/variants/2831190-VAR1.jpg,True,"{""Size"": ""Standard""}"
793,2832809,Standard Size,97.84,72,2832809-VAR1,https://images.example.com/variants/2832809-VAR1.jpg,True,"{""Size"": ""Standard""}"
794,2840297,Standard Size,347.72,21,2840297-VAR1,https://images.example.com/variants/2840297-VAR1.jpg,True,"{""Size"": ""Standard""}"
795,2842032,Standard Size,69.89,60,2842032-VAR1,https://images.example.com/variants/2842032-VAR1.jpg,True,"{""Size"": ""Standard""}"
796,2842407,Size M,69.1,16,2842407-VAR1,https://images.example.com/variants/2842407-VAR1.jpg,True,"{""Size"": ""M""}"
797,2842407,Size L,69.1,77,2842407-VAR2,https://images.example.com/variants/2842407-VAR2.jpg,True,"{""Size"": ""L""}"
798,2846310,Standard Size,98.94,32,2846310-VAR1,https://images.example.com/variants/2846310-VAR1.jpg,True,"{""Size"": ""Standard""}"
799,2846720,Standard Size,15.03,39,2846720-VAR1,https://images.example.com/variants/2846720-VAR1.jpg,True,"{""Size"": ""Standard""}"
800,2861878,Size M,51.6,64,2861878-VAR1,https://images.example.com/variants/2861878-VAR1.jpg,True,"{""Size"": ""M""}"
801,2861878,Size L,51.6,79,2861878-VAR2,https://images.example.com/variants/2861878-VAR2.jpg,True,"{""Size"": ""L""}"
802,2870017,Standard Size,32.81,78,2870017-VAR1,https://images.example.com/variants/2870017-VAR1.jpg,True,"{""Size"": ""Standard""}"
803,2870935,Standard Size,32.75,67,2870935-VAR1,https://images.example.com/variants/2870935-VAR1.jpg,True,"{""Size"": ""Standard""}"
804,2874723,Paperback Edition,20.87,77,2874723-VAR1,https://images.example.com/variants/2874723-VAR1.jpg,True,"{""Format"": ""Paperback""}"
805,2874723,Hardcover Special,22.96,68,2874723-VAR2,https://images.example.com/variants/2874723-VAR2.jpg,True,"{""Format"": ""Hardcover""}"
806,2874789,Standard Size,58.2,71,2874789-VAR1,https://images.example.com/variants/2874789-VAR1.jpg,True,"{""Size"": ""Standard""}"
807,2875418,Standard Size,78.16,77,2875418-VAR1,https://images.example.com/variants/2875418-VAR1.jpg,True,"{""Size"": ""Standard""}"
808,2882640,Standard Size,90.6,36,2882640-VAR1,https://images.example.com/variants/2882640-VAR1.jpg,True,"{""Size"": ""Standard""}"
809,2888477,Size M,46.79,25,2888477-VAR1,https://images.example.com/variants/2888477-VAR1.jpg,True,"{""Size"": ""M""}"
810,2888477,Size L,46.79,18,2888477-VAR2,https://images.example.com/variants/2888477-VAR2.jpg,True,"{""Size"": ""L""}"
811,2890224,Size M,64.65,43,2890224-VAR1,https://images.example.com/variants/2890224-VAR1.jpg,True,"{""Size"": ""M""}"
812,2890224,Size L,64.65,52,2890224-VAR2,https://images.example.com/variants/2890224-VAR2.jpg,True,"{""Size"": ""L""}"
813,2927238,Standard Black,62.06,19,2927238-VAR1,https://images.example.com/variants/2927238-VAR1.jpg,True,"{""Color"": ""Black""}"
814,2927238,Premium Silver,68.27,50,2927238-VAR2,https://images.example.com/variants/2927238-VAR2.jpg,True,"{""Color"": ""Silver""}"
815,2927287,Standard Size,25.59,43,2927287-VAR1,https://images.example.com/variants/2927287-VAR1.jpg,True,"{""Size"": ""Standard""}"
816,2930862,Standard Size,63.36,51,2930862-VAR1,https://images.example.com/variants/2930862-VAR1.jpg,True,"{""Size"": ""Standard""}"
817,2932138,Size M,123.11,36,2932138-VAR1,https://images.example.com/variants/2932138-VAR1.jpg,True,"{""Size"": ""M""}"
818,2932138,Size L,123.11,73,2932138-VAR2,https://images.example.com/variants/2932138-VAR2.jpg,True,"{""Size"": ""L""}"
819,2933451,Size M,58.57,78,2933451-VAR1,https://images.example.com/variants/2933451-VAR1.jpg,True,"{""Size"": ""M""}"
820,2933451,Size L,58.57,80,2933451-VAR2,https://images.example.com/variants/2933451-VAR2.jpg,True,"{""Size"": ""L""}"
821,2955803,Paperback Edition,27.85,29,2955803-VAR1,https://images.example.com/variants/2955803-VAR1.jpg,True,"{""Format"": ""Paperback""}"
822,2955803,Hardcover Special,30.64,29,2955803-VAR2,https://images.example.com/variants/2955803-VAR2.jpg,True,"{""Format"": ""Hardcover""}"
823,2958216,Size M,111.1,49,2958216-VAR1,https://images.example.com/variants/2958216-VAR1.jpg,True,"{""Size"": ""M""}"
824,2958216,Size L,111.1,61,2958216-VAR2,https://images.example.com/variants/2958216-VAR2.jpg,True,"{""Size"": ""L""}"
825,2961116,Standard Size,79.13,20,2961116-VAR1,https://images.example.com/variants/2961116-VAR1.jpg,True,"{""Size"": ""Standard""}"
826,2963472,Size M,52.09,71,2963472-VAR1,https://images.example.com/variants/2963472-VAR1.jpg,True,"{""Size"": ""M""}"
827,2963472,Size L,52.09,42,2963472-VAR2,https://images.example.com/variants/2963472-VAR2.jpg,True,"{""Size"": ""L""}"
828,2967615,Standard Size,17.35,69,2967615-VAR1,https://images.example.com/variants/2967615-VAR1.jpg,True,"{""Size"": ""Standard""}"
829,2969304,Paperback Edition,18.8,28,2969304-VAR1,https://images.example.com/variants/2969304-VAR1.jpg,True,"{""Format"": ""Paperback""}"
830,2969304,Hardcover Special,20.68,46,2969304-VAR2,https://images.example.com/variants/2969304-VAR2.jpg,True,"{""Format"": ""Hardcover""}"
831,2969676,Standard Size,21.51,53,2969676-VAR1,https://images.example.com/variants/2969676-VAR1.jpg,True,"{""Size"": ""Standard""}"
832,2974274,Paperback Edition,32.6,19,2974274-VAR1,https://images.example.com/variants/2974274-VAR1.jpg,True,"{""Format"": ""Paperback""}"
833,2974274,Hardcover Special,35.86,72,2974274-VAR2,https://images.example.com/variants/2974274-VAR2.jpg,True,"{""Format"": ""Hardcover""}"
834,2981221,Standard Size,54.9,48,2981221-VAR1,https://images.example.com/variants/2981221-VAR1.jpg,True,"{""Size"": ""Standard""}"
835,2982506,Standard Size,83.06,59,2982506-VAR1,https://images.example.com/variants/2982506-VAR1.jpg,True,"{""Size"": ""Standard""}"
836,2991276,Standard Size,462.99,26,2991276-VAR1,https://images.example.com/variants/2991276-VAR1.jpg,True,"{""Size"": ""Standard""}"
837,2993641,Standard Size,95.93,71,2993641-VAR1,https://images.example.com/variants/2993641-VAR1.jpg,True,"{""Size"": ""Standard""}"
838,2994257,Standard Size,75.18,30,2994257-VAR1,https://images.example.com/variants/2994257-VAR1.jpg,True,"{""Size"": ""Standard""}"
839,2994876,Size M,128.47,45,2994876-VAR1,https://images.example.com/variants/2994876-VAR1.jpg,True,"{""Size"": ""M""}"
840,2994876,Size L,128.47,41,2994876-VAR2,https://images.example.com/variants/2994876-VAR2.jpg,True,"{""Size"": ""L""}"
841,2995656,Size M,76.63,59,2995656-VAR1,https://images.example.com/variants/2995656-VAR1.jpg,True,"{""Size"": ""M""}"
842,2995656,Size L,76.63,69,2995656-VAR2,https://images.example.com/variants/2995656-VAR2.jpg,True,"{""Size"": ""L""}"
843,3008190,Size M,63.27,36,3008190-VAR1,https://images.example.com/variants/3008190-VAR1.jpg,True,"{""Size"": ""M""}"
844,3008190,Size L,63.27,32,3008190-VAR2,https://images.example.com/variants/3008190-VAR2.jpg,True,"{""Size"": ""L""}"
845,3011543,Standard Black,873.27,41,3011543-VAR1,https://images.example.com/variants/3011543-VAR1.jpg,True,"{""Color"": ""Black""}"
846,3011543,Premium Silver,960.6,41,3011543-VAR2,https://images.example.com/variants/3011543-VAR2.jpg,True,"{""Color"": ""Silver""}"
847,3011676,Standard Size,362.58,22,3011676-VAR1,https://images.example.com/variants/3011676-VAR1.jpg,True,"{""Size"": ""Standard""}"
848,3012053,Size M,146.4,59,3012053-VAR1,https://images.example.com/variants/3012053-VAR1.jpg,True,"{""Size"": ""M""}"
849,3012053,Size L,146.4,50,3012053-VAR2,https://images.example.com/variants/3012053-VAR2.jpg,True,"{""Size"": ""L""}"
850,3018301,Standard Size,39.38,36,3018301-VAR1,https://images.example.com/variants/3018301-VAR1.jpg,True,"{""Size"": ""Standard""}"
851,3022799,Standard Black,6.31,56,3022799-VAR1,https://images.example.com/variants/3022799-VAR1.jpg,True,"{""Color"": ""Black""}"
852,3022799,Premium Silver,6.94,52,3022799-VAR2,https://images.example.com/variants/3022799-VAR2.jpg,True,"{""Color"": ""Silver""}"
853,3030510,Standard Black,211.11,52,3030510-VAR1,https://images.example.com/variants/3030510-VAR1.jpg,True,"{""Color"": ""Black""}"
854,3030510,Premium Silver,232.22,49,3030510-VAR2,https://images.example.com/variants/3030510-VAR2.jpg,True,"{""Color"": ""Silver""}"
855,3032611,Standard Size,68.25,80,3032611-VAR1,https://images.example.com/variants/3032611-VAR1.jpg,True,"{""Size"": ""Standard""}"
856,3044282,Paperback Edition,16.86,27,3044282-VAR1,https://images.example.com/variants/3044282-VAR1.jpg,True,"{""Format"": ""Paperback""}"
857,3044282,Hardcover Special,18.55,32,3044282-VAR2,https://images.example.com/variants/3044282-VAR2.jpg,True,"{""Format"": ""Hardcover""}"
858,3044471,Size M,67.63,67,3044471-VAR1,https://images.example.com/variants/3044471-VAR1.jpg,True,"{""Size"": ""M""}"
859,3044471,Size L,67.63,22,3044471-VAR2,https://images.example.com/variants/3044471-VAR2.jpg,True,"{""Size"": ""L""}"
860,3052761,Paperback Edition,12.25,50,3052761-VAR1,https://images.example.com/variants/3052761-VAR1.jpg,True,"{""Format"": ""Paperback""}"
861,3052761,Hardcover Special,13.48,31,3052761-VAR2,https://images.example.com/variants/3052761-VAR2.jpg,True,"{""Format"": ""Hardcover""}"
862,3057370,Standard Size,49.32,31,3057370-VAR1,https://images.example.com/variants/3057370-VAR1.jpg,True,"{""Size"": ""Standard""}"
863,3079068,Standard Size,88.12,46,3079068-VAR1,https://images.example.com/variants/3079068-VAR1.jpg,True,"{""Size"": ""Standard""}"
864,3083565,Standard Black,394.88,33,3083565-VAR1,https://images.example.com/variants/3083565-VAR1.jpg,True,"{""Color"": ""Black""}"
865,3083565,Premium Silver,434.37,56,3083565-VAR2,https://images.example.com/variants/3083565-VAR2.jpg,True,"{""Color"": ""Silver""}"
866,3092053,Size M,29.17,46,3092053-VAR1,https://images.example.com/variants/3092053-VAR1.jpg,True,"{""Size"": ""M""}"
867,3092053,Size L,29.17,65,3092053-VAR2,https://images.example.com/variants/3092053-VAR2.jpg,True,"{""Size"": ""L""}"
868,3095307,Standard Size,64.73,77,3095307-VAR1,https://images.example.com/variants/3095307-VAR1.jpg,True,"{""Size"": ""Standard""}"
869,3096889,Size M,73.2,33,3096889-VAR1,https://images.example.com/variants/3096889-VAR1.jpg,True,"{""Size"": ""M""}"
870,3096889,Size L,73.2,49,3096889-VAR2,https://images.example.com/variants/3096889-VAR2.jpg,True,"{""Size"": ""L""}"
871,3101480,Paperback Edition,28.48,68,3101480-VAR1,https://images.example.com/variants/3101480-VAR1.jpg,True,"{""Format"": ""Paperback""}"
872,3101480,Hardcover Special,31.33,63,3101480-VAR2,https://images.example.com/variants/3101480-VAR2.jpg,True,"{""Format"": ""Hardcover""}"
873,3104839,Standard Size,18.14,72,3104839-VAR1,https://images.example.com/variants/3104839-VAR1.jpg,True,"{""Size"": ""Standard""}"
874,3107357,Size M,34.48,24,3107357-VAR1,https://images.example.com/variants/3107357-VAR1.jpg,True,"{""Size"": ""M""}"
875,3107357,Size L,34.48,26,3107357-VAR2,https://images.example.com/variants/3107357-VAR2.jpg,True,"{""Size"": ""L""}"
876,3116844,Standard Size,15.92,66,3116844-VAR1,https://images.example.com/variants/3116844-VAR1.jpg,True,"{""Size"": ""Standard""}"
877,3122135,Standard Black,88.4,80,3122135-VAR1,https://images.example.com/variants/3122135-VAR1.jpg,True,"{""Color"": ""Black""}"
878,3122135,Premium Silver,97.24,50,3122135-VAR2,https://images.example.com/variants/3122135-VAR2.jpg,True,"{""Color"": ""Silver""}"
879,3125830,Size M,39.87,62,3125830-VAR1,https://images.example.com/variants/3125830-VAR1.jpg,True,"{""Size"": ""M""}"
880,3125830,Size L,39.87,73,3125830-VAR2,https://images.example.com/variants/3125830-VAR2.jpg,True,"{""Size"": ""L""}"
881,3127410,Standard Size,68.03,77,3127410-VAR1,https://images.example.com/variants/3127410-VAR1.jpg,True,"{""Size"": ""Standard""}"
882,3148492,Standard Size,70.47,56,3148492-VAR1,https://images.example.com/variants/3148492-VAR1.jpg,True,"{""Size"": ""Standard""}"
883,3149861,Standard Size,44.4,15,3149861-VAR1,https://images.example.com/variants/3149861-VAR1.jpg,True,"{""Size"": ""Standard""}"
884,3152278,Standard Size,384.45,26,3152278-VAR1,https://images.example.com/variants/3152278-VAR1.jpg,True,"{""Size"": ""Standard""}"
885,3158800,Paperback Edition,28.65,73,3158800-VAR1,https://images.example.com/variants/3158800-VAR1.jpg,True,"{""Format"": ""Paperback""}"
886,3158800,Hardcover Special,31.52,60,3158800-VAR2,https://images.example.com/variants/3158800-VAR2.jpg,True,"{""Format"": ""Hardcover""}"
887,3172409,Standard Black,653.47,23,3172409-VAR1,https://images.example.com/variants/3172409-VAR1.jpg,True,"{""Color"": ""Black""}"
888,3172409,Premium Silver,718.82,65,3172409-VAR2,https://images.example.com/variants/3172409-VAR2.jpg,True,"{""Color"": ""Silver""}"
889,3193857,Paperback Edition,9.98,42,3193857-VAR1,https://images.example.com/variants/3193857-VAR1.jpg,True,"{""Format"": ""Paperback""}"
890,3193857,Hardcover Special,10.98,69,3193857-VAR2,https://images.example.com/variants/3193857-VAR2.jpg,True,"{""Format"": ""Hardcover""}"
891,3200672,Standard Size,25.42,42,3200672-VAR1,https://images.example.com/variants/3200672-VAR1.jpg,True,"{""Size"": ""Standard""}"
892,3210567,Standard Size,478.28,78,3210567-VAR1,https://images.example.com/variants/3210567-VAR1.jpg,True,"{""Size"": ""Standard""}"
893,3216276,Standard Size,121.63,49,3216276-VAR1,https://images.example.com/variants/3216276-VAR1.jpg,True,"{""Size"": ""Standard""}"
894,3227505,Size M,38.51,56,3227505-VAR1,https://images.example.com/variants/3227505-VAR1.jpg,True,"{""Size"": ""M""}"
895,3227505,Size L,38.51,51,3227505-VAR2,https://images.example.com/variants/3227505-VAR2.jpg,True,"{""Size"": ""L""}"
896,3233798,Size M,37.96,58,3233798-VAR1,https://images.example.com/variants/3233798-VAR1.jpg,True,"{""Size"": ""M""}"
897,3233798,Size L,37.96,31,3233798-VAR2,https://images.example.com/variants/3233798-VAR2.jpg,True,"{""Size"": ""L""}"
898,3236416,Size M,32.66,77,3236416-VAR1,https://images.example.com/variants/3236416-VAR1.jpg,True,"{""Size"": ""M""}"
899,3236416,Size L,32.66,58,3236416-VAR2,https://images.example.com/variants/3236416-VAR2.jpg,True,"{""Size"": ""L""}"
900,3236572,Standard Size,94.21,21,3236572-VAR1,https://images.example.com/variants/3236572-VAR1.jpg,True,"{""Size"": ""Standard""}"
901,3239215,Standard Size,13.62,20,3239215-VAR1,https://images.example.com/variants/3239215-VAR1.jpg,True,"{""Size"": ""Standard""}"
902,3274284,Size M,110.59,27,3274284-VAR1,https://images.example.com/variants/3274284-VAR1.jpg,True,"{""Size"": ""M""}"
903,3274284,Size L,110.59,73,3274284-VAR2,https://images.example.com/variants/3274284-VAR2.jpg,True,"{""Size"": ""L""}"
904,3283696,Standard Size,96.28,17,3283696-VAR1,https://images.example.com/variants/3283696-VAR1.jpg,True,"{""Size"": ""Standard""}"
905,3285990,Standard Size,78.96,30,3285990-VAR1,https://images.example.com/variants/3285990-VAR1.jpg,True,"{""Size"": ""Standard""}"
906,3297610,Size M,78.28,35,3297610-VAR1,https://images.example.com/variants/3297610-VAR1.jpg,True,"{""Size"": ""M""}"
907,3297610,Size L,78.28,71,3297610-VAR2,https://images.example.com/variants/3297610-VAR2.jpg,True,"{""Size"": ""L""}"
908,3300853,Standard Black,284.48,73,3300853-VAR1,https://images.example.com/variants/3300853-VAR1.jpg,True,"{""Color"": ""Black""}"
909,3300853,Premium Silver,312.93,15,3300853-VAR2,https://images.example.com/variants/3300853-VAR2.jpg,True,"{""Color"": ""Silver""}"
910,3303693,Standard Size,166.8,69,3303693-VAR1,https://images.example.com/variants/3303693-VAR1.jpg,True,"{""Size"": ""Standard""}"
911,3305461,Size M,129.44,40,3305461-VAR1,https://images.example.com/variants/3305461-VAR1.jpg,True,"{""Size"": ""M""}"
912,3305461,Size L,129.44,31,3305461-VAR2,https://images.example.com/variants/3305461-VAR2.jpg,True,"{""Size"": ""L""}"
913,3329070,Standard Size,35.88,53,3329070-VAR1,https://images.example.com/variants/3329070-VAR1.jpg,True,"{""Size"": ""Standard""}"
914,3331681,Paperback Edition,32.66,35,3331681-VAR1,https://images.example.com/variants/3331681-VAR1.jpg,True,"{""Format"": ""Paperback""}"
915,3331681,Hardcover Special,35.93,50,3331681-VAR2,https://images.example.com/variants/3331681-VAR2.jpg,True,"{""Format"": ""Hardcover""}"
916,3334864,Standard Size,5.27,26,3334864-VAR1,https://images.example.com/variants/3334864-VAR1.jpg,True,"{""Size"": ""Standard""}"
917,3341674,Standard Size,97.83,61,3341674-VAR1,https://images.example.com/variants/3341674-VAR1.jpg,True,"{""Size"": ""Standard""}"
918,3343325,Standard Black,28.56,47,3343325-VAR1,https://images.example.com/variants/3343325-VAR1.jpg,True,"{""Color"": ""Black""}"
919,3343325,Premium Silver,31.42,25,3343325-VAR2,https://images.example.com/variants/3343325-VAR2.jpg,True,"{""Color"": ""Silver""}"
920,3345192,Standard Size,126.06,62,3345192-VAR1,https://images.example.com/variants/3345192-VAR1.jpg,True,"{""Size"": ""Standard""}"
921,3350364,Standard Size,135.23,36,3350364-VAR1,https://images.example.com/variants/3350364-VAR1.jpg,True,"{""Size"": ""Standard""}"
922,3355080,Standard Size,79.26,21,3355080-VAR1,https://images.example.com/variants/3355080-VAR1.jpg,True,"{""Size"": ""Standard""}"
923,3355149,Standard Size,60.35,65,3355149-VAR1,https://images.example.com/variants/3355149-VAR1.jpg,True,"{""Size"": ""Standard""}"
924,3362139,Paperback Edition,14.23,54,3362139-VAR1,https://images.example.com/variants/3362139-VAR1.jpg,True,"{""Format"": ""Paperback""}"
925,3362139,Hardcover Special,15.65,44,3362139-VAR2,https://images.example.com/variants/3362139-VAR2.jpg,True,"{""Format"": ""Hardcover""}"
926,3363470,Standard Size,133.11,69,3363470-VAR1,https://images.example.com/variants/3363470-VAR1.jpg,True,"{""Size"": ""Standard""}"
927,3365312,Standard Size,54.45,26,3365312-VAR1,https://images.example.com/variants/3365312-VAR1.jpg,True,"{""Size"": ""Standard""}"
928,3367369,Standard Size,10.97,27,3367369-VAR1,https://images.example.com/variants/3367369-VAR1.jpg,True,"{""Size"": ""Standard""}"
929,3368542,Standard Size,78.13,15,3368542-VAR1,https://images.example.com/variants/3368542-VAR1.jpg,True,"{""Size"": ""Standard""}"
930,3388153,Paperback Edition,26.81,42,3388153-VAR1,https://images.example.com/variants/3388153-VAR1.jpg,True,"{""Format"": ""Paperback""}"
931,3388153,Hardcover Special,29.49,76,3388153-VAR2,https://images.example.com/variants/3388153-VAR2.jpg,True,"{""Format"": ""Hardcover""}"
932,3391967,Size M,47.25,24,3391967-VAR1,https://images.example.com/variants/3391967-VAR1.jpg,True,"{""Size"": ""M""}"
933,3391967,Size L,47.25,31,3391967-VAR2,https://images.example.com/variants/3391967-VAR2.jpg,True,"{""Size"": ""L""}"
934,3419397,Standard Size,98.17,43,3419397-VAR1,https://images.example.com/variants/3419397-VAR1.jpg,True,"{""Size"": ""Standard""}"
935,3420920,Paperback Edition,24.64,71,3420920-VAR1,https://images.example.com/variants/3420920-VAR1.jpg,True,"{""Format"": ""Paperback""}"
936,3420920,Hardcover Special,27.1,16,3420920-VAR2,https://images.example.com/variants/3420920-VAR2.jpg,True,"{""Format"": ""Hardcover""}"
937,3421467,Size M,110.77,16,3421467-VAR1,https://images.example.com/variants/3421467-VAR1.jpg,True,"{""Size"": ""M""}"
938,3421467,Size L,110.77,58,3421467-VAR2,https://images.example.com/variants/3421467-VAR2.jpg,True,"{""Size"": ""L""}"
939,3422222,Standard Size,10.72,30,3422222-VAR1,https://images.example.com/variants/3422222-VAR1.jpg,True,"{""Size"": ""Standard""}"
940,3446193,Standard Black,861.72,69,3446193-VAR1,https://images.example.com/variants/3446193-VAR1.jpg,True,"{""Color"": ""Black""}"
941,3446193,Premium Silver,947.89,31,3446193-VAR2,https://images.example.com/variants/3446193-VAR2.jpg,True,"{""Color"": ""Silver""}"
942,3449001,Standard Size,69.49,76,3449001-VAR1,https://images.example.com/variants/3449001-VAR1.jpg,True,"{""Size"": ""Standard""}"
943,3453542,Standard Size,71.97,24,3453542-VAR1,https://images.example.com/variants/3453542-VAR1.jpg,True,"{""Size"": ""Standard""}"
944,3457845,Standard Black,166.07,44,3457845-VAR1,https://images.example.com/variants/3457845-VAR1.jpg,True,"{""Color"": ""Black""}"
945,3457845,Premium Silver,182.68,64,3457845-VAR2,https://images.example.com/variants/3457845-VAR2.jpg,True,"{""Color"": ""Silver""}"
946,3461725,Standard Size,35.28,26,3461725-VAR1,https://images.example.com/variants/3461725-VAR1.jpg,True,"{""Size"": ""Standard""}"
947,3466178,Standard Black,11.17,28,3466178-VAR1,https://images.example.com/variants/3466178-VAR1.jpg,True,"{""Color"": ""Black""}"
948,3466178,Premium Silver,12.29,28,3466178-VAR2,https://images.example.com/variants/3466178-VAR2.jpg,True,"{""Color"": ""Silver""}"
949,3470901,Standard Size,63.69,55,3470901-VAR1,https://images.example.com/variants/3470901-VAR1.jpg,True,"{""Size"": ""Standard""}"
950,3484049,Standard Size,309.76,62,3484049-VAR1,https://images.example.com/variants/3484049-VAR1.jpg,True,"{""Size"": ""Standard""}"
951,3485113,Standard Size,40.81,53,3485113-VAR1,https://images.example.com/variants/3485113-VAR1.jpg,True,"{""Size"": ""Standard""}"
952,3488953,Size M,48.96,32,3488953-VAR1,https://images.example.com/variants/3488953-VAR1.jpg,True,"{""Size"": ""M""}"
953,3488953,Size L,48.96,63,3488953-VAR2,https://images.example.com/variants/3488953-VAR2.jpg,True,"{""Size"": ""L""}"
954,3489801,Standard Size,52.52,32,3489801-VAR1,https://images.example.com/variants/3489801-VAR1.jpg,True,"{""Size"": ""Standard""}"
955,3516903,Standard Size,121.56,33,3516903-VAR1,https://images.example.com/variants/3516903-VAR1.jpg,True,"{""Size"": ""Standard""}"
956,3523128,Standard Black,202.86,23,3523128-VAR1,https://images.example.com/variants/3523128-VAR1.jpg,True,"{""Color"": ""Black""}"
957,3523128,Premium Silver,223.15,16,3523128-VAR2,https://images.example.com/variants/3523128-VAR2.jpg,True,"{""Color"": ""Silver""}"
958,3527159,Paperback Edition,28.53,36,3527159-VAR1,https://images.example.com/variants/3527159-VAR1.jpg,True,"{""Format"": ""Paperback""}"
959,3527159,Hardcover Special,31.38,71,3527159-VAR2,https://images.example.com/variants/3527159-VAR2.jpg,True,"{""Format"": ""Hardcover""}"
960,3528778,Standard Size,72.76,59,3528778-VAR1,https://images.example.com/variants/3528778-VAR1.jpg,True,"{""Size"": ""Standard""}"
961,3536239,Standard Size,45.43,42,3536239-VAR1,https://images.example.com/variants/3536239-VAR1.jpg,True,"{""Size"": ""Standard""}"
962,3540376,Standard Size,43.9,34,3540376-VAR1,https://images.example.com/variants/3540376-VAR1.jpg,True,"{""Size"": ""Standard""}"
963,3541239,Standard Size,42.48,67,3541239-VAR1,https://images.example.com/variants/3541239-VAR1.jpg,True,"{""Size"": ""Standard""}"
964,3544246,Standard Black,13.94,71,3544246-VAR1,https://images.example.com/variants/3544246-VAR1.jpg,True,"{""Color"": ""Black""}"
965,3544246,Premium Silver,15.33,42,3544246-VAR2,https://images.example.com/variants/3544246-VAR2.jpg,True,"{""Color"": ""Silver""}"
966,3555246,Standard Size,210.95,26,3555246-VAR1,https://images.example.com/variants/3555246-VAR1.jpg,True,"{""Size"": ""Standard""}"
967,3556340,Size M,38.96,27,3556340-VAR1,https://images.example.com/variants/3556340-VAR1.jpg,True,"{""Size"": ""M""}"
968,3556340,Size L,38.96,32,3556340-VAR2,https://images.example.com/variants/3556340-VAR2.jpg,True,"{""Size"": ""L""}"
969,3557403,Standard Size,367.78,30,3557403-VAR1,https://images.example.com/variants/3557403-VAR1.jpg,True,"{""Size"": ""Standard""}"
970,3562796,Standard Size,11.31,64,3562796-VAR1,https://images.example.com/variants/3562796-VAR1.jpg,True,"{""Size"": ""Standard""}"
971,3605657,Standard Size,13.76,59,3605657-VAR1,https://images.example.com/variants/3605657-VAR1.jpg,True,"{""Size"": ""Standard""}"
972,3612554,Size M,121.9,69,3612554-VAR1,https://images.example.com/variants/3612554-VAR1.jpg,True,"{""Size"": ""M""}"
973,3612554,Size L,121.9,55,3612554-VAR2,https://images.example.com/variants/3612554-VAR2.jpg,True,"{""Size"": ""L""}"
974,3616789,Size M,129.29,32,3616789-VAR1,https://images.example.com/variants/3616789-VAR1.jpg,True,"{""Size"": ""M""}"
975,3616789,Size L,129.29,46,3616789-VAR2,https://images.example.com/variants/3616789-VAR2.jpg,True,"{""Size"": ""L""}"
976,3631897,Standard Size,10.64,50,3631897-VAR1,https://images.example.com/variants/3631897-VAR1.jpg,True,"{""Size"": ""Standard""}"
977,3637528,Standard Size,57.8,25,3637528-VAR1,https://images.example.com/variants/3637528-VAR1.jpg,True,"{""Size"": ""Standard""}"
978,3645147,Paperback Edition,12.67,46,3645147-VAR1,https://images.example.com/variants/3645147-VAR1.jpg,True,"{""Format"": ""Paperback""}"
979,3645147,Hardcover Special,13.94,51,3645147-VAR2,https://images.example.com/variants/3645147-VAR2.jpg,True,"{""Format"": ""Hardcover""}"
980,3649902,Standard Size,87.12,18,3649902-VAR1,https://images.example.com/variants/3649902-VAR1.jpg,True,"{""Size"": ""Standard""}"
981,3656335,Standard Size,86.6,53,3656335-VAR1,https://images.example.com/variants/3656335-VAR1.jpg,True,"{""Size"": ""Standard""}"
982,3660992,Standard Size,101.56,41,3660992-VAR1,https://images.example.com/variants/3660992-VAR1.jpg,True,"{""Size"": ""Standard""}"
983,3661621,Standard Size,61.44,80,3661621-VAR1,https://images.example.com/variants/3661621-VAR1.jpg,True,"{""Size"": ""Standard""}"
984,3664433,Standard Black,193.14,39,3664433-VAR1,https://images.example.com/variants/3664433-VAR1.jpg,True,"{""Color"": ""Black""}"
985,3664433,Premium Silver,212.45,65,3664433-VAR2,https://images.example.com/variants/3664433-VAR2.jpg,True,"{""Color"": ""Silver""}"
986,3668317,Standard Size,25.0,52,3668317-VAR1,https://images.example.com/variants/3668317-VAR1.jpg,True,"{""Size"": ""Standard""}"
987,3670376,Standard Size,282.04,21,3670376-VAR1,https://images.example.com/variants/3670376-VAR1.jpg,True,"{""Size"": ""Standard""}"
988,3674544,Standard Size,37.91,45,3674544-VAR1,https://images.example.com/variants/3674544-VAR1.jpg,True,"{""Size"": ""Standard""}"
989,3685265,Standard Black,39.55,78,3685265-VAR1,https://images.example.com/variants/3685265-VAR1.jpg,True,"{""Color"": ""Black""}"
990,3685265,Premium Silver,43.51,64,3685265-VAR2,https://images.example.com/variants/3685265-VAR2.jpg,True,"{""Color"": ""Silver""}"
991,3692127,Standard Size,58.97,29,3692127-VAR1,https://images.example.com/variants/3692127-VAR1.jpg,True,"{""Size"": ""Standard""}"
992,3702766,Standard Black,84.44,45,3702766-VAR1,https://images.example.com/variants/3702766-VAR1.jpg,True,"{""Color"": ""Black""}"
993,3702766,Premium Silver,92.88,78,3702766-VAR2,https://images.example.com/variants/3702766-VAR2.jpg,True,"{""Color"": ""Silver""}"
994,3713574,Standard Size,62.68,24,3713574-VAR1,https://images.example.com/variants/3713574-VAR1.jpg,True,"{""Size"": ""Standard""}"
995,3728619,Standard Size,57.33,16,3728619-VAR1,https://images.example.com/variants/3728619-VAR1.jpg,True,"{""Size"": ""Standard""}"
996,3730396,Standard Size,92.33,61,3730396-VAR1,https://images.example.com/variants/3730396-VAR1.jpg,True,"{""Size"": ""Standard""}"
997,3733357,Standard Black,340.44,55,3733357-VAR1,https://images.example.com/variants/3733357-VAR1.jpg,True,"{""Color"": ""Black""}"
998,3733357,Premium Silver,374.48,31,3733357-VAR2,https://images.example.com/variants/3733357-VAR2.jpg,True,"{""Color"": ""Silver""}"
999,3741352,Size M,70.06,64,3741352-VAR1,https://images.example.com/variants/3741352-VAR1.jpg,True,"{""Size"": ""M""}"
1000,3741352,Size L,70.06,68,3741352-VAR2,https://images.example.com/variants/3741352-VAR2.jpg,True,"{""Size"": ""L""}"
1001,3741680,Standard Size,91.62,61,3741680-VAR1,https://images.example.com/variants/3741680-VAR1.jpg,True,"{""Size"": ""Standard""}"
1002,3754986,Standard Size,5.57,37,3754986-VAR1,https://images.example.com/variants/3754986-VAR1.jpg,True,"{""Size"": ""Standard""}"
1003,3764250,Standard Black,58.23,75,3764250-VAR1,https://images.example.com/variants/3764250-VAR1.jpg,True,"{""Color"": ""Black""}"
1004,3764250,Premium Silver,64.05,24,3764250-VAR2,https://images.example.com/variants/3764250-VAR2.jpg,True,"{""Color"": ""Silver""}"
1005,3768502,Paperback Edition,11.09,17,3768502-VAR1,https://images.example.com/variants/3768502-VAR1.jpg,True,"{""Format"": ""Paperback""}"
1006,3768502,Hardcover Special,12.2,23,3768502-VAR2,https://images.example.com/variants/3768502-VAR2.jpg,True,"{""Format"": ""Hardcover""}"
1007,3769173,Standard Size,64.52,16,3769173-VAR1,https://images.example.com/variants/3769173-VAR1.jpg,True,"{""Size"": ""Standard""}"
1008,3770731,Standard Black,182.49,48,3770731-VAR1,https://images.example.com/variants/3770731-VAR1.jpg,True,"{""Color"": ""Black""}"
1009,3770731,Premium Silver,200.74,42,3770731-VAR2,https://images.example.com/variants/3770731-VAR2.jpg,True,"{""Color"": ""Silver""}"
1010,3771578,Standard Size,25.22,20,3771578-VAR1,https://images.example.com/variants/3771578-VAR1.jpg,True,"{""Size"": ""Standard""}"
1011,3788016,Standard Size,270.08,22,3788016-VAR1,https://images.example.com/variants/3788016-VAR1.jpg,True,"{""Size"": ""Standard""}"
1012,3792683,Standard Black,39.78,65,3792683-VAR1,https://images.example.com/variants/3792683-VAR1.jpg,True,"{""Color"": ""Black""}"
1013,3792683,Premium Silver,43.76,79,3792683-VAR2,https://images.example.com/variants/3792683-VAR2.jpg,True,"{""Color"": ""Silver""}"
1014,3810457,Standard Size,35.49,51,3810457-VAR1,https://images.example.com/variants/3810457-VAR1.jpg,True,"{""Size"": ""Standard""}"
1015,3815973,Paperback Edition,26.89,79,3815973-VAR1,https://images.example.com/variants/3815973-VAR1.jpg,True,"{""Format"": ""Paperback""}"
1016,3815973,Hardcover Special,29.58,68,3815973-VAR2,https://images.example.com/variants/3815973-VAR2.jpg,True,"{""Format"": ""Hardcover""}"
1017,3823579,Standard Black,19.62,69,3823579-VAR1,https://images.example.com/variants/3823579-VAR1.jpg,True,"{""Color"": ""Black""}"
1018,3823579,Premium Silver,21.58,66,3823579-VAR2,https://images.example.com/variants/3823579-VAR2.jpg,True,"{""Color"": ""Silver""}"
1019,3828201,Standard Black,144.74,25,3828201-VAR1,https://images.example.com/variants/3828201-VAR1.jpg,True,"{""Color"": ""Black""}"
1020,3828201,Premium Silver,159.21,34,3828201-VAR2,https://images.example.com/variants/3828201-VAR2.jpg,True,"{""Color"": ""Silver""}"
1021,3841346,Standard Black,344.62,50,3841346-VAR1,https://images.example.com/variants/3841346-VAR1.jpg,True,"{""Color"": ""Black""}"
1022,3841346,Premium Silver,379.08,25,3841346-VAR2,https://images.example.com/variants/3841346-VAR2.jpg,True,"{""Color"": ""Silver""}"
1023,3844686,Standard Black,44.86,54,3844686-VAR1,https://images.example.com/variants/3844686-VAR1.jpg,True,"{""Color"": ""Black""}"
1024,3844686,Premium Silver,49.35,25,3844686-VAR2,https://images.example.com/variants/3844686-VAR2.jpg,True,"{""Color"": ""Silver""}"
1025,3846692,Standard Size,46.55,80,3846692-VAR1,https://images.example.com/variants/3846692-VAR1.jpg,True,"{""Size"": ""Standard""}"
1026,3855288,Paperback Edition,15.47,41,3855288-VAR1,https://images.example.com/variants/3855288-VAR1.jpg,True,"{""Format"": ""Paperback""}"
1027,3855288,Hardcover Special,17.02,34,3855288-VAR2,https://images.example.com/variants/3855288-VAR2.jpg,True,"{""Format"": ""Hardcover""}"
1028,3865393,Standard Black,202.32,56,3865393-VAR1,https://images.example.com/variants/3865393-VAR1.jpg,True,"{""Color"": ""Black""}"
1029,3865393,Premium Silver,222.55,65,3865393-VAR2,https://images.example.com/variants/3865393-VAR2.jpg,True,"{""Color"": ""Silver""}"
1030,3880607,Standard Size,15.42,23,3880607-VAR1,https://images.example.com/variants/3880607-VAR1.jpg,True,"{""Size"": ""Standard""}"
1031,3890502,Standard Size,68.78,54,3890502-VAR1,https://images.example.com/variants/3890502-VAR1.jpg,True,"{""Size"": ""Standard""}"
1032,3891320,Size M,48.72,70,3891320-VAR1,https://images.example.com/variants/3891320-VAR1.jpg,True,"{""Size"": ""M""}"
1033,3891320,Size L,48.72,45,3891320-VAR2,https://images.example.com/variants/3891320-VAR2.jpg,True,"{""Size"": ""L""}"
1034,3893803,Standard Black,9.27,22,3893803-VAR1,https://images.example.com/variants/3893803-VAR1.jpg,True,"{""Color"": ""Black""}"
1035,3893803,Premium Silver,10.2,46,3893803-VAR2,https://images.example.com/variants/3893803-VAR2.jpg,True,"{""Color"": ""Silver""}"
1036,3897452,Standard Size,492.48,26,3897452-VAR1,https://images.example.com/variants/3897452-VAR1.jpg,True,"{""Size"": ""Standard""}"
1037,3915717,Standard Size,5.72,70,3915717-VAR1,https://images.example.com/variants/3915717-VAR1.jpg,True,"{""Size"": ""Standard""}"
1038,3924907,Standard Size,476.09,29,3924907-VAR1,https://images.example.com/variants/3924907-VAR1.jpg,True,"{""Size"": ""Standard""}"
1039,3930186,Paperback Edition,31.92,73,3930186-VAR1,https://images.example.com/variants/3930186-VAR1.jpg,True,"{""Format"": ""Paperback""}"
1040,3930186,Hardcover Special,35.11,22,3930186-VAR2,https://images.example.com/variants/3930186-VAR2.jpg,True,"{""Format"": ""Hardcover""}"
1041,3933544,Standard Black,394.98,54,3933544-VAR1,https://images.example.com/variants/3933544-VAR1.jpg,True,"{""Color"": ""Black""}"
1042,3933544,Premium Silver,434.48,37,3933544-VAR2,https://images.example.com/variants/3933544-VAR2.jpg,True,"{""Color"": ""Silver""}"
1043,3936676,Size M,94.71,30,3936676-VAR1,https://images.example.com/variants/3936676-VAR1.jpg,True,"{""Size"": ""M""}"
1044,3936676,Size L,94.71,16,3936676-VAR2,https://images.example.com/variants/3936676-VAR2.jpg,True,"{""Size"": ""L""}"
1045,3942025,Size M,59.33,32,3942025-VAR1,https://images.example.com/variants/3942025-VAR1.jpg,True,"{""Size"": ""M""}"
1046,3942025,Size L,59.33,16,3942025-VAR2,https://images.example.com/variants/3942025-VAR2.jpg,True,"{""Size"": ""L""}"
1047,3945615,Standard Size,55.06,35,3945615-VAR1,https://images.example.com/variants/3945615-VAR1.jpg,True,"{""Size"": ""Standard""}"
1048,3961311,Standard Size,289.61,78,3961311-VAR1,https://images.example.com/variants/3961311-VAR1.jpg,True,"{""Size"": ""Standard""}"
1049,3976381,Size M,66.6,59,3976381-VAR1,https://images.example.com/variants/3976381-VAR1.jpg,True,"{""Size"": ""M""}"
1050,3976381,Size L,66.6,48,3976381-VAR2,https://images.example.com/variants/3976381-VAR2.jpg,True,"{""Size"": ""L""}"
1051,3979564,Standard Black,42.32,36,3979564-VAR1,https://images.example.com/variants/3979564-VAR1.jpg,True,"{""Color"": ""Black""}"
1052,3979564,Premium Silver,46.55,62,3979564-VAR2,https://images.example.com/variants/3979564-VAR2.jpg,True,"{""Color"": ""Silver""}"
1053,3980381,Standard Size,8.98,31,3980381-VAR1,https://images.example.com/variants/3980381-VAR1.jpg,True,"{""Size"": ""Standard""}"
1054,3982661,Standard Size,48.22,49,3982661-VAR1,https://images.example.com/variants/3982661-VAR1.jpg,True,"{""Size"": ""Standard""}"
1055,3990990,Standard Size,86.04,30,3990990-VAR1,https://images.example.com/variants/3990990-VAR1.jpg,True,"{""Size"": ""Standard""}"
1056,3999452,Size M,42.47,18,3999452-VAR1,https://images.example.com/variants/3999452-VAR1.jpg,True,"{""Size"": ""M""}"
1057,3999452,Size L,42.47,57,3999452-VAR2,https://images.example.com/variants/3999452-VAR2.jpg,True,"{""Size"": ""L""}"
1058,4005583,Standard Black,737.84,69,4005583-VAR1,https://images.example.com/variants/4005583-VAR1.jpg,True,"{""Color"": ""Black""}"
1059,4005583,Premium Silver,811.62,49,4005583-VAR2,https://images.example.com/variants/4005583-VAR2.jpg,True,"{""Color"": ""Silver""}"
1060,4017832,Standard Size,201.31,23,4017832-VAR1,https://images.example.com/variants/4017832-VAR1.jpg,True,"{""Size"": ""Standard""}"
1061,4020971,Standard Size,6.96,48,4020971-VAR1,https://images.example.com/variants/4020971-VAR1.jpg,True,"{""Size"": ""Standard""}"
1062,4025544,Standard Size,21.16,24,4025544-VAR1,https://images.example.com/variants/4025544-VAR1.jpg,True,"{""Size"": ""Standard""}"
1063,4028523,Size M,90.61,78,4028523-VAR1,https://images.example.com/variants/4028523-VAR1.jpg,True,"{""Size"": ""M""}"
1064,4028523,Size L,90.61,73,4028523-VAR2,https://images.example.com/variants/4028523-VAR2.jpg,True,"{""Size"": ""L""}"
1065,4054448,Standard Size,91.46,80,4054448-VAR1,https://images.example.com/variants/4054448-VAR1.jpg,True,"{""Size"": ""Standard""}"
1066,4056188,Size M,88.04,61,4056188-VAR1,https://images.example.com/variants/4056188-VAR1.jpg,True,"{""Size"": ""M""}"
1067,4056188,Size L,88.04,22,4056188-VAR2,https://images.example.com/variants/4056188-VAR2.jpg,True,"{""Size"": ""L""}"
1068,4057657,Standard Size,27.87,78,4057657-VAR1,https://images.example.com/variants/4057657-VAR1.jpg,True,"{""Size"": ""Standard""}"
1069,4058123,Standard Size,42.64,36,4058123-VAR1,https://images.example.com/variants/4058123-VAR1.jpg,True,"{""Size"": ""Standard""}"
1070,4061696,Standard Size,42.2,62,4061696-VAR1,https://images.example.com/variants/4061696-VAR1.jpg,True,"{""Size"": ""Standard""}"
1071,4075754,Paperback Edition,31.37,35,4075754-VAR1,https://images.example.com/variants/4075754-VAR1.jpg,True,"{""Format"": ""Paperback""}"
1072,4075754,Hardcover Special,34.51,47,4075754-VAR2,https://images.example.com/variants/4075754-VAR2.jpg,True,"{""Format"": ""Hardcover""}"
1073,4091349,Size M,36.32,28,4091349-VAR1,https://images.example.com/variants/4091349-VAR1.jpg,True,"{""Size"": ""M""}"
1074,4091349,Size L,36.32,29,4091349-VAR2,https://images.example.com/variants/4091349-VAR2.jpg,True,"{""Size"": ""L""}"
1075,4092237,Standard Size,112.0,44,4092237-VAR1,https://images.example.com/variants/4092237-VAR1.jpg,True,"{""Size"": ""Standard""}"
1076,4092373,Standard Size,15.72,80,4092373-VAR1,https://images.example.com/variants/4092373-VAR1.jpg,True,"{""Size"": ""Standard""}"
1077,4095210,Standard Black,274.32,15,4095210-VAR1,https://images.example.com/variants/4095210-VAR1.jpg,True,"{""Color"": ""Black""}"
1078,4095210,Premium Silver,301.75,20,4095210-VAR2,https://images.example.com/variants/4095210-VAR2.jpg,True,"{""Color"": ""Silver""}"
1079,4102262,Standard Size,38.0,16,4102262-VAR1,https://images.example.com/variants/4102262-VAR1.jpg,True,"{""Size"": ""Standard""}"
1080,4107216,Paperback Edition,33.45,46,4107216-VAR1,https://images.example.com/variants/4107216-VAR1.jpg,True,"{""Format"": ""Paperback""}"
1081,4107216,Hardcover Special,36.8,20,4107216-VAR2,https://images.example.com/variants/4107216-VAR2.jpg,True,"{""Format"": ""Hardcover""}"
1082,4109821,Standard Size,14.66,75,4109821-VAR1,https://images.example.com/variants/4109821-VAR1.jpg,True,"{""Size"": ""Standard""}"
1083,4112244,Standard Size,23.54,61,4112244-VAR1,https://images.example.com/variants/4112244-VAR1.jpg,True,"{""Size"": ""Standard""}"
1084,4116854,Standard Size,19.37,64,4116854-VAR1,https://images.example.com/variants/4116854-VAR1.jpg,True,"{""Size"": ""Standard""}"
1085,4119899,Size M,19.82,34,4119899-VAR1,https://images.example.com/variants/4119899-VAR1.jpg,True,"{""Size"": ""M""}"
1086,4119899,Size L,19.82,37,4119899-VAR2,https://images.example.com/variants/4119899-VAR2.jpg,True,"{""Size"": ""L""}"
1087,4120712,Standard Size,51.45,19,4120712-VAR1,https://images.example.com/variants/4120712-VAR1.jpg,True,"{""Size"": ""Standard""}"
1088,4122831,Standard Size,76.43,68,4122831-VAR1,https://images.example.com/variants/4122831-VAR1.jpg,True,"{""Size"": ""Standard""}"
1089,4124021,Size M,58.59,43,4124021-VAR1,https://images.example.com/variants/4124021-VAR1.jpg,True,"{""Size"": ""M""}"
1090,4124021,Size L,58.59,56,4124021-VAR2,https://images.example.com/variants/4124021-VAR2.jpg,True,"{""Size"": ""L""}"
1091,4129713,Standard Black,678.05,46,4129713-VAR1,https://images.example.com/variants/4129713-VAR1.jpg,True,"{""Color"": ""Black""}"
1092,4129713,Premium Silver,745.86,68,4129713-VAR2,https://images.example.com/variants/4129713-VAR2.jpg,True,"{""Color"": ""Silver""}"
1093,4132140,Standard Size,35.38,55,4132140-VAR1,https://images.example.com/variants/4132140-VAR1.jpg,True,"{""Size"": ""Standard""}"
1094,4133976,Standard Size,34.72,49,4133976-VAR1,https://images.example.com/variants/4133976-VAR1.jpg,True,"{""Size"": ""Standard""}"
1095,4138728,Standard Size,108.61,24,4138728-VAR1,https://images.example.com/variants/4138728-VAR1.jpg,True,"{""Size"": ""Standard""}"
1096,4146414,Standard Size,64.35,62,4146414-VAR1,https://images.example.com/variants/4146414-VAR1.jpg,True,"{""Size"": ""Standard""}"
1097,4146835,Standard Size,60.59,30,4146835-VAR1,https://images.example.com/variants/4146835-VAR1.jpg,True,"{""Size"": ""Standard""}"
1098,4153860,Standard Size,52.69,79,4153860-VAR1,https://images.example.com/variants/4153860-VAR1.jpg,True,"{""Size"": ""Standard""}"
1099,4162768,Standard Size,273.47,21,4162768-VAR1,https://images.example.com/variants/4162768-VAR1.jpg,True,"{""Size"": ""Standard""}"
1100,4163600,Standard Size,103.84,37,4163600-VAR1,https://images.example.com/variants/4163600-VAR1.jpg,True,"{""Size"": ""Standard""}"
1101,4163794,Standard Size,12.21,43,4163794-VAR1,https://images.example.com/variants/4163794-VAR1.jpg,True,"{""Size"": ""Standard""}"
1102,4166159,Paperback Edition,27.45,20,4166159-VAR1,https://images.example.com/variants/4166159-VAR1.jpg,True,"{""Format"": ""Paperback""}"
1103,4166159,Hardcover Special,30.2,66,4166159-VAR2,https://images.example.com/variants/4166159-VAR2.jpg,True,"{""Format"": ""Hardcover""}"
1104,4172446,Standard Size,41.14,23,4172446-VAR1,https://images.example.com/variants/4172446-VAR1.jpg,True,"{""Size"": ""Standard""}"
1105,4174405,Standard Size,312.26,74,4174405-VAR1,https://images.example.com/variants/4174405-VAR1.jpg,True,"{""Size"": ""Standard""}"
1106,4176986,Size M,72.34,51,4176986-VAR1,https://images.example.com/variants/4176986-VAR1.jpg,True,"{""Size"": ""M""}"
1107,4176986,Size L,72.34,54,4176986-VAR2,https://images.example.com/variants/4176986-VAR2.jpg,True,"{""Size"": ""L""}"
1108,4197294,Paperback Edition,36.27,56,4197294-VAR1,https://images.example.com/variants/4197294-VAR1.jpg,True,"{""Format"": ""Paperback""}"
1109,4197294,Hardcover Special,39.9,26,4197294-VAR2,https://images.example.com/variants/4197294-VAR2.jpg,True,"{""Format"": ""Hardcover""}"
1110,4203564,Standard Size,353.12,73,4203564-VAR1,https://images.example.com/variants/4203564-VAR1.jpg,True,"{""Size"": ""Standard""}"
1111,4211339,Standard Size,61.87,16,4211339-VAR1,https://images.example.com/variants/4211339-VAR1.jpg,True,"{""Size"": ""Standard""}"
1112,4219318,Standard Size,19.18,62,4219318-VAR1,https://images.example.com/variants/4219318-VAR1.jpg,True,"{""Size"": ""Standard""}"
1113,4221248,Standard Size,47.35,40,4221248-VAR1,https://images.example.com/variants/4221248-VAR1.jpg,True,"{""Size"": ""Standard""}"
1114,4222164,Paperback Edition,38.47,52,4222164-VAR1,https://images.example.com/variants/4222164-VAR1.jpg,True,"{""Format"": ""Paperback""}"
1115,4222164,Hardcover Special,42.32,53,4222164-VAR2,https://images.example.com/variants/4222164-VAR2.jpg,True,"{""Format"": ""Hardcover""}"
1116,4234760,Standard Size,52.43,46,4234760-VAR1,https://images.example.com/variants/4234760-VAR1.jpg,True,"{""Size"": ""Standard""}"
1117,4238977,Standard Black,8.68,74,4238977-VAR1,https://images.example.com/variants/4238977-VAR1.jpg,True,"{""Color"": ""Black""}"
1118,4238977,Premium Silver,9.55,62,4238977-VAR2,https://images.example.com/variants/4238977-VAR2.jpg,True,"{""Color"": ""Silver""}"
1119,4243843,Size M,88.15,78,4243843-VAR1,https://images.example.com/variants/4243843-VAR1.jpg,True,"{""Size"": ""M""}"
1120,4243843,Size L,88.15,40,4243843-VAR2,https://images.example.com/variants/4243843-VAR2.jpg,True,"{""Size"": ""L""}"
1121,4247846,Standard Size,299.58,46,4247846-VAR1,https://images.example.com/variants/4247846-VAR1.jpg,True,"{""Size"": ""Standard""}"
1122,4252236,Standard Size,146.51,34,4252236-VAR1,https://images.example.com/variants/4252236-VAR1.jpg,True,"{""Size"": ""Standard""}"
1123,4257870,Standard Size,91.29,15,4257870-VAR1,https://images.example.com/variants/4257870-VAR1.jpg,True,"{""Size"": ""Standard""}"
1124,4258357,Standard Size,43.42,67,4258357-VAR1,https://images.example.com/variants/4258357-VAR1.jpg,True,"{""Size"": ""Standard""}"
1125,4275288,Standard Size,68.82,18,4275288-VAR1,https://images.example.com/variants/4275288-VAR1.jpg,True,"{""Size"": ""Standard""}"
1126,4277622,Standard Size,79.19,44,4277622-VAR1,https://images.example.com/variants/4277622-VAR1.jpg,True,"{""Size"": ""Standard""}"
1127,4280196,Standard Size,36.46,59,4280196-VAR1,https://images.example.com/variants/4280196-VAR1.jpg,True,"{""Size"": ""Standard""}"
1128,4286624,Standard Size,13.88,16,4286624-VAR1,https://images.example.com/variants/4286624-VAR1.jpg,True,"{""Size"": ""Standard""}"
1129,4297249,Standard Size,241.97,57,4297249-VAR1,https://images.example.com/variants/4297249-VAR1.jpg,True,"{""Size"": ""Standard""}"
1130,4309979,Standard Size,73.03,15,4309979-VAR1,https://images.example.com/variants/4309979-VAR1.jpg,True,"{""Size"": ""Standard""}"
1131,4314127,Standard Size,95.65,63,4314127-VAR1,https://images.example.com/variants/4314127-VAR1.jpg,True,"{""Size"": ""Standard""}"
1132,4324807,Standard Black,87.09,54,4324807-VAR1,https://images.example.com/variants/4324807-VAR1.jpg,True,"{""Color"": ""Black""}"
1133,4324807,Premium Silver,95.8,28,4324807-VAR2,https://images.example.com/variants/4324807-VAR2.jpg,True,"{""Color"": ""Silver""}"
1134,4329365,Standard Size,12.66,41,4329365-VAR1,https://images.example.com/variants/4329365-VAR1.jpg,True,"{""Size"": ""Standard""}"
1135,4333868,Standard Size,18.29,45,4333868-VAR1,https://images.example.com/variants/4333868-VAR1.jpg,True,"{""Size"": ""Standard""}"
1136,4334292,Size M,74.13,68,4334292-VAR1,https://images.example.com/variants/4334292-VAR1.jpg,True,"{""Size"": ""M""}"
1137,4334292,Size L,74.13,77,4334292-VAR2,https://images.example.com/variants/4334292-VAR2.jpg,True,"{""Size"": ""L""}"
1138,4344847,Standard Size,70.66,22,4344847-VAR1,https://images.example.com/variants/4344847-VAR1.jpg,True,"{""Size"": ""Standard""}"
1139,4347375,Standard Black,215.93,33,4347375-VAR1,https://images.example.com/variants/4347375-VAR1.jpg,True,"{""Color"": ""Black""}"
1140,4347375,Premium Silver,237.52,50,4347375-VAR2,https://images.example.com/variants/4347375-VAR2.jpg,True,"{""Color"": ""Silver""}"
1141,4347450,Size M,75.03,26,4347450-VAR1,https://images.example.com/variants/4347450-VAR1.jpg,True,"{""Size"": ""M""}"
1142,4347450,Size L,75.03,20,4347450-VAR2,https://images.example.com/variants/4347450-VAR2.jpg,True,"{""Size"": ""L""}"
1143,4350170,Standard Size,57.54,44,4350170-VAR1,https://images.example.com/variants/4350170-VAR1.jpg,True,"{""Size"": ""Standard""}"
1144,4350284,Standard Black,811.7,67,4350284-VAR1,https://images.example.com/variants/4350284-VAR1.jpg,True,"{""Color"": ""Black""}"
1145,4350284,Premium Silver,892.87,62,4350284-VAR2,https://images.example.com/variants/4350284-VAR2.jpg,True,"{""Color"": ""Silver""}"
1146,4363274,Standard Size,67.99,73,4363274-VAR1,https://images.example.com/variants/4363274-VAR1.jpg,True,"{""Size"": ""Standard""}"
1147,4365582,Paperback Edition,38.91,25,4365582-VAR1,https://images.example.com/variants/4365582-VAR1.jpg,True,"{""Format"": ""Paperback""}"
1148,4365582,Hardcover Special,42.8,27,4365582-VAR2,https://images.example.com/variants/4365582-VAR2.jpg,True,"{""Format"": ""Hardcover""}"
1149,4367881,Standard Black,13.78,79,4367881-VAR1,https://images.example.com/variants/4367881-VAR1.jpg,True,"{""Color"": ""Black""}"
1150,4367881,Premium Silver,15.16,32,4367881-VAR2,https://images.example.com/variants/4367881-VAR2.jpg,True,"{""Color"": ""Silver""}"
1151,4384782,Paperback Edition,21.7,65,4384782-VAR1,https://images.example.com/variants/4384782-VAR1.jpg,True,"{""Format"": ""Paperback""}"
1152,4384782,Hardcover Special,23.87,24,4384782-VAR2,https://images.example.com/variants/4384782-VAR2.jpg,True,"{""Format"": ""Hardcover""}"
1153,4385701,Standard Size,87.64,22,4385701-VAR1,https://images.example.com/variants/4385701-VAR1.jpg,True,"{""Size"": ""Standard""}"
1154,4390368,Standard Size,21.94,70,4390368-VAR1,https://images.example.com/variants/4390368-VAR1.jpg,True,"{""Size"": ""Standard""}"
1155,4399600,Standard Size,223.19,31,4399600-VAR1,https://images.example.com/variants/4399600-VAR1.jpg,True,"{""Size"": ""Standard""}"
1156,4399937,Standard Size,23.05,45,4399937-VAR1,https://images.example.com/variants/4399937-VAR1.jpg,True,"{""Size"": ""Standard""}"
1157,4404218,Paperback Edition,13.65,52,4404218-VAR1,https://images.example.com/variants/4404218-VAR1.jpg,True,"{""Format"": ""Paperback""}"
1158,4404218,Hardcover Special,15.02,48,4404218-VAR2,https://images.example.com/variants/4404218-VAR2.jpg,True,"{""Format"": ""Hardcover""}"
1159,4409034,Size M,69.04,55,4409034-VAR1,https://images.example.com/variants/4409034-VAR1.jpg,True,"{""Size"": ""M""}"
1160,4409034,Size L,69.04,65,4409034-VAR2,https://images.example.com/variants/4409034-VAR2.jpg,True,"{""Size"": ""L""}"
1161,4415159,Paperback Edition,24.23,56,4415159-VAR1,https://images.example.com/variants/4415159-VAR1.jpg,True,"{""Format"": ""Paperback""}"
1162,4415159,Hardcover Special,26.65,55,4415159-VAR2,https://images.example.com/variants/4415159-VAR2.jpg,True,"{""Format"": ""Hardcover""}"
1163,4416136,Standard Size,83.5,72,4416136-VAR1,https://images.example.com/variants/4416136-VAR1.jpg,True,"{""Size"": ""Standard""}"
1164,4429587,Standard Size,8.55,49,4429587-VAR1,https://images.example.com/variants/4429587-VAR1.jpg,True,"{""Size"": ""Standard""}"
1165,4435573,Paperback Edition,35.29,44,4435573-VAR1,https://images.example.com/variants/4435573-VAR1.jpg,True,"{""Format"": ""Paperback""}"
1166,4435573,Hardcover Special,38.82,24,4435573-VAR2,https://images.example.com/variants/4435573-VAR2.jpg,True,"{""Format"": ""Hardcover""}"
1167,4436021,Standard Size,17.32,40,4436021-VAR1,https://images.example.com/variants/4436021-VAR1.jpg,True,"{""Size"": ""Standard""}"
1168,4450718,Standard Size,19.5,32,4450718-VAR1,https://images.example.com/variants/4450718-VAR1.jpg,True,"{""Size"": ""Standard""}"
1169,4463332,Paperback Edition,33.94,28,4463332-VAR1,https://images.example.com/variants/4463332-VAR1.jpg,True,"{""Format"": ""Paperback""}"
1170,4463332,Hardcover Special,37.33,34,4463332-VAR2,https://images.example.com/variants/4463332-VAR2.jpg,True,"{""Format"": ""Hardcover""}"
1171,4466165,Size M,128.99,28,4466165-VAR1,https://images.example.com/variants/4466165-VAR1.jpg,True,"{""Size"": ""M""}"
1172,4466165,Size L,128.99,36,4466165-VAR2,https://images.example.com/variants/4466165-VAR2.jpg,True,"{""Size"": ""L""}"
1173,4474837,Size M,119.33,72,4474837-VAR1,https://images.example.com/variants/4474837-VAR1.jpg,True,"{""Size"": ""M""}"
1174,4474837,Size L,119.33,74,4474837-VAR2,https://images.example.com/variants/4474837-VAR2.jpg,True,"{""Size"": ""L""}"
1175,4486458,Standard Black,469.36,55,4486458-VAR1,https://images.example.com/variants/4486458-VAR1.jpg,True,"{""Color"": ""Black""}"
1176,4486458,Premium Silver,516.3,67,4486458-VAR2,https://images.example.com/variants/4486458-VAR2.jpg,True,"{""Color"": ""Silver""}"
1177,4489561,Paperback Edition,30.59,30,4489561-VAR1,https://images.example.com/variants/4489561-VAR1.jpg,True,"{""Format"": ""Paperback""}"
1178,4489561,Hardcover Special,33.65,60,4489561-VAR2,https://images.example.com/variants/4489561-VAR2.jpg,True,"{""Format"": ""Hardcover""}"
1179,4491836,Standard Size,62.4,41,4491836-VAR1,https://images.example.com/variants/4491836-VAR1.jpg,True,"{""Size"": ""Standard""}"
1180,4496731,Paperback Edition,32.51,72,4496731-VAR1,https://images.example.com/variants/4496731-VAR1.jpg,True,"{""Format"": ""Paperback""}"
1181,4496731,Hardcover Special,35.76,54,4496731-VAR2,https://images.example.com/variants/4496731-VAR2.jpg,True,"{""Format"": ""Hardcover""}"
1182,4510929,Standard Size,55.2,74,4510929-VAR1,https://images.example.com/variants/4510929-VAR1.jpg,True,"{""Size"": ""Standard""}"
1183,4520041,Standard Size,95.77,48,4520041-VAR1,https://images.example.com/variants/4520041-VAR1.jpg,True,"{""Size"": ""Standard""}"
1184,4523605,Size M,72.85,30,4523605-VAR1,https://images.example.com/variants/4523605-VAR1.jpg,True,"{""Size"": ""M""}"
1185,4523605,Size L,72.85,26,4523605-VAR2,https://images.example.com/variants/4523605-VAR2.jpg,True,"{""Size"": ""L""}"
1186,4532743,Size M,80.46,35,4532743-VAR1,https://images.example.com/variants/4532743-VAR1.jpg,True,"{""Size"": ""M""}"
1187,4532743,Size L,80.46,53,4532743-VAR2,https://images.example.com/variants/4532743-VAR2.jpg,True,"{""Size"": ""L""}"
1188,4538674,Standard Size,97.54,20,4538674-VAR1,https://images.example.com/variants/4538674-VAR1.jpg,True,"{""Size"": ""Standard""}"
1189,4546465,Size M,64.24,42,4546465-VAR1,https://images.example.com/variants/4546465-VAR1.jpg,True,"{""Size"": ""M""}"
1190,4546465,Size L,64.24,56,4546465-VAR2,https://images.example.com/variants/4546465-VAR2.jpg,True,"{""Size"": ""L""}"
1191,4551045,Standard Size,52.27,33,4551045-VAR1,https://images.example.com/variants/4551045-VAR1.jpg,True,"{""Size"": ""Standard""}"
1192,4563074,Standard Black,95.83,26,4563074-VAR1,https://images.example.com/variants/4563074-VAR1.jpg,True,"{""Color"": ""Black""}"
1193,4563074,Premium Silver,105.41,46,4563074-VAR2,https://images.example.com/variants/4563074-VAR2.jpg,True,"{""Color"": ""Silver""}"
1194,4565112,Size M,128.14,60,4565112-VAR1,https://images.example.com/variants/4565112-VAR1.jpg,True,"{""Size"": ""M""}"
1195,4565112,Size L,128.14,65,4565112-VAR2,https://images.example.com/variants/4565112-VAR2.jpg,True,"{""Size"": ""L""}"
1196,4570068,Standard Size,87.06,80,4570068-VAR1,https://images.example.com/variants/4570068-VAR1.jpg,True,"{""Size"": ""Standard""}"
1197,4585679,Size M,56.04,21,4585679-VAR1,https://images.example.com/variants/4585679-VAR1.jpg,True,"{""Size"": ""M""}"
1198,4585679,Size L,56.04,53,4585679-VAR2,https://images.example.com/variants/4585679-VAR2.jpg,True,"{""Size"": ""L""}"
1199,4593774,Paperback Edition,25.64,48,4593774-VAR1,https://images.example.com/variants/4593774-VAR1.jpg,True,"{""Format"": ""Paperback""}"
1200,4593774,Hardcover Special,28.2,37,4593774-VAR2,https://images.example.com/variants/4593774-VAR2.jpg,True,"{""Format"": ""Hardcover""}"
1201,4594051,Standard Black,739.55,18,4594051-VAR1,https://images.example.com/variants/4594051-VAR1.jpg,True,"{""Color"": ""Black""}"
1202,4594051,Premium Silver,813.5,66,4594051-VAR2,https://images.example.com/variants/4594051-VAR2.jpg,True,"{""Color"": ""Silver""}"
1203,4600407,Standard Size,85.01,72,4600407-VAR1,https://images.example.com/variants/4600407-VAR1.jpg,True,"{""Size"": ""Standard""}"
1204,4605369,Size M,20.37,46,4605369-VAR1,https://images.example.com/variants/4605369-VAR1.jpg,True,"{""Size"": ""M""}"
1205,4605369,Size L,20.37,27,4605369-VAR2,https://images.example.com/variants/4605369-VAR2.jpg,True,"{""Size"": ""L""}"
1206,4620686,Standard Size,194.3,74,4620686-VAR1,https://images.example.com/variants/4620686-VAR1.jpg,True,"{""Size"": ""Standard""}"
1207,4621425,Paperback Edition,13.42,28,4621425-VAR1,https://images.example.com/variants/4621425-VAR1.jpg,True,"{""Format"": ""Paperback""}"
1208,4621425,Hardcover Special,14.76,32,4621425-VAR2,https://images.example.com/variants/4621425-VAR2.jpg,True,"{""Format"": ""Hardcover""}"
1209,4637317,Size M,20.87,30,4637317-VAR1,https://images.example.com/variants/4637317-VAR1.jpg,True,"{""Size"": ""M""}"
1210,4637317,Size L,20.87,16,4637317-VAR2,https://images.example.com/variants/4637317-VAR2.jpg,True,"{""Size"": ""L""}"
1211,4643236,Standard Black,834.22,22,4643236-VAR1,https://images.example.com/variants/4643236-VAR1.jpg,True,"{""Color"": ""Black""}"
1212,4643236,Premium Silver,917.64,43,4643236-VAR2,https://images.example.com/variants/4643236-VAR2.jpg,True,"{""Color"": ""Silver""}"
1213,4648650,Paperback Edition,36.91,31,4648650-VAR1,https://images.example.com/variants/4648650-VAR1.jpg,True,"{""Format"": ""Paperback""}"
1214,4648650,Hardcover Special,40.6,40,4648650-VAR2,https://images.example.com/variants/4648650-VAR2.jpg,True,"{""Format"": ""Hardcover""}"
1215,4650889,Standard Black,147.88,66,4650889-VAR1,https://images.example.com/variants/4650889-VAR1.jpg,True,"{""Color"": ""Black""}"
1216,4650889,Premium Silver,162.67,62,4650889-VAR2,https://images.example.com/variants/4650889-VAR2.jpg,True,"{""Color"": ""Silver""}"
1217,4653155,Standard Size,40.15,25,4653155-VAR1,https://images.example.com/variants/4653155-VAR1.jpg,True,"{""Size"": ""Standard""}"
1218,4665048,Standard Size,496.71,48,4665048-VAR1,https://images.example.com/variants/4665048-VAR1.jpg,True,"{""Size"": ""Standard""}"
1219,4667522,Standard Size,26.11,24,4667522-VAR1,https://images.example.com/variants/4667522-VAR1.jpg,True,"{""Size"": ""Standard""}"
1220,4668260,Paperback Edition,36.92,17,4668260-VAR1,https://images.example.com/variants/4668260-VAR1.jpg,True,"{""Format"": ""Paperback""}"
1221,4668260,Hardcover Special,40.61,23,4668260-VAR2,https://images.example.com/variants/4668260-VAR2.jpg,True,"{""Format"": ""Hardcover""}"
1222,4678243,Size M,56.6,40,4678243-VAR1,https://images.example.com/variants/4678243-VAR1.jpg,True,"{""Size"": ""M""}"
1223,4678243,Size L,56.6,71,4678243-VAR2,https://images.example.com/variants/4678243-VAR2.jpg,True,"{""Size"": ""L""}"
1224,4681225,Standard Size,17.93,31,4681225-VAR1,https://images.example.com/variants/4681225-VAR1.jpg,True,"{""Size"": ""Standard""}"
1225,4692148,Standard Size,91.24,26,4692148-VAR1,https://images.example.com/variants/4692148-VAR1.jpg,True,"{""Size"": ""Standard""}"
1226,4693404,Standard Size,70.43,57,4693404-VAR1,https://images.example.com/variants/4693404-VAR1.jpg,True,"{""Size"": ""Standard""}"
1227,4694270,Size M,63.57,30,4694270-VAR1,https://images.example.com/variants/4694270-VAR1.jpg,True,"{""Size"": ""M""}"
1228,4694270,Size L,63.57,20,4694270-VAR2,https://images.example.com/variants/4694270-VAR2.jpg,True,"{""Size"": ""L""}"
1229,4694699,Size M,43.71,74,4694699-VAR1,https://images.example.com/variants/4694699-VAR1.jpg,True,"{""Size"": ""M""}"
1230,4694699,Size L,43.71,21,4694699-VAR2,https://images.example.com/variants/4694699-VAR2.jpg,True,"{""Size"": ""L""}"
1231,4695224,Standard Size,90.15,36,4695224-VAR1,https://images.example.com/variants/4695224-VAR1.jpg,True,"{""Size"": ""Standard""}"
1232,4697569,Standard Black,29.06,70,4697569-VAR1,https://images.example.com/variants/4697569-VAR1.jpg,True,"{""Color"": ""Black""}"
1233,4697569,Premium Silver,31.97,65,4697569-VAR2,https://images.example.com/variants/4697569-VAR2.jpg,True,"{""Color"": ""Silver""}"
1234,4702450,Standard Size,56.59,78,4702450-VAR1,https://images.example.com/variants/4702450-VAR1.jpg,True,"{""Size"": ""Standard""}"
1235,4702796,Standard Black,647.38,18,4702796-VAR1,https://images.example.com/variants/4702796-VAR1.jpg,True,"{""Color"": ""Black""}"
1236,4702796,Premium Silver,712.12,63,4702796-VAR2,https://images.example.com/variants/4702796-VAR2.jpg,True,"{""Color"": ""Silver""}"
1237,4705170,Standard Size,126.59,69,4705170-VAR1,https://images.example.com/variants/4705170-VAR1.jpg,True,"{""Size"": ""Standard""}"
1238,4706681,Standard Size,179.57,37,4706681-VAR1,https://images.example.com/variants/4706681-VAR1.jpg,True,"{""Size"": ""Standard""}"
1239,4708420,Paperback Edition,10.43,60,4708420-VAR1,https://images.example.com/variants/4708420-VAR1.jpg,True,"{""Format"": ""Paperback""}"
1240,4708420,Hardcover Special,11.47,42,4708420-VAR2,https://images.example.com/variants/4708420-VAR2.jpg,True,"{""Format"": ""Hardcover""}"
1241,4718062,Standard Size,347.72,38,4718062-VAR1,https://images.example.com/variants/4718062-VAR1.jpg,True,"{""Size"": ""Standard""}"
1242,4727640,Standard Size,271.53,50,4727640-VAR1,https://images.example.com/variants/4727640-VAR1.jpg,True,"{""Size"": ""Standard""}"
1243,4737773,Size M,68.55,50,4737773-VAR1,https://images.example.com/variants/4737773-VAR1.jpg,True,"{""Size"": ""M""}"
1244,4737773,Size L,68.55,72,4737773-VAR2,https://images.example.com/variants/4737773-VAR2.jpg,True,"{""Size"": ""L""}"
1245,4762058,Standard Size,61.09,34,4762058-VAR1,https://images.example.com/variants/4762058-VAR1.jpg,True,"{""Size"": ""Standard""}"
1246,4771223,Standard Size,64.4,19,4771223-VAR1,https://images.example.com/variants/4771223-VAR1.jpg,True,"{""Size"": ""Standard""}"
1247,4787032,Standard Size,27.74,46,4787032-VAR1,https://images.example.com/variants/4787032-VAR1.jpg,True,"{""Size"": ""Standard""}"
1248,4787441,Standard Black,32.38,52,4787441-VAR1,https://images.example.com/variants/4787441-VAR1.jpg,True,"{""Color"": ""Black""}"
1249,4787441,Premium Silver,35.62,78,4787441-VAR2,https://images.example.com/variants/4787441-VAR2.jpg,True,"{""Color"": ""Silver""}"
1250,4790721,Paperback Edition,27.44,67,4790721-VAR1,https://images.example.com/variants/4790721-VAR1.jpg,True,"{""Format"": ""Paperback""}"
1251,4790721,Hardcover Special,30.18,76,4790721-VAR2,https://images.example.com/variants/4790721-VAR2.jpg,True,"{""Format"": ""Hardcover""}"
1252,4804194,Standard Size,58.64,22,4804194-VAR1,https://images.example.com/variants/4804194-VAR1.jpg,True,"{""Size"": ""Standard""}"
1253,4804351,Size M,57.52,26,4804351-VAR1,https://images.example.com/variants/4804351-VAR1.jpg,True,"{""Size"": ""M""}"
1254,4804351,Size L,57.52,50,4804351-VAR2,https://images.example.com/variants/4804351-VAR2.jpg,True,"{""Size"": ""L""}"
1255,4807503,Paperback Edition,24.7,64,4807503-VAR1,https://images.example.com/variants/4807503-VAR1.jpg,True,"{""Format"": ""Paperback""}"
1256,4807503,Hardcover Special,27.17,32,4807503-VAR2,https://images.example.com/variants/4807503-VAR2.jpg,True,"{""Format"": ""Hardcover""}"
1257,4809668,Standard Size,11.36,68,4809668-VAR1,https://images.example.com/variants/4809668-VAR1.jpg,True,"{""Size"": ""Standard""}"
1258,4811639,Paperback Edition,25.32,40,4811639-VAR1,https://images.example.com/variants/4811639-VAR1.jpg,True,"{""Format"": ""Paperback""}"
1259,4811639,Hardcover Special,27.85,46,4811639-VAR2,https://images.example.com/variants/4811639-VAR2.jpg,True,"{""Format"": ""Hardcover""}"
1260,4828082,Standard Size,57.09,17,4828082-VAR1,https://images.example.com/variants/4828082-VAR1.jpg,True,"{""Size"": ""Standard""}"
1261,4830088,Paperback Edition,35.2,63,4830088-VAR1,https://images.example.com/variants/4830088-VAR1.jpg,True,"{""Format"": ""Paperback""}"
1262,4830088,Hardcover Special,38.72,60,4830088-VAR2,https://images.example.com/variants/4830088-VAR2.jpg,True,"{""Format"": ""Hardcover""}"
1263,4831634,Standard Size,64.75,76,4831634-VAR1,https://images.example.com/variants/4831634-VAR1.jpg,True,"{""Size"": ""Standard""}"
1264,4833855,Standard Black,328.03,77,4833855-VAR1,https://images.example.com/variants/4833855-VAR1.jpg,True,"{""Color"": ""Black""}"
1265,4833855,Premium Silver,360.83,59,4833855-VAR2,https://images.example.com/variants/4833855-VAR2.jpg,True,"{""Color"": ""Silver""}"
1266,4837185,Standard Size,38.57,79,4837185-VAR1,https://images.example.com/variants/4837185-VAR1.jpg,True,"{""Size"": ""Standard""}"
1267,4845655,Standard Size,37.41,56,4845655-VAR1,https://images.example.com/variants/4845655-VAR1.jpg,True,"{""Size"": ""Standard""}"
1268,4856500,Standard Size,66.77,64,4856500-VAR1,https://images.example.com/variants/4856500-VAR1.jpg,True,"{""Size"": ""Standard""}"
1269,4856750,Size M,124.87,49,4856750-VAR1,https://images.example.com/variants/4856750-VAR1.jpg,True,"{""Size"": ""M""}"
1270,4856750,Size L,124.87,38,4856750-VAR2,https://images.example.com/variants/4856750-VAR2.jpg,True,"{""Size"": ""L""}"
1271,4863008,Standard Size,397.05,18,4863008-VAR1,https://images.example.com/variants/4863008-VAR1.jpg,True,"{""Size"": ""Standard""}"
1272,4863117,Standard Size,98.58,55,4863117-VAR1,https://images.example.com/variants/4863117-VAR1.jpg,True,"{""Size"": ""Standard""}"
1273,4875298,Paperback Edition,19.16,43,4875298-VAR1,https://images.example.com/variants/4875298-VAR1.jpg,True,"{""Format"": ""Paperback""}"
1274,4875298,Hardcover Special,21.08,18,4875298-VAR2,https://images.example.com/variants/4875298-VAR2.jpg,True,"{""Format"": ""Hardcover""}"
1275,4878108,Size M,26.21,50,4878108-VAR1,https://images.example.com/variants/4878108-VAR1.jpg,True,"{""Size"": ""M""}"
1276,4878108,Size L,26.21,22,4878108-VAR2,https://images.example.com/variants/4878108-VAR2.jpg,True,"{""Size"": ""L""}"
1277,4886353,Size M,44.74,75,4886353-VAR1,https://images.example.com/variants/4886353-VAR1.jpg,True,"{""Size"": ""M""}"
1278,4886353,Size L,44.74,60,4886353-VAR2,https://images.example.com/variants/4886353-VAR2.jpg,True,"{""Size"": ""L""}"
1279,4888516,Size M,92.64,44,4888516-VAR1,https://images.example.com/variants/4888516-VAR1.jpg,True,"{""Size"": ""M""}"
1280,4888516,Size L,92.64,35,4888516-VAR2,https://images.example.com/variants/4888516-VAR2.jpg,True,"{""Size"": ""L""}"
1281,4891581,Size M,66.94,27,4891581-VAR1,https://images.example.com/variants/4891581-VAR1.jpg,True,"{""Size"": ""M""}"
1282,4891581,Size L,66.94,46,4891581-VAR2,https://images.example.com/variants/4891581-VAR2.jpg,True,"{""Size"": ""L""}"
1283,4895295,Paperback Edition,30.48,45,4895295-VAR1,https://images.example.com/variants/4895295-VAR1.jpg,True,"{""Format"": ""Paperback""}"
1284,4895295,Hardcover Special,33.53,49,4895295-VAR2,https://images.example.com/variants/4895295-VAR2.jpg,True,"{""Format"": ""Hardcover""}"
1285,4907087,Standard Size,8.48,22,4907087-VAR1,https://images.example.com/variants/4907087-VAR1.jpg,True,"{""Size"": ""Standard""}"
1286,4907953,Standard Size,9.12,43,4907953-VAR1,https://images.example.com/variants/4907953-VAR1.jpg,True,"{""Size"": ""Standard""}"
1287,4923282,Standard Size,88.26,64,4923282-VAR1,https://images.example.com/variants/4923282-VAR1.jpg,True,"{""Size"": ""Standard""}"
1288,4923510,Standard Size,471.08,60,4923510-VAR1,https://images.example.com/variants/4923510-VAR1.jpg,True,"{""Size"": ""Standard""}"
1289,4932938,Standard Size,42.43,37,4932938-VAR1,https://images.example.com/variants/4932938-VAR1.jpg,True,"{""Size"": ""Standard""}"
1290,4937498,Standard Black,525.59,37,4937498-VAR1,https://images.example.com/variants/4937498-VAR1.jpg,True,"{""Color"": ""Black""}"
1291,4937498,Premium Silver,578.15,45,4937498-VAR2,https://images.example.com/variants/4937498-VAR2.jpg,True,"{""Color"": ""Silver""}"
1292,4945426,Paperback Edition,31.6,55,4945426-VAR1,https://images.example.com/variants/4945426-VAR1.jpg,True,"{""Format"": ""Paperback""}"
1293,4945426,Hardcover Special,34.76,60,4945426-VAR2,https://images.example.com/variants/4945426-VAR2.jpg,True,"{""Format"": ""Hardcover""}"
1294,4945859,Standard Size,31.89,18,4945859-VAR1,https://images.example.com/variants/4945859-VAR1.jpg,True,"{""Size"": ""Standard""}"
1295,4947400,Size M,70.41,60,4947400-VAR1,https://images.example.com/variants/4947400-VAR1.jpg,True,"{""Size"": ""M""}"
1296,4947400,Size L,70.41,33,4947400-VAR2,https://images.example.com/variants/4947400-VAR2.jpg,True,"{""Size"": ""L""}"
1297,4956419,Standard Size,194.48,39,4956419-VAR1,https://images.example.com/variants/4956419-VAR1.jpg,True,"{""Size"": ""Standard""}"
1298,4956559,Size M,88.06,78,4956559-VAR1,https://images.example.com/variants/4956559-VAR1.jpg,True,"{""Size"": ""M""}"
1299,4956559,Size L,88.06,54,4956559-VAR2,https://images.example.com/variants/4956559-VAR2.jpg,True,"{""Size"": ""L""}"
1300,4960832,Standard Size,74.87,37,4960832-VAR1,https://images.example.com/variants/4960832-VAR1.jpg,True,"{""Size"": ""Standard""}"
1301,4966509,Standard Size,36.87,77,4966509-VAR1,https://images.example.com/variants/4966509-VAR1.jpg,True,"{""Size"": ""Standard""}"
1302,4975718,Standard Black,51.64,19,4975718-VAR1,https://images.example.com/variants/4975718-VAR1.jpg,True,"{""Color"": ""Black""}"
1303,4975718,Premium Silver,56.8,26,4975718-VAR2,https://images.example.com/variants/4975718-VAR2.jpg,True,"{""Color"": ""Silver""}"
1304,4997111,Standard Size,233.92,22,4997111-VAR1,https://images.example.com/variants/4997111-VAR1.jpg,True,"{""Size"": ""Standard""}"
1305,5008017,Standard Size,30.07,44,5008017-VAR1,https://images.example.com/variants/5008017-VAR1.jpg,True,"{""Size"": ""Standard""}"
1306,5021781,Standard Black,753.65,43,5021781-VAR1,https://images.example.com/variants/5021781-VAR1.jpg,True,"{""Color"": ""Black""}"
1307,5021781,Premium Silver,829.01,17,5021781-VAR2,https://images.example.com/variants/5021781-VAR2.jpg,True,"{""Color"": ""Silver""}"
1308,5026955,Standard Black,45.48,76,5026955-VAR1,https://images.example.com/variants/5026955-VAR1.jpg,True,"{""Color"": ""Black""}"
1309,5026955,Premium Silver,50.03,15,5026955-VAR2,https://images.example.com/variants/5026955-VAR2.jpg,True,"{""Color"": ""Silver""}"
1310,5039692,Standard Black,590.38,57,5039692-VAR1,https://images.example.com/variants/5039692-VAR1.jpg,True,"{""Color"": ""Black""}"
1311,5039692,Premium Silver,649.42,40,5039692-VAR2,https://images.example.com/variants/5039692-VAR2.jpg,True,"{""Color"": ""Silver""}"
1312,5045806,Standard Size,14.64,31,5045806-VAR1,https://images.example.com/variants/5045806-VAR1.jpg,True,"{""Size"": ""Standard""}"
1313,5049477,Standard Size,67.13,58,5049477-VAR1,https://images.example.com/variants/5049477-VAR1.jpg,True,"{""Size"": ""Standard""}"
1314,5050528,Standard Size,266.84,37,5050528-VAR1,https://images.example.com/variants/5050528-VAR1.jpg,True,"{""Size"": ""Standard""}"
1315,5059698,Size M,42.27,56,5059698-VAR1,https://images.example.com/variants/5059698-VAR1.jpg,True,"{""Size"": ""M""}"
1316,5059698,Size L,42.27,22,5059698-VAR2,https://images.example.com/variants/5059698-VAR2.jpg,True,"{""Size"": ""L""}"
1317,5066294,Standard Size,266.0,17,5066294-VAR1,https://images.example.com/variants/5066294-VAR1.jpg,True,"{""Size"": ""Standard""}"
1318,5066336,Standard Black,8.98,33,5066336-VAR1,https://images.example.com/variants/5066336-VAR1.jpg,True,"{""Color"": ""Black""}"
1319,5066336,Premium Silver,9.88,33,5066336-VAR2,https://images.example.com/variants/5066336-VAR2.jpg,True,"{""Color"": ""Silver""}"
1320,5073692,Standard Size,62.8,29,5073692-VAR1,https://images.example.com/variants/5073692-VAR1.jpg,True,"{""Size"": ""Standard""}"
1321,5075315,Paperback Edition,17.24,61,5075315-VAR1,https://images.example.com/variants/5075315-VAR1.jpg,True,"{""Format"": ""Paperback""}"
1322,5075315,Hardcover Special,18.96,24,5075315-VAR2,https://images.example.com/variants/5075315-VAR2.jpg,True,"{""Format"": ""Hardcover""}"
1323,5080819,Standard Size,12.05,62,5080819-VAR1,https://images.example.com/variants/5080819-VAR1.jpg,True,"{""Size"": ""Standard""}"
1324,5086624,Standard Size,250.2,65,5086624-VAR1,https://images.example.com/variants/5086624-VAR1.jpg,True,"{""Size"": ""Standard""}"
1325,5099233,Paperback Edition,33.03,27,5099233-VAR1,https://images.example.com/variants/5099233-VAR1.jpg,True,"{""Format"": ""Paperback""}"
1326,5099233,Hardcover Special,36.33,58,5099233-VAR2,https://images.example.com/variants/5099233-VAR2.jpg,True,"{""Format"": ""Hardcover""}"
1327,5105481,Standard Size,20.04,53,5105481-VAR1,https://images.example.com/variants/5105481-VAR1.jpg,True,"{""Size"": ""Standard""}"
1328,5108025,Paperback Edition,13.28,56,5108025-VAR1,https://images.example.com/variants/5108025-VAR1.jpg,True,"{""Format"": ""Paperback""}"
1329,5108025,Hardcover Special,14.61,32,5108025-VAR2,https://images.example.com/variants/5108025-VAR2.jpg,True,"{""Format"": ""Hardcover""}"
1330,5110323,Paperback Edition,29.34,35,5110323-VAR1,https://images.example.com/variants/5110323-VAR1.jpg,True,"{""Format"": ""Paperback""}"
1331,5110323,Hardcover Special,32.27,70,5110323-VAR2,https://images.example.com/variants/5110323-VAR2.jpg,True,"{""Format"": ""Hardcover""}"
1332,5119588,Size M,43.83,77,5119588-VAR1,https://images.example.com/variants/5119588-VAR1.jpg,True,"{""Size"": ""M""}"
1333,5119588,Size L,43.83,55,5119588-VAR2,https://images.example.com/variants/5119588-VAR2.jpg,True,"{""Size"": ""L""}"
1334,5122024,Size M,30.1,37,5122024-VAR1,https://images.example.com/variants/5122024-VAR1.jpg,True,"{""Size"": ""M""}"
1335,5122024,Size L,30.1,60,5122024-VAR2,https://images.example.com/variants/5122024-VAR2.jpg,True,"{""Size"": ""L""}"
1336,5122971,Standard Black,39.43,43,5122971-VAR1,https://images.example.com/variants/5122971-VAR1.jpg,True,"{""Color"": ""Black""}"
1337,5122971,Premium Silver,43.37,37,5122971-VAR2,https://images.example.com/variants/5122971-VAR2.jpg,True,"{""Color"": ""Silver""}"
1338,5126434,Standard Black,953.57,63,5126434-VAR1,https://images.example.com/variants/5126434-VAR1.jpg,True,"{""Color"": ""Black""}"
1339,5126434,Premium Silver,1048.93,54,5126434-VAR2,https://images.example.com/variants/5126434-VAR2.jpg,True,"{""Color"": ""Silver""}"
1340,5134300,Standard Size,333.53,52,5134300-VAR1,https://images.example.com/variants/5134300-VAR1.jpg,True,"{""Size"": ""Standard""}"
1341,5141627,Standard Size,47.29,31,5141627-VAR1,https://images.example.com/variants/5141627-VAR1.jpg,True,"{""Size"": ""Standard""}"
1342,5149910,Standard Size,235.87,37,5149910-VAR1,https://images.example.com/variants/5149910-VAR1.jpg,True,"{""Size"": ""Standard""}"
1343,5152824,Paperback Edition,26.22,15,5152824-VAR1,https://images.example.com/variants/5152824-VAR1.jpg,True,"{""Format"": ""Paperback""}"
1344,5152824,Hardcover Special,28.84,65,5152824-VAR2,https://images.example.com/variants/5152824-VAR2.jpg,True,"{""Format"": ""Hardcover""}"
